run_id,recorded_at,snapshot_ts_utc,poll_window_start_utc,poll_window_end_utc,mode,status,source,source_path,output_path,output_rel_path,file_size_bytes,sha256,notes
alerts_sidecar_20260317T203007Z,2026-03-17T20:30:07Z,2026-03-17T20:30:07Z,2026-03-17T20:30:00Z,2026-03-17T21:00:00Z,test,ok_test_mode,latest_local_snapshot,/Users/om-college/Work/2 Canada/York/Winter26/DataViz/Project/eda/gtfsrt_eda_outputs/raw/alerts_20260311T073525Z.pb,/Users/om-college/Work/2 Canada/York/Winter26/DataViz/Project/ttc_pulse/alerts/raw_snapshots/alerts_20260317T203007Z.pb,alerts/raw_snapshots/alerts_20260317T203007Z.pb,7462,b299baeeb51856d727c87539ae32f5887e6569564f3d0a20f0c974de4e2d3648,
alerts_sidecar_20260317T213822Z,2026-03-17T21:38:23Z,2026-03-17T21:38:22Z,2026-03-17T21:30:00Z,2026-03-17T22:00:00Z,live,ok,live_endpoint,,/Users/om-college/Work/2 Canada/York/Winter26/DataViz/Project/ttc_pulse/alerts/raw_snapshots/alerts_20260317T213822Z.pb,alerts/raw_snapshots/alerts_20260317T213822Z.pb,6758,2ce6532cb9d74370dce8729762c7a02bd555128932b620dec22894da779cf45d,
alerts_sidecar_20260323T015030Z,2026-03-23T01:50:30Z,2026-03-23T01:50:30Z,2026-03-23T01:30:00Z,2026-03-23T02:00:00Z,test,ok_test_mode,latest_local_snapshot,/Users/om-college/Work/2 Canada/York/Winter26/DataViz/Project/ttc_pulse/alerts/raw_snapshots/alerts_20260317T213822Z.pb,/Users/om-college/Work/2 Canada/York/Winter26/DataViz/Project/ttc_pulse/alerts/raw_snapshots/alerts_20260323T015030Z.pb,alerts/raw_snapshots/alerts_20260323T015030Z.pb,6758,2ce6532cb9d74370dce8729762c7a02bd555128932b620dec22894da779cf45d,
alerts_sidecar_20260323T042630Z,2026-03-23T04:26:30Z,2026-03-23T04:26:30Z,2026-03-23T04:00:00Z,2026-03-23T04:30:00Z,live,ok,live_endpoint,,/Users/om-college/Work/2 Canada/York/Winter26/DataViz/Project/ttc_pulse/alerts/raw_snapshots/alerts_20260323T042630Z.pb,alerts/raw_snapshots/alerts_20260323T042630Z.pb,2228,dae7cf4dae1501245d6d672ace4c61992ea48cf3fadef2f1a8bd86fd5ac2e691,
alerts_sidecar_20260323T044357Z,2026-03-23T04:43:57Z,2026-03-23T04:43:57Z,2026-03-23T04:30:00Z,2026-03-23T05:00:00Z,live,ok,live_endpoint,,/Users/om-college/Work/2 Canada/York/Winter26/DataViz/Project/ttc_pulse/alerts/raw_snapshots/alerts_20260323T044357Z.pb,alerts/raw_snapshots/alerts_20260323T044357Z.pb,2228,f065232b262e4360c5074ff647546e07b306241ec1439b9d6305fe8b61be6df1,
alerts_sidecar_20260323T044438Z,2026-03-23T04:44:39Z,2026-03-23T04:44:38Z,2026-03-23T04:30:00Z,2026-03-23T05:00:00Z,live,ok,live_endpoint,,/Users/om-college/Work/2 Canada/York/Winter26/DataViz/Project/ttc_pulse/alerts/raw_snapshots/alerts_20260323T044438Z.pb,alerts/raw_snapshots/alerts_20260323T044438Z.pb,2228,a441aaa7d1d47eede06dc4746813b0011bab33c1361713e2992eab1ea68c13ef,
alerts_sidecar_20260323T051358Z,2026-03-23T05:13:58Z,2026-03-23T05:13:58Z,2026-03-23T05:00:00Z,2026-03-23T05:30:00Z,live,ok,live_endpoint,,/Users/om-college/Work/2 Canada/York/Winter26/DataViz/Project/ttc_pulse/alerts/raw_snapshots/alerts_20260323T051358Z.pb,alerts/raw_snapshots/alerts_20260323T051358Z.pb,2067,1b51603e223d5787bc693a92dfe1d726a829c772861a4bcbd3b176e0537e051c,
alerts_sidecar_20260323T054358Z,2026-03-23T05:43:58Z,2026-03-23T05:43:58Z,2026-03-23T05:30:00Z,2026-03-23T06:00:00Z,live,ok,live_endpoint,,/Users/om-college/Work/2 Canada/York/Winter26/DataViz/Project/ttc_pulse/alerts/raw_snapshots/alerts_20260323T054358Z.pb,alerts/raw_snapshots/alerts_20260323T054358Z.pb,2067,7d9206391ad83f6516b9cba171dacc7f04e8dad904780ed0443924ed5b4d690e,
alerts_sidecar_20260323T061359Z,2026-03-23T06:13:59Z,2026-03-23T06:13:59Z,2026-03-23T06:00:00Z,2026-03-23T06:30:00Z,live,ok,live_endpoint,,/Users/om-college/Work/2 Canada/York/Winter26/DataViz/Project/ttc_pulse/alerts/raw_snapshots/alerts_20260323T061359Z.pb,alerts/raw_snapshots/alerts_20260323T061359Z.pb,2418,8c9e2324231c4dbe9957522e8d1551cb85854a33d46aabff54d4658877af56ac,
alerts_sidecar_20260323T064400Z,2026-03-23T06:44:00Z,2026-03-23T06:44:00Z,2026-03-23T06:30:00Z,2026-03-23T07:00:00Z,live,ok,live_endpoint,,/Users/om-college/Work/2 Canada/York/Winter26/DataViz/Project/ttc_pulse/alerts/raw_snapshots/alerts_20260323T064400Z.pb,alerts/raw_snapshots/alerts_20260323T064400Z.pb,2418,d217a4c92045b6083d2efe15e42679a0a1161647d023ac88491845197efdaeda,
alerts_sidecar_20260323T071400Z,2026-03-23T07:14:01Z,2026-03-23T07:14:00Z,2026-03-23T07:00:00Z,2026-03-23T07:30:00Z,live,ok,live_endpoint,,/Users/om-college/Work/2 Canada/York/Winter26/DataViz/Project/ttc_pulse/alerts/raw_snapshots/alerts_20260323T071400Z.pb,alerts/raw_snapshots/alerts_20260323T071400Z.pb,2067,95f4850701644627adb74142bab0daf90c8e26592efc77ab963eac3a8a69c908,
alerts_sidecar_20260323T074401Z,2026-03-23T07:44:01Z,2026-03-23T07:44:01Z,2026-03-23T07:30:00Z,2026-03-23T08:00:00Z,live,ok,live_endpoint,,/Users/om-college/Work/2 Canada/York/Winter26/DataViz/Project/ttc_pulse/alerts/raw_snapshots/alerts_20260323T074401Z.pb,alerts/raw_snapshots/alerts_20260323T074401Z.pb,982,03d40757a07d7101d39aef5f019fc3f0f6183f0bd29c9e131a8176854444e595,
alerts_sidecar_20260323T081401Z,2026-03-23T08:14:02Z,2026-03-23T08:14:01Z,2026-03-23T08:00:00Z,2026-03-23T08:30:00Z,live,ok,live_endpoint,,/Users/om-college/Work/2 Canada/York/Winter26/DataViz/Project/ttc_pulse/alerts/raw_snapshots/alerts_20260323T081401Z.pb,alerts/raw_snapshots/alerts_20260323T081401Z.pb,982,8ff4d085cccf859ba3e6b2ff4602caad78cc1499e8cdead66108856ae6f13a33,
alerts_sidecar_20260323T084402Z,2026-03-23T08:44:02Z,2026-03-23T08:44:02Z,2026-03-23T08:30:00Z,2026-03-23T09:00:00Z,live,ok,live_endpoint,,/Users/om-college/Work/2 Canada/York/Winter26/DataViz/Project/ttc_pulse/alerts/raw_snapshots/alerts_20260323T084402Z.pb,alerts/raw_snapshots/alerts_20260323T084402Z.pb,982,e333a4e8d7af179227b2d75574cde8e52d10ac6f3e7857c17b882935c04dc2b2,
alerts_sidecar_20260323T091403Z,2026-03-23T09:14:03Z,2026-03-23T09:14:03Z,2026-03-23T09:00:00Z,2026-03-23T09:30:00Z,live,ok,live_endpoint,,/Users/om-college/Work/2 Canada/York/Winter26/DataViz/Project/ttc_pulse/alerts/raw_snapshots/alerts_20260323T091403Z.pb,alerts/raw_snapshots/alerts_20260323T091403Z.pb,982,3620e8646e7a863ebad2d4e869c739811872641e32c609c7e1dc781342b08c3d,
alerts_sidecar_20260323T094403Z,2026-03-23T09:44:03Z,2026-03-23T09:44:03Z,2026-03-23T09:30:00Z,2026-03-23T10:00:00Z,live,ok,live_endpoint,,/Users/om-college/Work/2 Canada/York/Winter26/DataViz/Project/ttc_pulse/alerts/raw_snapshots/alerts_20260323T094403Z.pb,alerts/raw_snapshots/alerts_20260323T094403Z.pb,982,c8547ad9b6f5cf2481db3c1de7fb4a8c0c6828a734cc7b321879084f5f166d22,
alerts_sidecar_20260323T101404Z,2026-03-23T10:14:04Z,2026-03-23T10:14:04Z,2026-03-23T10:00:00Z,2026-03-23T10:30:00Z,live,ok,live_endpoint,,/Users/om-college/Work/2 Canada/York/Winter26/DataViz/Project/ttc_pulse/alerts/raw_snapshots/alerts_20260323T101404Z.pb,alerts/raw_snapshots/alerts_20260323T101404Z.pb,982,f3c560ead58493e10965f8d1aa1d724991da9887ce65e2808f61ec8e8186de9c,
alerts_sidecar_20260323T104405Z,2026-03-23T10:44:05Z,2026-03-23T10:44:05Z,2026-03-23T10:30:00Z,2026-03-23T11:00:00Z,live,ok,live_endpoint,,/Users/om-college/Work/2 Canada/York/Winter26/DataViz/Project/ttc_pulse/alerts/raw_snapshots/alerts_20260323T104405Z.pb,alerts/raw_snapshots/alerts_20260323T104405Z.pb,982,86f874a2cbc7711499479e8051f94cd425d8066a0f866678431f2ab6fa5633bc,
alerts_sidecar_20260323T111405Z,2026-03-23T11:14:05Z,2026-03-23T11:14:05Z,2026-03-23T11:00:00Z,2026-03-23T11:30:00Z,live,ok,live_endpoint,,/Users/om-college/Work/2 Canada/York/Winter26/DataViz/Project/ttc_pulse/alerts/raw_snapshots/alerts_20260323T111405Z.pb,alerts/raw_snapshots/alerts_20260323T111405Z.pb,982,4dd26033f757369a6e2d124be3328736299de90bf6e4784e1ede6bd50654ca75,
alerts_sidecar_20260323T114406Z,2026-03-23T11:44:06Z,2026-03-23T11:44:06Z,2026-03-23T11:30:00Z,2026-03-23T12:00:00Z,live,ok,live_endpoint,,/Users/om-college/Work/2 Canada/York/Winter26/DataViz/Project/ttc_pulse/alerts/raw_snapshots/alerts_20260323T114406Z.pb,alerts/raw_snapshots/alerts_20260323T114406Z.pb,1325,5562594916d99be0738afdc36ffaf5ab617824c0bf3b00df98ec7ddecee9b27a,
alerts_sidecar_20260323T121406Z,2026-03-23T12:14:06Z,2026-03-23T12:14:06Z,2026-03-23T12:00:00Z,2026-03-23T12:30:00Z,live,ok,live_endpoint,,/Users/om-college/Work/2 Canada/York/Winter26/DataViz/Project/ttc_pulse/alerts/raw_snapshots/alerts_20260323T121406Z.pb,alerts/raw_snapshots/alerts_20260323T121406Z.pb,1325,75672ba9e601d2946fec40fc19f2dbfae42e5a24c9305703324184d0f97e5a17,
alerts_sidecar_20260323T124407Z,2026-03-23T12:44:07Z,2026-03-23T12:44:07Z,2026-03-23T12:30:00Z,2026-03-23T13:00:00Z,live,ok,live_endpoint,,/Users/om-college/Work/2 Canada/York/Winter26/DataViz/Project/ttc_pulse/alerts/raw_snapshots/alerts_20260323T124407Z.pb,alerts/raw_snapshots/alerts_20260323T124407Z.pb,1537,a4150b411a6a5d4c7edf44b8d0a07072501fd7a5e7f3102d5844218e5a9f23c9,
alerts_sidecar_20260323T131408Z,2026-03-23T13:14:08Z,2026-03-23T13:14:08Z,2026-03-23T13:00:00Z,2026-03-23T13:30:00Z,live,ok,live_endpoint,,/Users/om-college/Work/2 Canada/York/Winter26/DataViz/Project/ttc_pulse/alerts/raw_snapshots/alerts_20260323T131408Z.pb,alerts/raw_snapshots/alerts_20260323T131408Z.pb,1325,c549f0c012f48bf1f9e4213346c5dfe2efa39f8b01849ae73a3a4f78087ccec4,
alerts_sidecar_20260323T134408Z,2026-03-23T13:44:08Z,2026-03-23T13:44:08Z,2026-03-23T13:30:00Z,2026-03-23T14:00:00Z,live,ok,live_endpoint,,/Users/om-college/Work/2 Canada/York/Winter26/DataViz/Project/ttc_pulse/alerts/raw_snapshots/alerts_20260323T134408Z.pb,alerts/raw_snapshots/alerts_20260323T134408Z.pb,2033,07eec019387e3091f5df84f2e740ec573648809cf4547bbe6682a87e2cd3e9d9,
alerts_sidecar_20260323T141409Z,2026-03-23T14:14:09Z,2026-03-23T14:14:09Z,2026-03-23T14:00:00Z,2026-03-23T14:30:00Z,live,ok,live_endpoint,,/Users/om-college/Work/2 Canada/York/Winter26/DataViz/Project/ttc_pulse/alerts/raw_snapshots/alerts_20260323T141409Z.pb,alerts/raw_snapshots/alerts_20260323T141409Z.pb,2268,a3b083e0d127e3eac9e6a908914ea03e3aab9bb1e208034aedcde2705f96dde8,
alerts_sidecar_20260323T144409Z,2026-03-23T14:44:09Z,2026-03-23T14:44:09Z,2026-03-23T14:30:00Z,2026-03-23T15:00:00Z,live,ok,live_endpoint,,/Users/om-college/Work/2 Canada/York/Winter26/DataViz/Project/ttc_pulse/alerts/raw_snapshots/alerts_20260323T144409Z.pb,alerts/raw_snapshots/alerts_20260323T144409Z.pb,1979,18fb4a735d418b917bccc090d32fb0cae8a75b0191abfb1a39978db81655f76f,
alerts_sidecar_20260323T151410Z,2026-03-23T15:14:10Z,2026-03-23T15:14:10Z,2026-03-23T15:00:00Z,2026-03-23T15:30:00Z,live,ok,live_endpoint,,/Users/om-college/Work/2 Canada/York/Winter26/DataViz/Project/ttc_pulse/alerts/raw_snapshots/alerts_20260323T151410Z.pb,alerts/raw_snapshots/alerts_20260323T151410Z.pb,1556,370d90d6db5854d5fe53435faea0631bd7131511deafd5cecbefdb49c65e1a5d,
alerts_sidecar_20260323T154410Z,2026-03-23T15:44:11Z,2026-03-23T15:44:10Z,2026-03-23T15:30:00Z,2026-03-23T16:00:00Z,live,ok,live_endpoint,,/Users/om-college/Work/2 Canada/York/Winter26/DataViz/Project/ttc_pulse/alerts/raw_snapshots/alerts_20260323T154410Z.pb,alerts/raw_snapshots/alerts_20260323T154410Z.pb,1750,6843f05323854a896cb0acd2f7d0b02024386b1594cb99af6a5c14a59300abbb,
alerts_sidecar_20260323T161411Z,2026-03-23T16:14:11Z,2026-03-23T16:14:11Z,2026-03-23T16:00:00Z,2026-03-23T16:30:00Z,live,ok,live_endpoint,,/Users/om-college/Work/2 Canada/York/Winter26/DataViz/Project/ttc_pulse/alerts/raw_snapshots/alerts_20260323T161411Z.pb,alerts/raw_snapshots/alerts_20260323T161411Z.pb,1556,8cce21e7236a0f8a1e0eec351c96fe6aa87a84e3644703336c2e7ef8271d72ab,
alerts_sidecar_20260323T164412Z,2026-03-23T16:44:12Z,2026-03-23T16:44:12Z,2026-03-23T16:30:00Z,2026-03-23T17:00:00Z,live,ok,live_endpoint,,/Users/om-college/Work/2 Canada/York/Winter26/DataViz/Project/ttc_pulse/alerts/raw_snapshots/alerts_20260323T164412Z.pb,alerts/raw_snapshots/alerts_20260323T164412Z.pb,1556,fa2c01b6c469342d00883f3b9ca4a6f84eaea450c28812fd9c3f3132c684fa65,
alerts_sidecar_20260323T171412Z,2026-03-23T17:14:12Z,2026-03-23T17:14:12Z,2026-03-23T17:00:00Z,2026-03-23T17:30:00Z,live,ok,live_endpoint,,/Users/om-college/Work/2 Canada/York/Winter26/DataViz/Project/ttc_pulse/alerts/raw_snapshots/alerts_20260323T171412Z.pb,alerts/raw_snapshots/alerts_20260323T171412Z.pb,2043,3ad1f558120c76a15e69ac3df9234fbe53ff356a6fee54308692240cb17143a8,
alerts_sidecar_20260323T174413Z,2026-03-23T17:44:13Z,2026-03-23T17:44:13Z,2026-03-23T17:30:00Z,2026-03-23T18:00:00Z,live,ok,live_endpoint,,/Users/om-college/Work/2 Canada/York/Winter26/DataViz/Project/ttc_pulse/alerts/raw_snapshots/alerts_20260323T174413Z.pb,alerts/raw_snapshots/alerts_20260323T174413Z.pb,1916,d084491c94e83750c7095bceec6edcfcc1dbadda85a4759772a17f07b033dc79,
alerts_sidecar_20260323T181413Z,2026-03-23T18:14:13Z,2026-03-23T18:14:13Z,2026-03-23T18:00:00Z,2026-03-23T18:30:00Z,live,ok,live_endpoint,,/Users/om-college/Work/2 Canada/York/Winter26/DataViz/Project/ttc_pulse/alerts/raw_snapshots/alerts_20260323T181413Z.pb,alerts/raw_snapshots/alerts_20260323T181413Z.pb,1556,3c820cdf50f8c66c330edb6d2a3926731046db9cc03db0afd7dd03fa33450c1d,
alerts_sidecar_20260323T184414Z,2026-03-23T18:44:14Z,2026-03-23T18:44:14Z,2026-03-23T18:30:00Z,2026-03-23T19:00:00Z,live,ok,live_endpoint,,/Users/om-college/Work/2 Canada/York/Winter26/DataViz/Project/ttc_pulse/alerts/raw_snapshots/alerts_20260323T184414Z.pb,alerts/raw_snapshots/alerts_20260323T184414Z.pb,1556,cd6200d967da0b4612463d447889a5295183455b7488d5fa7ed653663ff3f8af,
alerts_sidecar_20260323T191415Z,2026-03-23T19:14:15Z,2026-03-23T19:14:15Z,2026-03-23T19:00:00Z,2026-03-23T19:30:00Z,live,ok,live_endpoint,,/Users/om-college/Work/2 Canada/York/Winter26/DataViz/Project/ttc_pulse/alerts/raw_snapshots/alerts_20260323T191415Z.pb,alerts/raw_snapshots/alerts_20260323T191415Z.pb,1213,6129f3fd685f005790704838c5ced41b72d643817c94631057a9887f9780bdbf,
alerts_sidecar_20260323T224822Z,2026-03-23T22:48:23Z,2026-03-23T22:48:22Z,2026-03-23T22:30:00Z,2026-03-23T23:00:00Z,live,ok,live_endpoint,,/Users/om-college/Work/2 Canada/York/Winter26/DataViz/Project/ttc_pulse/alerts/raw_snapshots/alerts_20260323T224822Z.pb,alerts/raw_snapshots/alerts_20260323T224822Z.pb,1143,0c998ce0c6dd2da2fb40f13b6ff94e96ca5200d14b576065f7bcd1fb0b4b1cc8,
alerts_sidecar_20260323T231823Z,2026-03-23T23:18:23Z,2026-03-23T23:18:23Z,2026-03-23T23:00:00Z,2026-03-23T23:30:00Z,live,ok,live_endpoint,,/Users/om-college/Work/2 Canada/York/Winter26/DataViz/Project/ttc_pulse/alerts/raw_snapshots/alerts_20260323T231823Z.pb,alerts/raw_snapshots/alerts_20260323T231823Z.pb,1143,b3a270dc35ac278f8d7224200ab092cf88361ecccd482585cd215f1925e946f3,
alerts_sidecar_20260323T234824Z,2026-03-23T23:48:24Z,2026-03-23T23:48:24Z,2026-03-23T23:30:00Z,2026-03-24T00:00:00Z,live,ok,live_endpoint,,/Users/om-college/Work/2 Canada/York/Winter26/DataViz/Project/ttc_pulse/alerts/raw_snapshots/alerts_20260323T234824Z.pb,alerts/raw_snapshots/alerts_20260323T234824Z.pb,1143,54d9f4367d473e4d6b8145740b6fa6cbc3ca4a32d04a558ae7c94f1dc98df71a,
alerts_sidecar_20260324T001825Z,2026-03-24T00:18:25Z,2026-03-24T00:18:25Z,2026-03-24T00:00:00Z,2026-03-24T00:30:00Z,live,ok,live_endpoint,,/Users/om-college/Work/2 Canada/York/Winter26/DataViz/Project/ttc_pulse/alerts/raw_snapshots/alerts_20260324T001825Z.pb,alerts/raw_snapshots/alerts_20260324T001825Z.pb,1360,9ca362ffa1f3d781fd4b6523abbcc53525c3c11ff9a7ec79127defc17d2309cf,
alerts_sidecar_20260324T004825Z,2026-03-24T00:48:25Z,2026-03-24T00:48:25Z,2026-03-24T00:30:00Z,2026-03-24T01:00:00Z,live,ok,live_endpoint,,/Users/om-college/Work/2 Canada/York/Winter26/DataViz/Project/ttc_pulse/alerts/raw_snapshots/alerts_20260324T004825Z.pb,alerts/raw_snapshots/alerts_20260324T004825Z.pb,1360,eb85c005c9e3b919cee093c4e41e649c3bd2c54deefee812e27064ebcbc6f3d5,
alerts_sidecar_20260324T011826Z,2026-03-24T01:18:26Z,2026-03-24T01:18:26Z,2026-03-24T01:00:00Z,2026-03-24T01:30:00Z,live,ok,live_endpoint,,/Users/om-college/Work/2 Canada/York/Winter26/DataViz/Project/ttc_pulse/alerts/raw_snapshots/alerts_20260324T011826Z.pb,alerts/raw_snapshots/alerts_20260324T011826Z.pb,1635,5efa4a3a8a51617684faa7e14b0757c2e34a6898041aaddfeab7123fcfd9c55c,
alerts_sidecar_20260324T014826Z,2026-03-24T01:48:26Z,2026-03-24T01:48:26Z,2026-03-24T01:30:00Z,2026-03-24T02:00:00Z,live,ok,live_endpoint,,/Users/om-college/Work/2 Canada/York/Winter26/DataViz/Project/ttc_pulse/alerts/raw_snapshots/alerts_20260324T014826Z.pb,alerts/raw_snapshots/alerts_20260324T014826Z.pb,1694,20e469cf6b2d690f5dc9bc3620f11c9a819ba5ba381af1cb01e19ac8aae0e2e1,
alerts_sidecar_20260324T021827Z,2026-03-24T02:18:27Z,2026-03-24T02:18:27Z,2026-03-24T02:00:00Z,2026-03-24T02:30:00Z,live,ok,live_endpoint,,/Users/om-college/Work/2 Canada/York/Winter26/DataViz/Project/ttc_pulse/alerts/raw_snapshots/alerts_20260324T021827Z.pb,alerts/raw_snapshots/alerts_20260324T021827Z.pb,1694,35b5df0d25420c66edf199634db115965b62de3dc7909b1d75cbf1352058a174,
alerts_sidecar_20260324T024828Z,2026-03-24T02:48:28Z,2026-03-24T02:48:28Z,2026-03-24T02:30:00Z,2026-03-24T03:00:00Z,live,ok,live_endpoint,,/Users/om-college/Work/2 Canada/York/Winter26/DataViz/Project/ttc_pulse/alerts/raw_snapshots/alerts_20260324T024828Z.pb,alerts/raw_snapshots/alerts_20260324T024828Z.pb,1492,a84bece4443e9e121f46338d72873f8b122733b2950447b760506b3b65e29110,
alerts_sidecar_20260324T031829Z,2026-03-24T03:18:29Z,2026-03-24T03:18:29Z,2026-03-24T03:00:00Z,2026-03-24T03:30:00Z,live,ok,live_endpoint,,/Users/om-college/Work/2 Canada/York/Winter26/DataViz/Project/ttc_pulse/alerts/raw_snapshots/alerts_20260324T031829Z.pb,alerts/raw_snapshots/alerts_20260324T031829Z.pb,1695,878c5a2a46f192141f2c8acf258f09638f18895ab77898d6ce23fc4393d756ec,
alerts_sidecar_20260324T034830Z,2026-03-24T03:48:30Z,2026-03-24T03:48:30Z,2026-03-24T03:30:00Z,2026-03-24T04:00:00Z,live,ok,live_endpoint,,/Users/om-college/Work/2 Canada/York/Winter26/DataViz/Project/ttc_pulse/alerts/raw_snapshots/alerts_20260324T034830Z.pb,alerts/raw_snapshots/alerts_20260324T034830Z.pb,1695,9b8caf3b09a18ab2802826cbb06046498eda25f9c910e22a7a05a6320c9acbc7,
alerts_sidecar_20260324T041830Z,2026-03-24T04:18:31Z,2026-03-24T04:18:30Z,2026-03-24T04:00:00Z,2026-03-24T04:30:00Z,live,ok,live_endpoint,,/Users/om-college/Work/2 Canada/York/Winter26/DataViz/Project/ttc_pulse/alerts/raw_snapshots/alerts_20260324T041830Z.pb,alerts/raw_snapshots/alerts_20260324T041830Z.pb,1492,830b615d7236a6335681319cbd42531005b42840528de66f8258bee9d20503c5,
alerts_sidecar_20260324T044831Z,2026-03-24T04:48:31Z,2026-03-24T04:48:31Z,2026-03-24T04:30:00Z,2026-03-24T05:00:00Z,live,ok,live_endpoint,,/Users/om-college/Work/2 Canada/York/Winter26/DataViz/Project/ttc_pulse/alerts/raw_snapshots/alerts_20260324T044831Z.pb,alerts/raw_snapshots/alerts_20260324T044831Z.pb,1492,61bfefe31c41d90f83cb58f189546b3d2b5716245b38bd4d57aebac3e52d9af8,
alerts_sidecar_20260324T051831Z,2026-03-24T05:18:32Z,2026-03-24T05:18:31Z,2026-03-24T05:00:00Z,2026-03-24T05:30:00Z,live,ok,live_endpoint,,/Users/om-college/Work/2 Canada/York/Winter26/DataViz/Project/ttc_pulse/alerts/raw_snapshots/alerts_20260324T051831Z.pb,alerts/raw_snapshots/alerts_20260324T051831Z.pb,1316,f3a4485a5b2ea7db13afaaec658ab8a850cc080a7bd0c8ea2404958eb3f51a82,
alerts_sidecar_20260324T054832Z,2026-03-24T05:48:32Z,2026-03-24T05:48:32Z,2026-03-24T05:30:00Z,2026-03-24T06:00:00Z,live,ok,live_endpoint,,/Users/om-college/Work/2 Canada/York/Winter26/DataViz/Project/ttc_pulse/alerts/raw_snapshots/alerts_20260324T054832Z.pb,alerts/raw_snapshots/alerts_20260324T054832Z.pb,1194,33989ea1ec5bc7fe1e01966b6c431bd70f06a8999ec9564d1da29d6c6b1e3c69,
alerts_sidecar_20260324T061833Z,2026-03-24T06:18:33Z,2026-03-24T06:18:33Z,2026-03-24T06:00:00Z,2026-03-24T06:30:00Z,live,ok,live_endpoint,,/Users/om-college/Work/2 Canada/York/Winter26/DataViz/Project/ttc_pulse/alerts/raw_snapshots/alerts_20260324T061833Z.pb,alerts/raw_snapshots/alerts_20260324T061833Z.pb,982,bd7e11237ea3fb84a2ba32c51022ef08671befe4a17ad34cdb3fc8fc426c31a3,
alerts_sidecar_20260324T064833Z,2026-03-24T06:48:33Z,2026-03-24T06:48:33Z,2026-03-24T06:30:00Z,2026-03-24T07:00:00Z,live,ok,live_endpoint,,/Users/om-college/Work/2 Canada/York/Winter26/DataViz/Project/ttc_pulse/alerts/raw_snapshots/alerts_20260324T064833Z.pb,alerts/raw_snapshots/alerts_20260324T064833Z.pb,982,3f686f0fbbfa9ccc034f1c8a7dbee21a31c03ff1844e17225ddfc908d398b19c,
alerts_sidecar_20260324T071834Z,2026-03-24T07:18:34Z,2026-03-24T07:18:34Z,2026-03-24T07:00:00Z,2026-03-24T07:30:00Z,live,ok,live_endpoint,,/Users/om-college/Work/2 Canada/York/Winter26/DataViz/Project/ttc_pulse/alerts/raw_snapshots/alerts_20260324T071834Z.pb,alerts/raw_snapshots/alerts_20260324T071834Z.pb,982,7191aa20dea8547ec4ffedd39f935ec6b6c41b752c6ee9adad161d079c73f66f,
alerts_sidecar_20260324T074834Z,2026-03-24T07:48:34Z,2026-03-24T07:48:34Z,2026-03-24T07:30:00Z,2026-03-24T08:00:00Z,live,ok,live_endpoint,,/Users/om-college/Work/2 Canada/York/Winter26/DataViz/Project/ttc_pulse/alerts/raw_snapshots/alerts_20260324T074834Z.pb,alerts/raw_snapshots/alerts_20260324T074834Z.pb,982,430937cbc69368d0e9a5bc364e93a9e0e54f77c6c1f87bb38c76fcc8dba6d4d3,
alerts_sidecar_20260324T081835Z,2026-03-24T08:18:35Z,2026-03-24T08:18:35Z,2026-03-24T08:00:00Z,2026-03-24T08:30:00Z,live,ok,live_endpoint,,/Users/om-college/Work/2 Canada/York/Winter26/DataViz/Project/ttc_pulse/alerts/raw_snapshots/alerts_20260324T081835Z.pb,alerts/raw_snapshots/alerts_20260324T081835Z.pb,982,10a8ace19da6cb76801ad2183d2954f5175f5e9c92a00b7bd6165e2774b6b372,
alerts_sidecar_20260324T084835Z,2026-03-24T08:48:35Z,2026-03-24T08:48:35Z,2026-03-24T08:30:00Z,2026-03-24T09:00:00Z,live,ok,live_endpoint,,/Users/om-college/Work/2 Canada/York/Winter26/DataViz/Project/ttc_pulse/alerts/raw_snapshots/alerts_20260324T084835Z.pb,alerts/raw_snapshots/alerts_20260324T084835Z.pb,982,7677f0939d80d9bb4dcb21d8f97ea53a88a1404f7558ecc3cb976784f9daafde,
alerts_sidecar_20260324T091836Z,2026-03-24T09:18:36Z,2026-03-24T09:18:36Z,2026-03-24T09:00:00Z,2026-03-24T09:30:00Z,live,ok,live_endpoint,,/Users/om-college/Work/2 Canada/York/Winter26/DataViz/Project/ttc_pulse/alerts/raw_snapshots/alerts_20260324T091836Z.pb,alerts/raw_snapshots/alerts_20260324T091836Z.pb,982,639f72b149ff1a213bdd18f64fe166a053544b2a453aec8e7a631ecfe298b1d3,
alerts_sidecar_20260324T094836Z,2026-03-24T09:48:36Z,2026-03-24T09:48:36Z,2026-03-24T09:30:00Z,2026-03-24T10:00:00Z,live,ok,live_endpoint,,/Users/om-college/Work/2 Canada/York/Winter26/DataViz/Project/ttc_pulse/alerts/raw_snapshots/alerts_20260324T094836Z.pb,alerts/raw_snapshots/alerts_20260324T094836Z.pb,982,d00338d7b275fd5920cd31508b8c7a960fcbb16a2cec546217f42b8893cf6923,
alerts_sidecar_20260324T101837Z,2026-03-24T10:18:37Z,2026-03-24T10:18:37Z,2026-03-24T10:00:00Z,2026-03-24T10:30:00Z,live,ok,live_endpoint,,/Users/om-college/Work/2 Canada/York/Winter26/DataViz/Project/ttc_pulse/alerts/raw_snapshots/alerts_20260324T101837Z.pb,alerts/raw_snapshots/alerts_20260324T101837Z.pb,1162,1205f77d2a1a46889e83048dfa09c3ffdd96649adcbf3ed1abdb35280ed7ec43,
alerts_sidecar_20260324T104837Z,2026-03-24T10:48:37Z,2026-03-24T10:48:37Z,2026-03-24T10:30:00Z,2026-03-24T11:00:00Z,live,ok,live_endpoint,,/Users/om-college/Work/2 Canada/York/Winter26/DataViz/Project/ttc_pulse/alerts/raw_snapshots/alerts_20260324T104837Z.pb,alerts/raw_snapshots/alerts_20260324T104837Z.pb,982,4e785528fccb2ad77217a1bd258d481c73fecdd8c08dff9bb5909bded000a345,
alerts_sidecar_20260324T111838Z,2026-03-24T11:18:38Z,2026-03-24T11:18:38Z,2026-03-24T11:00:00Z,2026-03-24T11:30:00Z,live,ok,live_endpoint,,/Users/om-college/Work/2 Canada/York/Winter26/DataViz/Project/ttc_pulse/alerts/raw_snapshots/alerts_20260324T111838Z.pb,alerts/raw_snapshots/alerts_20260324T111838Z.pb,982,3b00e250b12d6dca5e4473ecf5bf9b6257d7ea646e2a39359a31307f9f5f6376,
alerts_sidecar_20260324T114839Z,2026-03-24T11:48:39Z,2026-03-24T11:48:39Z,2026-03-24T11:30:00Z,2026-03-24T12:00:00Z,live,ok,live_endpoint,,/Users/om-college/Work/2 Canada/York/Winter26/DataViz/Project/ttc_pulse/alerts/raw_snapshots/alerts_20260324T114839Z.pb,alerts/raw_snapshots/alerts_20260324T114839Z.pb,1264,41cb717d782da376f8e045d876d45373bc624a885fcedf4b1f25511826e7bb0b,
alerts_sidecar_20260324T121839Z,2026-03-24T12:18:39Z,2026-03-24T12:18:39Z,2026-03-24T12:00:00Z,2026-03-24T12:30:00Z,live,ok,live_endpoint,,/Users/om-college/Work/2 Canada/York/Winter26/DataViz/Project/ttc_pulse/alerts/raw_snapshots/alerts_20260324T121839Z.pb,alerts/raw_snapshots/alerts_20260324T121839Z.pb,1554,162726824fbc2b84ab34393cb06db77f63e9a795e7ba743c980a322f2efbc6a6,
alerts_sidecar_20260324T124840Z,2026-03-24T12:48:40Z,2026-03-24T12:48:40Z,2026-03-24T12:30:00Z,2026-03-24T13:00:00Z,live,ok,live_endpoint,,/Users/om-college/Work/2 Canada/York/Winter26/DataViz/Project/ttc_pulse/alerts/raw_snapshots/alerts_20260324T124840Z.pb,alerts/raw_snapshots/alerts_20260324T124840Z.pb,1836,fb41024072f8ef96973450dcbf54b195013859fd727dec90d2c5638e1155fb52,
alerts_sidecar_20260324T131841Z,2026-03-24T13:18:41Z,2026-03-24T13:18:41Z,2026-03-24T13:00:00Z,2026-03-24T13:30:00Z,live,ok,live_endpoint,,/Users/om-college/Work/2 Canada/York/Winter26/DataViz/Project/ttc_pulse/alerts/raw_snapshots/alerts_20260324T131841Z.pb,alerts/raw_snapshots/alerts_20260324T131841Z.pb,2192,20e3015590f3641d6028e3f9aa666b8f3f3bd9f88baae01dd72257d5e1876adc,
alerts_sidecar_20260324T134841Z,2026-03-24T13:48:42Z,2026-03-24T13:48:41Z,2026-03-24T13:30:00Z,2026-03-24T14:00:00Z,live,ok,live_endpoint,,/Users/om-college/Work/2 Canada/York/Winter26/DataViz/Project/ttc_pulse/alerts/raw_snapshots/alerts_20260324T134841Z.pb,alerts/raw_snapshots/alerts_20260324T134841Z.pb,1826,8e97e7f4a4b39c3be5abcda45a6fd70fe57b827b89abc5e0d8d1297ae141f6c5,
alerts_sidecar_20260324T141842Z,2026-03-24T14:18:42Z,2026-03-24T14:18:42Z,2026-03-24T14:00:00Z,2026-03-24T14:30:00Z,live,ok,live_endpoint,,/Users/om-college/Work/2 Canada/York/Winter26/DataViz/Project/ttc_pulse/alerts/raw_snapshots/alerts_20260324T141842Z.pb,alerts/raw_snapshots/alerts_20260324T141842Z.pb,1951,8884ff173babfe83ed1daf43633bb52313aaa42ee0de54895022dd161fd02b0d,
alerts_sidecar_20260324T144843Z,2026-03-24T14:48:43Z,2026-03-24T14:48:43Z,2026-03-24T14:30:00Z,2026-03-24T15:00:00Z,live,ok,live_endpoint,,/Users/om-college/Work/2 Canada/York/Winter26/DataViz/Project/ttc_pulse/alerts/raw_snapshots/alerts_20260324T144843Z.pb,alerts/raw_snapshots/alerts_20260324T144843Z.pb,1951,023d2aae8531af8923ff2e48338437e0e6e836a61cd6793ce5582bec36f9553a,
alerts_sidecar_20260324T151844Z,2026-03-24T15:18:44Z,2026-03-24T15:18:44Z,2026-03-24T15:00:00Z,2026-03-24T15:30:00Z,live,ok,live_endpoint,,/Users/om-college/Work/2 Canada/York/Winter26/DataViz/Project/ttc_pulse/alerts/raw_snapshots/alerts_20260324T151844Z.pb,alerts/raw_snapshots/alerts_20260324T151844Z.pb,2109,9b4c970adaaa99c0fd2ec6a519f274ea46be2e203d76b55920193d04528fee78,
alerts_sidecar_20260324T154844Z,2026-03-24T15:48:44Z,2026-03-24T15:48:44Z,2026-03-24T15:30:00Z,2026-03-24T16:00:00Z,live,ok,live_endpoint,,/Users/om-college/Work/2 Canada/York/Winter26/DataViz/Project/ttc_pulse/alerts/raw_snapshots/alerts_20260324T154844Z.pb,alerts/raw_snapshots/alerts_20260324T154844Z.pb,1498,1361f4053468e1a389179a161a5642f89f8578529beeb89b58720e47d7f49835,
alerts_sidecar_20260324T161845Z,2026-03-24T16:18:45Z,2026-03-24T16:18:45Z,2026-03-24T16:00:00Z,2026-03-24T16:30:00Z,live,ok,live_endpoint,,/Users/om-college/Work/2 Canada/York/Winter26/DataViz/Project/ttc_pulse/alerts/raw_snapshots/alerts_20260324T161845Z.pb,alerts/raw_snapshots/alerts_20260324T161845Z.pb,1498,6d1c2c674c7f8fcd0a77b788c386d91ce99f9559620661fdf2f256a753118d3e,
alerts_sidecar_20260324T164845Z,2026-03-24T16:48:46Z,2026-03-24T16:48:45Z,2026-03-24T16:30:00Z,2026-03-24T17:00:00Z,live,ok,live_endpoint,,/Users/om-college/Work/2 Canada/York/Winter26/DataViz/Project/ttc_pulse/alerts/raw_snapshots/alerts_20260324T164845Z.pb,alerts/raw_snapshots/alerts_20260324T164845Z.pb,1666,596a499a28a8a48e1fe0a72b110f85264aff1ad5eb8faf2ca60d725da4c01fd9,
alerts_sidecar_20260324T171846Z,2026-03-24T17:18:46Z,2026-03-24T17:18:46Z,2026-03-24T17:00:00Z,2026-03-24T17:30:00Z,live,ok,live_endpoint,,/Users/om-college/Work/2 Canada/York/Winter26/DataViz/Project/ttc_pulse/alerts/raw_snapshots/alerts_20260324T171846Z.pb,alerts/raw_snapshots/alerts_20260324T171846Z.pb,1666,da267adb739da321937c7e35a78f8e73b254dba50682bcf0ff3f953b738f15fa,
alerts_sidecar_20260324T174847Z,2026-03-24T17:48:47Z,2026-03-24T17:48:47Z,2026-03-24T17:30:00Z,2026-03-24T18:00:00Z,live,ok,live_endpoint,,/Users/om-college/Work/2 Canada/York/Winter26/DataViz/Project/ttc_pulse/alerts/raw_snapshots/alerts_20260324T174847Z.pb,alerts/raw_snapshots/alerts_20260324T174847Z.pb,1827,4e593188f5f0daa316dbdca71f714bfe1aaac708e8de0ac54098639a2371a997,
alerts_sidecar_20260324T181848Z,2026-03-24T18:18:48Z,2026-03-24T18:18:48Z,2026-03-24T18:00:00Z,2026-03-24T18:30:00Z,live,ok,live_endpoint,,/Users/om-college/Work/2 Canada/York/Winter26/DataViz/Project/ttc_pulse/alerts/raw_snapshots/alerts_20260324T181848Z.pb,alerts/raw_snapshots/alerts_20260324T181848Z.pb,2058,e5bbb5b374f14efa2f6872d4b01f6a6b2c2ee56053a341a83c788d326c1af9dc,
alerts_sidecar_20260324T184849Z,2026-03-24T18:48:49Z,2026-03-24T18:48:49Z,2026-03-24T18:30:00Z,2026-03-24T19:00:00Z,live,ok,live_endpoint,,/Users/om-college/Work/2 Canada/York/Winter26/DataViz/Project/ttc_pulse/alerts/raw_snapshots/alerts_20260324T184849Z.pb,alerts/raw_snapshots/alerts_20260324T184849Z.pb,1827,fb7e3507764b951076081df59e6551d96b080b04a3562719463874ec2e4ea7b9,
alerts_sidecar_20260324T191850Z,2026-03-24T19:18:50Z,2026-03-24T19:18:50Z,2026-03-24T19:00:00Z,2026-03-24T19:30:00Z,live,ok,live_endpoint,,/Users/om-college/Work/2 Canada/York/Winter26/DataViz/Project/ttc_pulse/alerts/raw_snapshots/alerts_20260324T191850Z.pb,alerts/raw_snapshots/alerts_20260324T191850Z.pb,1666,db62a694d0eb3d136ef0ee54e08b7c7c48e702fa1b9907103dae7601ef49935c,
alerts_sidecar_20260324T194851Z,2026-03-24T19:48:51Z,2026-03-24T19:48:51Z,2026-03-24T19:30:00Z,2026-03-24T20:00:00Z,live,ok,live_endpoint,,/Users/om-college/Work/2 Canada/York/Winter26/DataViz/Project/ttc_pulse/alerts/raw_snapshots/alerts_20260324T194851Z.pb,alerts/raw_snapshots/alerts_20260324T194851Z.pb,1432,4dc85246e3302c34db5eeae5867999b2e82ec64b1916979ab48a4a58682c66e1,
alerts_sidecar_20260324T201851Z,2026-03-24T20:18:51Z,2026-03-24T20:18:51Z,2026-03-24T20:00:00Z,2026-03-24T20:30:00Z,live,ok,live_endpoint,,/Users/om-college/Work/2 Canada/York/Winter26/DataViz/Project/ttc_pulse/alerts/raw_snapshots/alerts_20260324T201851Z.pb,alerts/raw_snapshots/alerts_20260324T201851Z.pb,1264,18fbe59ea67cbb30f76ddb15d7d76e4ad012643017220ed96ec9836e13f216cc,
alerts_sidecar_20260324T204852Z,2026-03-24T20:48:52Z,2026-03-24T20:48:52Z,2026-03-24T20:30:00Z,2026-03-24T21:00:00Z,live,ok,live_endpoint,,/Users/om-college/Work/2 Canada/York/Winter26/DataViz/Project/ttc_pulse/alerts/raw_snapshots/alerts_20260324T204852Z.pb,alerts/raw_snapshots/alerts_20260324T204852Z.pb,1264,ee474c7edc45881abcf75f40320cede340b95f7e8fc84fd8d5323c197def940c,
alerts_sidecar_20260324T211853Z,2026-03-24T21:18:53Z,2026-03-24T21:18:53Z,2026-03-24T21:00:00Z,2026-03-24T21:30:00Z,live,ok,live_endpoint,,/Users/om-college/Work/2 Canada/York/Winter26/DataViz/Project/ttc_pulse/alerts/raw_snapshots/alerts_20260324T211853Z.pb,alerts/raw_snapshots/alerts_20260324T211853Z.pb,1264,ef9c6f4ea00ede17df10c4e71f02984aee6ddb5f5eb5b6573c9ee0bfeec30b72,
alerts_sidecar_20260324T214853Z,2026-03-24T21:48:54Z,2026-03-24T21:48:53Z,2026-03-24T21:30:00Z,2026-03-24T22:00:00Z,live,ok,live_endpoint,,/Users/om-college/Work/2 Canada/York/Winter26/DataViz/Project/ttc_pulse/alerts/raw_snapshots/alerts_20260324T214853Z.pb,alerts/raw_snapshots/alerts_20260324T214853Z.pb,1444,b638c1c53f2e2a593561a1313ff027ed104f477c316b8c101202043b72726544,
alerts_sidecar_20260324T221854Z,2026-03-24T22:18:55Z,2026-03-24T22:18:54Z,2026-03-24T22:00:00Z,2026-03-24T22:30:00Z,live,ok,live_endpoint,,/Users/om-college/Work/2 Canada/York/Winter26/DataViz/Project/ttc_pulse/alerts/raw_snapshots/alerts_20260324T221854Z.pb,alerts/raw_snapshots/alerts_20260324T221854Z.pb,1264,ca54dddab5e21eff5dbf29d2d2782dda9b2660b7cb74b185731f9493ae164bc8,
alerts_sidecar_20260324T224855Z,2026-03-24T22:48:55Z,2026-03-24T22:48:55Z,2026-03-24T22:30:00Z,2026-03-24T23:00:00Z,live,ok,live_endpoint,,/Users/om-college/Work/2 Canada/York/Winter26/DataViz/Project/ttc_pulse/alerts/raw_snapshots/alerts_20260324T224855Z.pb,alerts/raw_snapshots/alerts_20260324T224855Z.pb,1264,6a34544e4a4b3273ebbfaa87be155251443017501c4be8cffc55d05b7818e899,
alerts_sidecar_20260324T231856Z,2026-03-24T23:18:56Z,2026-03-24T23:18:56Z,2026-03-24T23:00:00Z,2026-03-24T23:30:00Z,live,ok,live_endpoint,,/Users/om-college/Work/2 Canada/York/Winter26/DataViz/Project/ttc_pulse/alerts/raw_snapshots/alerts_20260324T231856Z.pb,alerts/raw_snapshots/alerts_20260324T231856Z.pb,1607,f8b6dcf7c8c6bf3020ee83d711ff609cf36de690a0c7f39be406bbe112a63ea6,
alerts_sidecar_20260331T173517Z,2026-03-31T17:35:19Z,2026-03-31T17:35:17Z,2026-03-31T17:30:00Z,2026-03-31T18:00:00Z,live,ok,live_endpoint,,TTC-PULSE/alerts/raw_snapshots/alerts_20260331T173517Z.pb,TTC-PULSE/alerts/raw_snapshots/alerts_20260331T173517Z.pb,11885,59709f778cee9ca40ed20067d3e97eef50cde746b3ef0b287e6b5f3bb5d1f1a6,
alerts_sidecar_20260331T173517Z,2026-03-31T17:35:20Z,2026-03-31T17:35:17Z,2026-03-31T17:30:00Z,2026-03-31T18:00:00Z,live,ok,live_endpoint,,TTC-PULSE/alerts/raw_snapshots/alerts_20260331T173517Z.pb,TTC-PULSE/alerts/raw_snapshots/alerts_20260331T173517Z.pb,3503,8f83c9a9750b457ceb5c8bf50bd6dee3c3d174c86ff7d492e589e5479a979de5,
alerts_sidecar_20260331T173517Z,2026-03-31T17:35:20Z,2026-03-31T17:35:17Z,2026-03-31T17:30:00Z,2026-03-31T18:00:00Z,live,ok,live_endpoint,,TTC-PULSE/alerts/raw_snapshots/alerts_20260331T173517Z.pb,TTC-PULSE/alerts/raw_snapshots/alerts_20260331T173517Z.pb,3573,cefafda3d7e30dc02103b27eeaa47b361c9c33913d318245e4561191c932dc51,
alerts_sidecar_20260331T173557Z,2026-03-31T17:36:00Z,2026-03-31T17:35:57Z,2026-03-31T17:30:00Z,2026-03-31T18:00:00Z,live,ok,live_endpoint,,TTC-PULSE/alerts/raw_snapshots/alerts_20260331T173557Z.pb,TTC-PULSE/alerts/raw_snapshots/alerts_20260331T173557Z.pb,11885,2617a7f5e01b9ddfa28bacbde0a8d92ff92f19605b7c8f14877dd072b964337f,
alerts_sidecar_20260331T173557Z,2026-03-31T17:36:00Z,2026-03-31T17:35:57Z,2026-03-31T17:30:00Z,2026-03-31T18:00:00Z,live,ok,live_endpoint,,TTC-PULSE/alerts/raw_snapshots/alerts_20260331T173557Z.pb,TTC-PULSE/alerts/raw_snapshots/alerts_20260331T173557Z.pb,3503,6df10b6b23540f2edc7ae91884409fb821c37f0904f190324e91704ab6116c63,
alerts_sidecar_20260331T173557Z,2026-03-31T17:36:00Z,2026-03-31T17:35:57Z,2026-03-31T17:30:00Z,2026-03-31T18:00:00Z,live,ok,live_endpoint,,TTC-PULSE/alerts/raw_snapshots/alerts_20260331T173557Z.pb,TTC-PULSE/alerts/raw_snapshots/alerts_20260331T173557Z.pb,3573,bf5134eebfbd43c6c9c1504766d3e54ed85854f11ff646356c1893b680496e54,
alerts_sidecar_20260331T173613Z,2026-03-31T17:36:15Z,2026-03-31T17:36:13Z,2026-03-31T17:30:00Z,2026-03-31T18:00:00Z,live,ok,live_endpoint,,TTC-PULSE/alerts/raw_snapshots/alerts_20260331T173613Z.pb,TTC-PULSE/alerts/raw_snapshots/alerts_20260331T173613Z.pb,11885,ad60c2fd0186914016f7eb9e267a2769cde0dea44a687f39fefd4230d374b9f6,
alerts_sidecar_20260331T173613Z,2026-03-31T17:36:15Z,2026-03-31T17:36:13Z,2026-03-31T17:30:00Z,2026-03-31T18:00:00Z,live,ok,live_endpoint,,TTC-PULSE/alerts/raw_snapshots/alerts_20260331T173613Z.pb,TTC-PULSE/alerts/raw_snapshots/alerts_20260331T173613Z.pb,3503,193a763bd489e12abe3a9e65cd52d7dc04d24819aed7ceb952aba4ee7c9916e2,
alerts_sidecar_20260331T173613Z,2026-03-31T17:36:15Z,2026-03-31T17:36:13Z,2026-03-31T17:30:00Z,2026-03-31T18:00:00Z,live,ok,live_endpoint,,TTC-PULSE/alerts/raw_snapshots/alerts_20260331T173613Z.pb,TTC-PULSE/alerts/raw_snapshots/alerts_20260331T173613Z.pb,3573,c3cf4f7151c3257408bad54eb26bac7b1b5a3d98403f7245d0e54640b7d7795d,
alerts_sidecar_20260331T173627Z,2026-03-31T17:36:29Z,2026-03-31T17:36:27Z,2026-03-31T17:30:00Z,2026-03-31T18:00:00Z,live,ok,live_endpoint,,TTC-PULSE/alerts/raw_snapshots/alerts_20260331T173627Z.pb,TTC-PULSE/alerts/raw_snapshots/alerts_20260331T173627Z.pb,11885,ace643106a0528bcb7c2c8b1a468c5b089eb198a76745839ec3e5ec7ecdf31d9,
alerts_sidecar_20260331T173627Z,2026-03-31T17:36:30Z,2026-03-31T17:36:27Z,2026-03-31T17:30:00Z,2026-03-31T18:00:00Z,live,ok,live_endpoint,,TTC-PULSE/alerts/raw_snapshots/alerts_20260331T173627Z.pb,TTC-PULSE/alerts/raw_snapshots/alerts_20260331T173627Z.pb,3503,a1c6b40d70e6b13c4cbbcb7cbe389fc727ca9805e07acd2135928d74f6f74d9e,
alerts_sidecar_20260331T173627Z,2026-03-31T17:36:30Z,2026-03-31T17:36:27Z,2026-03-31T17:30:00Z,2026-03-31T18:00:00Z,live,ok,live_endpoint,,TTC-PULSE/alerts/raw_snapshots/alerts_20260331T173627Z.pb,TTC-PULSE/alerts/raw_snapshots/alerts_20260331T173627Z.pb,3573,8e48c5ca5f2f0c496ff0a84872d66b64d9d8706c9f0b6191323b616379455fd4,
alerts_sidecar_20260331T173657Z,2026-03-31T17:37:00Z,2026-03-31T17:36:57Z,2026-03-31T17:30:00Z,2026-03-31T18:00:00Z,live,ok,live_endpoint,,TTC-PULSE/alerts/raw_snapshots/alerts_20260331T173657Z.pb,TTC-PULSE/alerts/raw_snapshots/alerts_20260331T173657Z.pb,11885,29ceae57440fa8019103770cfe65b56cf1a8f2f1ce1f498a6921597d75dd540a,
alerts_sidecar_20260331T173657Z,2026-03-31T17:37:00Z,2026-03-31T17:36:57Z,2026-03-31T17:30:00Z,2026-03-31T18:00:00Z,live,ok,live_endpoint,,TTC-PULSE/alerts/raw_snapshots/alerts_20260331T173657Z.pb,TTC-PULSE/alerts/raw_snapshots/alerts_20260331T173657Z.pb,3503,5b77984125f0e9d78ae668b02f0ea5df948a06048e6febc8e55e8b7662a167fb,
alerts_sidecar_20260331T173657Z,2026-03-31T17:37:00Z,2026-03-31T17:36:57Z,2026-03-31T17:30:00Z,2026-03-31T18:00:00Z,live,ok,live_endpoint,,TTC-PULSE/alerts/raw_snapshots/alerts_20260331T173657Z.pb,TTC-PULSE/alerts/raw_snapshots/alerts_20260331T173657Z.pb,3573,9630066f33d5b1240a27eeb487b7cdd75e8b653a8d55a0c9e6652445dde03026,
alerts_sidecar_20260331T173727Z,2026-03-31T17:37:29Z,2026-03-31T17:37:27Z,2026-03-31T17:30:00Z,2026-03-31T18:00:00Z,live,ok,live_endpoint,,TTC-PULSE/alerts/raw_snapshots/alerts_20260331T173727Z.pb,TTC-PULSE/alerts/raw_snapshots/alerts_20260331T173727Z.pb,11885,9fbe584db5f398abe68f95fd3628a4745549a5161c509b69e331cb4e26eff6a8,
alerts_sidecar_20260331T173727Z,2026-03-31T17:37:30Z,2026-03-31T17:37:27Z,2026-03-31T17:30:00Z,2026-03-31T18:00:00Z,live,ok,live_endpoint,,TTC-PULSE/alerts/raw_snapshots/alerts_20260331T173727Z.pb,TTC-PULSE/alerts/raw_snapshots/alerts_20260331T173727Z.pb,3503,314f0d1bcf8939486d61b3e27fc4b90919f8ee852d48cdb777bf29d501b610c5,
alerts_sidecar_20260331T173727Z,2026-03-31T17:37:30Z,2026-03-31T17:37:27Z,2026-03-31T17:30:00Z,2026-03-31T18:00:00Z,live,ok,live_endpoint,,TTC-PULSE/alerts/raw_snapshots/alerts_20260331T173727Z.pb,TTC-PULSE/alerts/raw_snapshots/alerts_20260331T173727Z.pb,3573,99fe52d9682a16b00a93784a30b4d17c7c8d2e199a87ace89f08ff68559396e1,
alerts_sidecar_20260331T173757Z,2026-03-31T17:38:00Z,2026-03-31T17:37:57Z,2026-03-31T17:30:00Z,2026-03-31T18:00:00Z,live,ok,live_endpoint,,TTC-PULSE/alerts/raw_snapshots/alerts_20260331T173757Z.pb,TTC-PULSE/alerts/raw_snapshots/alerts_20260331T173757Z.pb,11885,39f9f20e1c134c168314f8231a0795ef47af414202003437c22ef949512c10aa,
alerts_sidecar_20260331T173757Z,2026-03-31T17:38:00Z,2026-03-31T17:37:57Z,2026-03-31T17:30:00Z,2026-03-31T18:00:00Z,live,ok,live_endpoint,,TTC-PULSE/alerts/raw_snapshots/alerts_20260331T173757Z.pb,TTC-PULSE/alerts/raw_snapshots/alerts_20260331T173757Z.pb,3503,a44ac2e976ec1a94ce867a62848ea3fba1d5659cdb1dbf169981abf287fa877f,
alerts_sidecar_20260331T173757Z,2026-03-31T17:38:00Z,2026-03-31T17:37:57Z,2026-03-31T17:30:00Z,2026-03-31T18:00:00Z,live,ok,live_endpoint,,TTC-PULSE/alerts/raw_snapshots/alerts_20260331T173757Z.pb,TTC-PULSE/alerts/raw_snapshots/alerts_20260331T173757Z.pb,3573,f724846aee80727a05293eca486f7c5b9285c32cc6597748f6843fa8848c9689,
alerts_sidecar_20260331T173827Z,2026-03-31T17:38:30Z,2026-03-31T17:38:27Z,2026-03-31T17:30:00Z,2026-03-31T18:00:00Z,live,ok,live_endpoint,,TTC-PULSE/alerts/raw_snapshots/alerts_20260331T173827Z.pb,TTC-PULSE/alerts/raw_snapshots/alerts_20260331T173827Z.pb,11885,50fdf4568fff4e67398907c73bb4266d9126961c41fc4e8b27bcd5845880ac71,
alerts_sidecar_20260331T173827Z,2026-03-31T17:38:30Z,2026-03-31T17:38:27Z,2026-03-31T17:30:00Z,2026-03-31T18:00:00Z,live,ok,live_endpoint,,TTC-PULSE/alerts/raw_snapshots/alerts_20260331T173827Z.pb,TTC-PULSE/alerts/raw_snapshots/alerts_20260331T173827Z.pb,3503,da041f9d25985e6a630f092d95384c3679a7338ce7b97e689c930b4f1cb16179,
alerts_sidecar_20260331T173827Z,2026-03-31T17:38:30Z,2026-03-31T17:38:27Z,2026-03-31T17:30:00Z,2026-03-31T18:00:00Z,live,ok,live_endpoint,,TTC-PULSE/alerts/raw_snapshots/alerts_20260331T173827Z.pb,TTC-PULSE/alerts/raw_snapshots/alerts_20260331T173827Z.pb,3573,489fa72dee885af4864d616f0591b7dee605951a05a4f84634402abe10f990e5,
alerts_sidecar_20260331T174320Z,2026-03-31T17:43:22Z,2026-03-31T17:43:20Z,2026-03-31T17:30:00Z,2026-03-31T18:00:00Z,live,ok,live_endpoint,,TTC-PULSE/alerts/raw_snapshots/alerts_20260331T174320Z.pb,TTC-PULSE/alerts/raw_snapshots/alerts_20260331T174320Z.pb,11885,e501b799d29f918bdcfbb488108a6ce9cbcbf7a669d46673d9aa956cbfeda3a9,
alerts_sidecar_20260331T174320Z,2026-03-31T17:43:22Z,2026-03-31T17:43:20Z,2026-03-31T17:30:00Z,2026-03-31T18:00:00Z,live,ok,live_endpoint,,TTC-PULSE/alerts/raw_snapshots/alerts_20260331T174320Z.pb,TTC-PULSE/alerts/raw_snapshots/alerts_20260331T174320Z.pb,3503,657e87cb3c1cb2ebba1281c60a99f6ed217b8064b71038045ba33b4ee62eb307,
alerts_sidecar_20260331T174320Z,2026-03-31T17:43:22Z,2026-03-31T17:43:20Z,2026-03-31T17:30:00Z,2026-03-31T18:00:00Z,live,ok,live_endpoint,,TTC-PULSE/alerts/raw_snapshots/alerts_20260331T174320Z.pb,TTC-PULSE/alerts/raw_snapshots/alerts_20260331T174320Z.pb,3573,f5a1507aa89d576c0d16689c65aad85e5d5f7240cf2cb9a8aa992a2d28940cf1,
alerts_sidecar_20260331T174333Z,2026-03-31T17:43:34Z,2026-03-31T17:43:33Z,2026-03-31T17:30:00Z,2026-03-31T18:00:00Z,live,ok,live_endpoint,,TTC-PULSE/alerts/raw_snapshots/alerts_20260331T174333Z.pb,TTC-PULSE/alerts/raw_snapshots/alerts_20260331T174333Z.pb,11885,4f3af4a8d23d688448c0e1ed699e31aac425f03c784395d2c715259614771b95,
alerts_sidecar_20260331T174333Z,2026-03-31T17:43:34Z,2026-03-31T17:43:33Z,2026-03-31T17:30:00Z,2026-03-31T18:00:00Z,live,ok,live_endpoint,,TTC-PULSE/alerts/raw_snapshots/alerts_20260331T174333Z.pb,TTC-PULSE/alerts/raw_snapshots/alerts_20260331T174333Z.pb,3503,735406dd5294f71269157d86b2cf626eacbfd7bbfaf8975a50d148d29a1a45fc,
alerts_sidecar_20260331T174333Z,2026-03-31T17:43:34Z,2026-03-31T17:43:33Z,2026-03-31T17:30:00Z,2026-03-31T18:00:00Z,live,ok,live_endpoint,,TTC-PULSE/alerts/raw_snapshots/alerts_20260331T174333Z.pb,TTC-PULSE/alerts/raw_snapshots/alerts_20260331T174333Z.pb,3573,630b9b35b9716dcfdb85d366c2cbae592b92f403cbab23658cd49c9bb52d31d0,
alerts_sidecar_20260331T174350Z,2026-03-31T17:43:52Z,2026-03-31T17:43:50Z,2026-03-31T17:30:00Z,2026-03-31T18:00:00Z,live,ok,live_endpoint,,TTC-PULSE/alerts/raw_snapshots/alerts_20260331T174350Z.pb,TTC-PULSE/alerts/raw_snapshots/alerts_20260331T174350Z.pb,11885,4d99f2263b7b52b929be320dac80521db5f254bdb46387f588342ab68443e940,
alerts_sidecar_20260331T174350Z,2026-03-31T17:43:52Z,2026-03-31T17:43:50Z,2026-03-31T17:30:00Z,2026-03-31T18:00:00Z,live,ok,live_endpoint,,TTC-PULSE/alerts/raw_snapshots/alerts_20260331T174350Z.pb,TTC-PULSE/alerts/raw_snapshots/alerts_20260331T174350Z.pb,3503,767120a1c3e570e76af97b1cd47308bc68ae4a84c66a185b845cab937e09719d,
alerts_sidecar_20260331T174350Z,2026-03-31T17:43:53Z,2026-03-31T17:43:50Z,2026-03-31T17:30:00Z,2026-03-31T18:00:00Z,live,ok,live_endpoint,,TTC-PULSE/alerts/raw_snapshots/alerts_20260331T174350Z.pb,TTC-PULSE/alerts/raw_snapshots/alerts_20260331T174350Z.pb,3573,fb0a993f8aef4b791cb2ea347b3b00142ba8df039b575078b4f44db92ee3a058,
alerts_sidecar_20260331T174420Z,2026-03-31T17:44:22Z,2026-03-31T17:44:20Z,2026-03-31T17:30:00Z,2026-03-31T18:00:00Z,live,ok,live_endpoint,,TTC-PULSE/alerts/raw_snapshots/alerts_20260331T174420Z.pb,TTC-PULSE/alerts/raw_snapshots/alerts_20260331T174420Z.pb,11885,55703dd265261230396d50ee87fc44752f90daad092fdeda255d05aacf3b321b,
alerts_sidecar_20260331T174420Z,2026-03-31T17:44:22Z,2026-03-31T17:44:20Z,2026-03-31T17:30:00Z,2026-03-31T18:00:00Z,live,ok,live_endpoint,,TTC-PULSE/alerts/raw_snapshots/alerts_20260331T174420Z.pb,TTC-PULSE/alerts/raw_snapshots/alerts_20260331T174420Z.pb,3503,16883d7be5f3b007b9ff884f72b673cdfbd2bd604fcb63fffec27abbb02613f1,
alerts_sidecar_20260331T174420Z,2026-03-31T17:44:22Z,2026-03-31T17:44:20Z,2026-03-31T17:30:00Z,2026-03-31T18:00:00Z,live,ok,live_endpoint,,TTC-PULSE/alerts/raw_snapshots/alerts_20260331T174420Z.pb,TTC-PULSE/alerts/raw_snapshots/alerts_20260331T174420Z.pb,3573,f5f9a4718b885d5d6176d550226fcfc47674b69b6b0f7900e4e0a6cd23f3f790,
alerts_sidecar_20260331T201432Z,2026-03-31T20:14:33Z,2026-03-31T20:14:32Z,2026-03-31T20:00:00Z,2026-03-31T20:30:00Z,live,ok,live_endpoint,,TTC-PULSE/alerts/raw_snapshots/alerts_20260331T201432Z.pb,TTC-PULSE/alerts/raw_snapshots/alerts_20260331T201432Z.pb,11885,d9dad01958bb1ca1a5fef1dfeaa6ac456b5f89a4f5a6af3d33d1235108346ed2,
alerts_sidecar_20260331T201432Z,2026-03-31T20:14:33Z,2026-03-31T20:14:32Z,2026-03-31T20:00:00Z,2026-03-31T20:30:00Z,live,ok,live_endpoint,,TTC-PULSE/alerts/raw_snapshots/alerts_20260331T201432Z.pb,TTC-PULSE/alerts/raw_snapshots/alerts_20260331T201432Z.pb,3503,a14171119665b73c9597fbbf95457db2ac64df1596382015b0cefb9a10050eed,
alerts_sidecar_20260331T201432Z,2026-03-31T20:14:33Z,2026-03-31T20:14:32Z,2026-03-31T20:00:00Z,2026-03-31T20:30:00Z,live,ok,live_endpoint,,TTC-PULSE/alerts/raw_snapshots/alerts_20260331T201432Z.pb,TTC-PULSE/alerts/raw_snapshots/alerts_20260331T201432Z.pb,4200,63c1ef2373c7a9e01862c7372510a6fa9f2c021c6386deb89a784b6e401af6a0,
alerts_sidecar_20260331T201444Z,2026-03-31T20:14:45Z,2026-03-31T20:14:44Z,2026-03-31T20:00:00Z,2026-03-31T20:30:00Z,live,ok,live_endpoint,,TTC-PULSE/alerts/raw_snapshots/alerts_20260331T201444Z.pb,TTC-PULSE/alerts/raw_snapshots/alerts_20260331T201444Z.pb,11885,71fb23c4cde1b24d0803b654aa2468736c8e6fea26251f7883994fba12325655,
alerts_sidecar_20260331T201444Z,2026-03-31T20:14:45Z,2026-03-31T20:14:44Z,2026-03-31T20:00:00Z,2026-03-31T20:30:00Z,live,ok,live_endpoint,,TTC-PULSE/alerts/raw_snapshots/alerts_20260331T201444Z.pb,TTC-PULSE/alerts/raw_snapshots/alerts_20260331T201444Z.pb,3503,8a7da811ebd2eed52a1217b80ac29df88a1e081495ed2b7e7199883e0c4d1596,
alerts_sidecar_20260331T201444Z,2026-03-31T20:14:45Z,2026-03-31T20:14:44Z,2026-03-31T20:00:00Z,2026-03-31T20:30:00Z,live,ok,live_endpoint,,TTC-PULSE/alerts/raw_snapshots/alerts_20260331T201444Z.pb,TTC-PULSE/alerts/raw_snapshots/alerts_20260331T201444Z.pb,4200,4f580187bf80aa4a8c121f559ea467c6becb105f1efa86650e51c1077d6ce523,
alerts_sidecar_20260331T201502Z,2026-03-31T20:15:03Z,2026-03-31T20:15:02Z,2026-03-31T20:00:00Z,2026-03-31T20:30:00Z,live,ok,live_endpoint,,TTC-PULSE/alerts/raw_snapshots/alerts_20260331T201502Z.pb,TTC-PULSE/alerts/raw_snapshots/alerts_20260331T201502Z.pb,11885,0b8f16e055fd82758153a3eae1e19da379c62e3d4b5d6fbbdfda5a37fa01fd04,
alerts_sidecar_20260331T201502Z,2026-03-31T20:15:03Z,2026-03-31T20:15:02Z,2026-03-31T20:00:00Z,2026-03-31T20:30:00Z,live,ok,live_endpoint,,TTC-PULSE/alerts/raw_snapshots/alerts_20260331T201502Z.pb,TTC-PULSE/alerts/raw_snapshots/alerts_20260331T201502Z.pb,3503,a8e2d78f0ad5e0ebf5d76c9b2c24ccf18274c5fb5e20bdf8db0a8555ff3fe7da,
alerts_sidecar_20260331T201502Z,2026-03-31T20:15:03Z,2026-03-31T20:15:02Z,2026-03-31T20:00:00Z,2026-03-31T20:30:00Z,live,ok,live_endpoint,,TTC-PULSE/alerts/raw_snapshots/alerts_20260331T201502Z.pb,TTC-PULSE/alerts/raw_snapshots/alerts_20260331T201502Z.pb,4200,8b1418b8798fa892eb90bac6605ef465eddc98ddffa41f1f462c69734ae1ca58,
alerts_sidecar_20260331T201532Z,2026-03-31T20:15:33Z,2026-03-31T20:15:32Z,2026-03-31T20:00:00Z,2026-03-31T20:30:00Z,live,ok,live_endpoint,,TTC-PULSE/alerts/raw_snapshots/alerts_20260331T201532Z.pb,TTC-PULSE/alerts/raw_snapshots/alerts_20260331T201532Z.pb,11885,205b1ada3b00a59a0a760fdf46876538861f46281d30938607536776a58c49f4,
alerts_sidecar_20260331T201532Z,2026-03-31T20:15:33Z,2026-03-31T20:15:32Z,2026-03-31T20:00:00Z,2026-03-31T20:30:00Z,live,ok,live_endpoint,,TTC-PULSE/alerts/raw_snapshots/alerts_20260331T201532Z.pb,TTC-PULSE/alerts/raw_snapshots/alerts_20260331T201532Z.pb,3503,0f070004e17927bb9d4e5164d6257c4ae1d9d8b92aff1639474e33a76ef7dca0,
alerts_sidecar_20260331T201532Z,2026-03-31T20:15:33Z,2026-03-31T20:15:32Z,2026-03-31T20:00:00Z,2026-03-31T20:30:00Z,live,ok,live_endpoint,,TTC-PULSE/alerts/raw_snapshots/alerts_20260331T201532Z.pb,TTC-PULSE/alerts/raw_snapshots/alerts_20260331T201532Z.pb,4200,01c871a0a44715ab34769c6ec5f9f91ee9d980f955cadde54d27f62c7202a387,
alerts_sidecar_20260331T204143Z,2026-03-31T20:41:44Z,2026-03-31T20:41:43Z,2026-03-31T20:30:00Z,2026-03-31T21:00:00Z,live,ok,live_endpoint,,TTC-PULSE/alerts/raw_snapshots/alerts_20260331T204143Z.pb,TTC-PULSE/alerts/raw_snapshots/alerts_20260331T204143Z.pb,11885,944ed619066c1bbcfcf2d9ede388fd9b3aa383bdbf36a83efc847d585c8e1515,
alerts_sidecar_20260331T204143Z,2026-03-31T20:41:44Z,2026-03-31T20:41:43Z,2026-03-31T20:30:00Z,2026-03-31T21:00:00Z,live,ok,live_endpoint,,TTC-PULSE/alerts/raw_snapshots/alerts_20260331T204143Z.pb,TTC-PULSE/alerts/raw_snapshots/alerts_20260331T204143Z.pb,3503,5acdf18422fc5ea816222a29875ee6d798473d15d92945b8f15dbcea190fc660,
alerts_sidecar_20260331T204143Z,2026-03-31T20:41:44Z,2026-03-31T20:41:43Z,2026-03-31T20:30:00Z,2026-03-31T21:00:00Z,live,ok,live_endpoint,,TTC-PULSE/alerts/raw_snapshots/alerts_20260331T204143Z.pb,TTC-PULSE/alerts/raw_snapshots/alerts_20260331T204143Z.pb,3986,91c3912a265c867bc9e14efaee7093d10bb20e108d3edb879cfa4419948bf35b,
alerts_sidecar_20260331T204146Z,2026-03-31T20:41:47Z,2026-03-31T20:41:46Z,2026-03-31T20:30:00Z,2026-03-31T21:00:00Z,live,ok,live_endpoint,,TTC-PULSE/alerts/raw_snapshots/alerts_20260331T204146Z.pb,TTC-PULSE/alerts/raw_snapshots/alerts_20260331T204146Z.pb,11885,62bf02fc704464128e92dc2bebbd9a19ec79a3bbab02a6c3d3a592160d142817,
alerts_sidecar_20260331T204146Z,2026-03-31T20:41:47Z,2026-03-31T20:41:46Z,2026-03-31T20:30:00Z,2026-03-31T21:00:00Z,live,ok,live_endpoint,,TTC-PULSE/alerts/raw_snapshots/alerts_20260331T204146Z.pb,TTC-PULSE/alerts/raw_snapshots/alerts_20260331T204146Z.pb,3503,21ce4b57cef1158745818c9f007ab5e473b2bc6278146bc6d3b681d6a3a44976,
alerts_sidecar_20260331T204146Z,2026-03-31T20:41:47Z,2026-03-31T20:41:46Z,2026-03-31T20:30:00Z,2026-03-31T21:00:00Z,live,ok,live_endpoint,,TTC-PULSE/alerts/raw_snapshots/alerts_20260331T204146Z.pb,TTC-PULSE/alerts/raw_snapshots/alerts_20260331T204146Z.pb,3986,16a383d66fdba2c2c6f800dccec83ef876abecb91cb97f861541458e5be4a95f,
alerts_sidecar_20260402T022929Z,2026-04-02T02:29:30Z,2026-04-02T02:29:29Z,2026-04-02T02:00:00Z,2026-04-02T02:30:00Z,live,ok,live_endpoint,,TTC-PULSE/alerts/raw_snapshots/alerts_20260402T022929Z.pb,TTC-PULSE/alerts/raw_snapshots/alerts_20260402T022929Z.pb,9884,e154c74a665ecb20e5ed0fb92b7909bc5742848868c790be426f6264e7d76226,
alerts_sidecar_20260402T022929Z,2026-04-02T02:29:30Z,2026-04-02T02:29:29Z,2026-04-02T02:00:00Z,2026-04-02T02:30:00Z,live,ok,live_endpoint,,TTC-PULSE/alerts/raw_snapshots/alerts_20260402T022929Z.pb,TTC-PULSE/alerts/raw_snapshots/alerts_20260402T022929Z.pb,2748,68b5d770f4e436369f025a3d5ae2de8353d7f773f54525436e2ac9f2b029c558,
alerts_sidecar_20260402T022929Z,2026-04-02T02:29:31Z,2026-04-02T02:29:29Z,2026-04-02T02:00:00Z,2026-04-02T02:30:00Z,live,ok,live_endpoint,,TTC-PULSE/alerts/raw_snapshots/alerts_20260402T022929Z.pb,TTC-PULSE/alerts/raw_snapshots/alerts_20260402T022929Z.pb,2864,c97f01b5006c6eb7646ee0e123d106e03e9adf76bf50fbb47f33320e41f60578,
alerts_sidecar_20260402T022959Z,2026-04-02T02:30:00Z,2026-04-02T02:29:59Z,2026-04-02T02:00:00Z,2026-04-02T02:30:00Z,live,ok,live_endpoint,,TTC-PULSE/alerts/raw_snapshots/alerts_20260402T022959Z.pb,TTC-PULSE/alerts/raw_snapshots/alerts_20260402T022959Z.pb,9884,110e79b4e5e638d7307d522d9ad12c1f9ec7cbd05117ceef3dd5bcccd65cb7ad,
alerts_sidecar_20260402T022959Z,2026-04-02T02:30:01Z,2026-04-02T02:29:59Z,2026-04-02T02:00:00Z,2026-04-02T02:30:00Z,live,ok,live_endpoint,,TTC-PULSE/alerts/raw_snapshots/alerts_20260402T022959Z.pb,TTC-PULSE/alerts/raw_snapshots/alerts_20260402T022959Z.pb,2748,ce18de16c89a057055fd6b57ba2a90b0170280172a0acbb173ce89b5746b26a6,
alerts_sidecar_20260402T022959Z,2026-04-02T02:30:01Z,2026-04-02T02:29:59Z,2026-04-02T02:00:00Z,2026-04-02T02:30:00Z,live,ok,live_endpoint,,TTC-PULSE/alerts/raw_snapshots/alerts_20260402T022959Z.pb,TTC-PULSE/alerts/raw_snapshots/alerts_20260402T022959Z.pb,2864,11b4e69738d7a0301e3e146ec0a1b163e3ccf12fb467eea2d5245d24b3518b8e,
alerts_sidecar_20260402T023029Z,2026-04-02T02:30:30Z,2026-04-02T02:30:29Z,2026-04-02T02:30:00Z,2026-04-02T03:00:00Z,live,ok,live_endpoint,,TTC-PULSE/alerts/raw_snapshots/alerts_20260402T023029Z.pb,TTC-PULSE/alerts/raw_snapshots/alerts_20260402T023029Z.pb,9884,88985550fc60571d729fd25842d5cfd1d9774d8f5eed114c03a173b3fae11f27,
alerts_sidecar_20260402T023029Z,2026-04-02T02:30:30Z,2026-04-02T02:30:29Z,2026-04-02T02:30:00Z,2026-04-02T03:00:00Z,live,ok,live_endpoint,,TTC-PULSE/alerts/raw_snapshots/alerts_20260402T023029Z.pb,TTC-PULSE/alerts/raw_snapshots/alerts_20260402T023029Z.pb,2249,1e1ea3a1679bd90f4f9183cbdbe8e9b02322baa8ae34b0dfe2d6d9b42b3916b5,
alerts_sidecar_20260402T023029Z,2026-04-02T02:30:31Z,2026-04-02T02:30:29Z,2026-04-02T02:30:00Z,2026-04-02T03:00:00Z,live,ok,live_endpoint,,TTC-PULSE/alerts/raw_snapshots/alerts_20260402T023029Z.pb,TTC-PULSE/alerts/raw_snapshots/alerts_20260402T023029Z.pb,2864,f662a07a6a532148e35e658d7456f17092f8695a445e4215dfb1670885f07d71,
alerts_sidecar_20260402T023059Z,2026-04-02T02:31:00Z,2026-04-02T02:30:59Z,2026-04-02T02:30:00Z,2026-04-02T03:00:00Z,live,ok,live_endpoint,,TTC-PULSE/alerts/raw_snapshots/alerts_20260402T023059Z.pb,TTC-PULSE/alerts/raw_snapshots/alerts_20260402T023059Z.pb,9884,057631a78886e45dc2601687867d38b9d1e450e946212c312271add551612828,
alerts_sidecar_20260402T023059Z,2026-04-02T02:31:00Z,2026-04-02T02:30:59Z,2026-04-02T02:30:00Z,2026-04-02T03:00:00Z,live,ok,live_endpoint,,TTC-PULSE/alerts/raw_snapshots/alerts_20260402T023059Z.pb,TTC-PULSE/alerts/raw_snapshots/alerts_20260402T023059Z.pb,2249,842ea499a42260332c13e2949dafe98ca9e1d61af11ccf54c3b088e84b65c181,
alerts_sidecar_20260402T023059Z,2026-04-02T02:31:01Z,2026-04-02T02:30:59Z,2026-04-02T02:30:00Z,2026-04-02T03:00:00Z,live,ok,live_endpoint,,TTC-PULSE/alerts/raw_snapshots/alerts_20260402T023059Z.pb,TTC-PULSE/alerts/raw_snapshots/alerts_20260402T023059Z.pb,2864,02d7c3596b9bb29630fb7ed0cc19bfd25e76970457365895164d17557ccb889d,
alerts_sidecar_20260402T023129Z,2026-04-02T02:31:30Z,2026-04-02T02:31:29Z,2026-04-02T02:30:00Z,2026-04-02T03:00:00Z,live,ok,live_endpoint,,TTC-PULSE/alerts/raw_snapshots/alerts_20260402T023129Z.pb,TTC-PULSE/alerts/raw_snapshots/alerts_20260402T023129Z.pb,9884,c5f9ff4f081deac9111abc079cdc864a25bed33c10fc4b1fb19657018037e49b,
alerts_sidecar_20260402T023129Z,2026-04-02T02:31:30Z,2026-04-02T02:31:29Z,2026-04-02T02:30:00Z,2026-04-02T03:00:00Z,live,ok,live_endpoint,,TTC-PULSE/alerts/raw_snapshots/alerts_20260402T023129Z.pb,TTC-PULSE/alerts/raw_snapshots/alerts_20260402T023129Z.pb,2249,4cf764a5a48acf892e7224b592cf1bfd75cfc0dfd1adb1b470a2d2d64ade6d76,
alerts_sidecar_20260402T023129Z,2026-04-02T02:31:31Z,2026-04-02T02:31:29Z,2026-04-02T02:30:00Z,2026-04-02T03:00:00Z,live,ok,live_endpoint,,TTC-PULSE/alerts/raw_snapshots/alerts_20260402T023129Z.pb,TTC-PULSE/alerts/raw_snapshots/alerts_20260402T023129Z.pb,2864,8b21b9919ee68e226564b1106aaa4b9ac21dfa865175607a7f48b0be6ff35e28,
alerts_sidecar_20260402T023159Z,2026-04-02T02:32:00Z,2026-04-02T02:31:59Z,2026-04-02T02:30:00Z,2026-04-02T03:00:00Z,live,ok,live_endpoint,,TTC-PULSE/alerts/raw_snapshots/alerts_20260402T023159Z.pb,TTC-PULSE/alerts/raw_snapshots/alerts_20260402T023159Z.pb,9884,f0d1eda806e655e67040835144ad4d5b7cef8a012914731db9aa374ac821ea32,
alerts_sidecar_20260402T023159Z,2026-04-02T02:32:00Z,2026-04-02T02:31:59Z,2026-04-02T02:30:00Z,2026-04-02T03:00:00Z,live,ok,live_endpoint,,TTC-PULSE/alerts/raw_snapshots/alerts_20260402T023159Z.pb,TTC-PULSE/alerts/raw_snapshots/alerts_20260402T023159Z.pb,2249,eedcc9048afd7c4683bfb9132be258fe7090d34991e9309a7a2d5daa777f697f,
alerts_sidecar_20260402T023159Z,2026-04-02T02:32:01Z,2026-04-02T02:31:59Z,2026-04-02T02:30:00Z,2026-04-02T03:00:00Z,live,ok,live_endpoint,,TTC-PULSE/alerts/raw_snapshots/alerts_20260402T023159Z.pb,TTC-PULSE/alerts/raw_snapshots/alerts_20260402T023159Z.pb,2864,61b52feeddcb79c9a8b55c9f865f598d8eae58ec2825b4b984282f4c1e215008,
alerts_sidecar_20260402T023229Z,2026-04-02T02:32:30Z,2026-04-02T02:32:29Z,2026-04-02T02:30:00Z,2026-04-02T03:00:00Z,live,ok,live_endpoint,,TTC-PULSE/alerts/raw_snapshots/alerts_20260402T023229Z.pb,TTC-PULSE/alerts/raw_snapshots/alerts_20260402T023229Z.pb,9884,82a8e005030d943a1a68839c1bc30135c329c38b7d8f2baaec64248ef5941490,
alerts_sidecar_20260402T023229Z,2026-04-02T02:32:30Z,2026-04-02T02:32:29Z,2026-04-02T02:30:00Z,2026-04-02T03:00:00Z,live,ok,live_endpoint,,TTC-PULSE/alerts/raw_snapshots/alerts_20260402T023229Z.pb,TTC-PULSE/alerts/raw_snapshots/alerts_20260402T023229Z.pb,2249,4b6d9c87cb69d650525b5a969164a68d594e45c598404276be90c4945edcd165,
alerts_sidecar_20260402T023229Z,2026-04-02T02:32:31Z,2026-04-02T02:32:29Z,2026-04-02T02:30:00Z,2026-04-02T03:00:00Z,live,ok,live_endpoint,,TTC-PULSE/alerts/raw_snapshots/alerts_20260402T023229Z.pb,TTC-PULSE/alerts/raw_snapshots/alerts_20260402T023229Z.pb,2864,085ac7a3075baa43110de62a418bb484c431ee3b41816485d367977066312193,
alerts_sidecar_20260402T023259Z,2026-04-02T02:33:00Z,2026-04-02T02:32:59Z,2026-04-02T02:30:00Z,2026-04-02T03:00:00Z,live,ok,live_endpoint,,TTC-PULSE/alerts/raw_snapshots/alerts_20260402T023259Z.pb,TTC-PULSE/alerts/raw_snapshots/alerts_20260402T023259Z.pb,9884,39fa32d99bef4540a7b395e784578d1e9db7954bb9eaf29f86485f75673cc5c2,
alerts_sidecar_20260402T023259Z,2026-04-02T02:33:00Z,2026-04-02T02:32:59Z,2026-04-02T02:30:00Z,2026-04-02T03:00:00Z,live,ok,live_endpoint,,TTC-PULSE/alerts/raw_snapshots/alerts_20260402T023259Z.pb,TTC-PULSE/alerts/raw_snapshots/alerts_20260402T023259Z.pb,2249,464f336746cc900b4cd22fba63cbb30cc95ad5722317f2ba9144e7e2971590ce,
alerts_sidecar_20260402T023259Z,2026-04-02T02:33:01Z,2026-04-02T02:32:59Z,2026-04-02T02:30:00Z,2026-04-02T03:00:00Z,live,ok,live_endpoint,,TTC-PULSE/alerts/raw_snapshots/alerts_20260402T023259Z.pb,TTC-PULSE/alerts/raw_snapshots/alerts_20260402T023259Z.pb,2864,a48018ebc0e50cec89f025b71b5ad1c9ed5c94cac6082f80b948a7a5c8f393ca,
alerts_sidecar_20260402T023329Z,2026-04-02T02:33:30Z,2026-04-02T02:33:29Z,2026-04-02T02:30:00Z,2026-04-02T03:00:00Z,live,ok,live_endpoint,,TTC-PULSE/alerts/raw_snapshots/alerts_20260402T023329Z.pb,TTC-PULSE/alerts/raw_snapshots/alerts_20260402T023329Z.pb,9884,d3f164b7f148208ebd048bf8d122be5211724e2891d3308708f7c57cc88d57e5,
alerts_sidecar_20260402T023329Z,2026-04-02T02:33:30Z,2026-04-02T02:33:29Z,2026-04-02T02:30:00Z,2026-04-02T03:00:00Z,live,ok,live_endpoint,,TTC-PULSE/alerts/raw_snapshots/alerts_20260402T023329Z.pb,TTC-PULSE/alerts/raw_snapshots/alerts_20260402T023329Z.pb,2249,301b8f25e0f11427df9c2f6bdfb47e26a83b1a8dd564f19c97e01f3fd5d35be1,
alerts_sidecar_20260402T023329Z,2026-04-02T02:33:31Z,2026-04-02T02:33:29Z,2026-04-02T02:30:00Z,2026-04-02T03:00:00Z,live,ok,live_endpoint,,TTC-PULSE/alerts/raw_snapshots/alerts_20260402T023329Z.pb,TTC-PULSE/alerts/raw_snapshots/alerts_20260402T023329Z.pb,2864,ec40c5398714b238a928b287e4dc95b08ed81a78b4e2174ede2604bcfbe27bc4,
alerts_sidecar_20260402T023359Z,2026-04-02T02:34:00Z,2026-04-02T02:33:59Z,2026-04-02T02:30:00Z,2026-04-02T03:00:00Z,live,ok,live_endpoint,,TTC-PULSE/alerts/raw_snapshots/alerts_20260402T023359Z.pb,TTC-PULSE/alerts/raw_snapshots/alerts_20260402T023359Z.pb,10366,27018c7cbdba98dbf12766f13e85b42a3453a898b75557bd8cb7e3ded9f03570,
alerts_sidecar_20260402T023359Z,2026-04-02T02:34:00Z,2026-04-02T02:33:59Z,2026-04-02T02:30:00Z,2026-04-02T03:00:00Z,live,ok,live_endpoint,,TTC-PULSE/alerts/raw_snapshots/alerts_20260402T023359Z.pb,TTC-PULSE/alerts/raw_snapshots/alerts_20260402T023359Z.pb,2249,d8d4f2006c777db102063aede1d970e5360a50d5ee304ca9880b42b04d1ec931,
alerts_sidecar_20260402T023359Z,2026-04-02T02:34:01Z,2026-04-02T02:33:59Z,2026-04-02T02:30:00Z,2026-04-02T03:00:00Z,live,ok,live_endpoint,,TTC-PULSE/alerts/raw_snapshots/alerts_20260402T023359Z.pb,TTC-PULSE/alerts/raw_snapshots/alerts_20260402T023359Z.pb,2864,47f86f5e4301015fd7d37c145d4597bbd55c07be7d35b3c518dc68b3b5e271ed,
alerts_sidecar_20260402T023429Z,2026-04-02T02:34:30Z,2026-04-02T02:34:29Z,2026-04-02T02:30:00Z,2026-04-02T03:00:00Z,live,ok,live_endpoint,,TTC-PULSE/alerts/raw_snapshots/alerts_20260402T023429Z.pb,TTC-PULSE/alerts/raw_snapshots/alerts_20260402T023429Z.pb,10366,354c8464ffab9f8f6974e67d42889cc60d8008257fa363d7e5254f7836e94904,
alerts_sidecar_20260402T023429Z,2026-04-02T02:34:30Z,2026-04-02T02:34:29Z,2026-04-02T02:30:00Z,2026-04-02T03:00:00Z,live,ok,live_endpoint,,TTC-PULSE/alerts/raw_snapshots/alerts_20260402T023429Z.pb,TTC-PULSE/alerts/raw_snapshots/alerts_20260402T023429Z.pb,2249,e6152730bcb2ac981c9c078d5016006203eec3379ee004c3aec5c88cd7761575,
alerts_sidecar_20260402T023429Z,2026-04-02T02:34:31Z,2026-04-02T02:34:29Z,2026-04-02T02:30:00Z,2026-04-02T03:00:00Z,live,ok,live_endpoint,,TTC-PULSE/alerts/raw_snapshots/alerts_20260402T023429Z.pb,TTC-PULSE/alerts/raw_snapshots/alerts_20260402T023429Z.pb,2864,d506893163c798af03a94ae778f0bda5bcb9c1c52689edee72c9446a2018cc99,
alerts_sidecar_20260402T023459Z,2026-04-02T02:35:00Z,2026-04-02T02:34:59Z,2026-04-02T02:30:00Z,2026-04-02T03:00:00Z,live,ok,live_endpoint,,TTC-PULSE/alerts/raw_snapshots/alerts_20260402T023459Z.pb,TTC-PULSE/alerts/raw_snapshots/alerts_20260402T023459Z.pb,9884,5524678b13c2e107513eca593a00f48d4ed129d4a185106ad015becba41adbab,
alerts_sidecar_20260402T023459Z,2026-04-02T02:35:00Z,2026-04-02T02:34:59Z,2026-04-02T02:30:00Z,2026-04-02T03:00:00Z,live,ok,live_endpoint,,TTC-PULSE/alerts/raw_snapshots/alerts_20260402T023459Z.pb,TTC-PULSE/alerts/raw_snapshots/alerts_20260402T023459Z.pb,2249,99bb49e435b92ff80d8c4f23d8b46f8933a2f722d0e44b17a456699efdb417d7,
alerts_sidecar_20260402T023459Z,2026-04-02T02:35:01Z,2026-04-02T02:34:59Z,2026-04-02T02:30:00Z,2026-04-02T03:00:00Z,live,ok,live_endpoint,,TTC-PULSE/alerts/raw_snapshots/alerts_20260402T023459Z.pb,TTC-PULSE/alerts/raw_snapshots/alerts_20260402T023459Z.pb,2864,1f919aa18429ea9443370ba55109f2769d3e13fd8e1b8214517bafdf371cd6f2,
alerts_sidecar_20260402T024525Z,2026-04-02T02:45:26Z,2026-04-02T02:45:25Z,2026-04-02T02:30:00Z,2026-04-02T03:00:00Z,live,ok,live_endpoint,,TTC-PULSE/alerts/raw_snapshots/alerts_20260402T024525Z.pb,TTC-PULSE/alerts/raw_snapshots/alerts_20260402T024525Z.pb,9884,da4cc965e45408b0bfa6df18c432361857f1ed9b68e28ba2f3ed23279172a4df,
alerts_sidecar_20260402T024525Z,2026-04-02T02:45:26Z,2026-04-02T02:45:25Z,2026-04-02T02:30:00Z,2026-04-02T03:00:00Z,live,ok,live_endpoint,,TTC-PULSE/alerts/raw_snapshots/alerts_20260402T024525Z.pb,TTC-PULSE/alerts/raw_snapshots/alerts_20260402T024525Z.pb,2249,77c8fde2ccdf2ceb6ea37fff6b8d6b5ff0762b127b7c4d635c2bca71e72b74a7,
alerts_sidecar_20260402T024525Z,2026-04-02T02:45:26Z,2026-04-02T02:45:25Z,2026-04-02T02:30:00Z,2026-04-02T03:00:00Z,live,ok,live_endpoint,,TTC-PULSE/alerts/raw_snapshots/alerts_20260402T024525Z.pb,TTC-PULSE/alerts/raw_snapshots/alerts_20260402T024525Z.pb,2864,d25992e2530c4a9810149d605e2e13d401e7cdfddb8836c18b0545419da43c8a,
alerts_sidecar_20260402T024555Z,2026-04-02T02:45:56Z,2026-04-02T02:45:55Z,2026-04-02T02:30:00Z,2026-04-02T03:00:00Z,live,ok,live_endpoint,,TTC-PULSE/alerts/raw_snapshots/alerts_20260402T024555Z.pb,TTC-PULSE/alerts/raw_snapshots/alerts_20260402T024555Z.pb,9884,30711bfe0418a38b90d5cd1db6d7e047d67281831f916bc623fd61dac01d545e,
alerts_sidecar_20260402T024555Z,2026-04-02T02:45:56Z,2026-04-02T02:45:55Z,2026-04-02T02:30:00Z,2026-04-02T03:00:00Z,live,ok,live_endpoint,,TTC-PULSE/alerts/raw_snapshots/alerts_20260402T024555Z.pb,TTC-PULSE/alerts/raw_snapshots/alerts_20260402T024555Z.pb,2249,1976a1e3f8b6f1dc774c062bb6502be879ee0bbde80a46e6a69afc5a9c51427a,
alerts_sidecar_20260402T024555Z,2026-04-02T02:45:56Z,2026-04-02T02:45:55Z,2026-04-02T02:30:00Z,2026-04-02T03:00:00Z,live,ok,live_endpoint,,TTC-PULSE/alerts/raw_snapshots/alerts_20260402T024555Z.pb,TTC-PULSE/alerts/raw_snapshots/alerts_20260402T024555Z.pb,2864,29e243eb0b825b56a2e68dced7d5a4a06d689dfe3ad81fa337c9837e0749e5d5,
alerts_sidecar_20260402T024625Z,2026-04-02T02:46:26Z,2026-04-02T02:46:25Z,2026-04-02T02:30:00Z,2026-04-02T03:00:00Z,live,ok,live_endpoint,,TTC-PULSE/alerts/raw_snapshots/alerts_20260402T024625Z.pb,TTC-PULSE/alerts/raw_snapshots/alerts_20260402T024625Z.pb,9884,55809ff15b76254e0bfd3cd8549c40954b9e76d3bf465f7119709453c41ab96d,
alerts_sidecar_20260402T024625Z,2026-04-02T02:46:26Z,2026-04-02T02:46:25Z,2026-04-02T02:30:00Z,2026-04-02T03:00:00Z,live,ok,live_endpoint,,TTC-PULSE/alerts/raw_snapshots/alerts_20260402T024625Z.pb,TTC-PULSE/alerts/raw_snapshots/alerts_20260402T024625Z.pb,2249,d8c8614d6912123df8ff051869b64afb39f2ee767f7d3f507f5e3266e112e150,
alerts_sidecar_20260402T024625Z,2026-04-02T02:46:26Z,2026-04-02T02:46:25Z,2026-04-02T02:30:00Z,2026-04-02T03:00:00Z,live,ok,live_endpoint,,TTC-PULSE/alerts/raw_snapshots/alerts_20260402T024625Z.pb,TTC-PULSE/alerts/raw_snapshots/alerts_20260402T024625Z.pb,2864,208872432413b2ae6a444b0aa448a4d2140adec15ef2dbc47bb400995f921964,
alerts_sidecar_20260402T024655Z,2026-04-02T02:46:56Z,2026-04-02T02:46:55Z,2026-04-02T02:30:00Z,2026-04-02T03:00:00Z,live,ok,live_endpoint,,TTC-PULSE/alerts/raw_snapshots/alerts_20260402T024655Z.pb,TTC-PULSE/alerts/raw_snapshots/alerts_20260402T024655Z.pb,9884,89054004f2ddd657239e0028cea3c6b2d294d0f737f2fbbe80c92198f5f9cccb,
alerts_sidecar_20260402T024655Z,2026-04-02T02:46:56Z,2026-04-02T02:46:55Z,2026-04-02T02:30:00Z,2026-04-02T03:00:00Z,live,ok,live_endpoint,,TTC-PULSE/alerts/raw_snapshots/alerts_20260402T024655Z.pb,TTC-PULSE/alerts/raw_snapshots/alerts_20260402T024655Z.pb,2249,7319540dd3334d4be6efe8b9f824b334b2a3c9f58ae79e4711405948c2a58847,
alerts_sidecar_20260402T024655Z,2026-04-02T02:46:56Z,2026-04-02T02:46:55Z,2026-04-02T02:30:00Z,2026-04-02T03:00:00Z,live,ok,live_endpoint,,TTC-PULSE/alerts/raw_snapshots/alerts_20260402T024655Z.pb,TTC-PULSE/alerts/raw_snapshots/alerts_20260402T024655Z.pb,2864,2f46c2eadf8955be1dc1024752833ddca2a4f7b446e91bfe9d2bdf5e91400a84,
alerts_sidecar_20260402T024725Z,2026-04-02T02:47:26Z,2026-04-02T02:47:25Z,2026-04-02T02:30:00Z,2026-04-02T03:00:00Z,live,ok,live_endpoint,,TTC-PULSE/alerts/raw_snapshots/alerts_20260402T024725Z.pb,TTC-PULSE/alerts/raw_snapshots/alerts_20260402T024725Z.pb,9884,2d0476b94e89ac63aea032d7502c10dd19a34c96a1f616709a1c97ffbde2e864,
alerts_sidecar_20260402T024725Z,2026-04-02T02:47:26Z,2026-04-02T02:47:25Z,2026-04-02T02:30:00Z,2026-04-02T03:00:00Z,live,ok,live_endpoint,,TTC-PULSE/alerts/raw_snapshots/alerts_20260402T024725Z.pb,TTC-PULSE/alerts/raw_snapshots/alerts_20260402T024725Z.pb,2249,0e419312741477144e0fb48910c11e307050228acdbcd6c571071f171bcb84dc,
alerts_sidecar_20260402T024725Z,2026-04-02T02:47:26Z,2026-04-02T02:47:25Z,2026-04-02T02:30:00Z,2026-04-02T03:00:00Z,live,ok,live_endpoint,,TTC-PULSE/alerts/raw_snapshots/alerts_20260402T024725Z.pb,TTC-PULSE/alerts/raw_snapshots/alerts_20260402T024725Z.pb,2864,c538eafd7dfd8f491858931ff8380f93b1681d64bac5ed5776da0d3d40dad5e2,
alerts_sidecar_20260402T024755Z,2026-04-02T02:47:56Z,2026-04-02T02:47:55Z,2026-04-02T02:30:00Z,2026-04-02T03:00:00Z,live,ok,live_endpoint,,TTC-PULSE/alerts/raw_snapshots/alerts_20260402T024755Z.pb,TTC-PULSE/alerts/raw_snapshots/alerts_20260402T024755Z.pb,9884,0dbb938069df37ab22b09785cea022edb291732d676da923c311087e1eb6eb3b,
alerts_sidecar_20260402T024755Z,2026-04-02T02:47:56Z,2026-04-02T02:47:55Z,2026-04-02T02:30:00Z,2026-04-02T03:00:00Z,live,ok,live_endpoint,,TTC-PULSE/alerts/raw_snapshots/alerts_20260402T024755Z.pb,TTC-PULSE/alerts/raw_snapshots/alerts_20260402T024755Z.pb,2249,1734f1878e8fb64019f753244746e652998104fdf8138d5e85b3bb5c2d68da4b,
alerts_sidecar_20260402T024755Z,2026-04-02T02:47:56Z,2026-04-02T02:47:55Z,2026-04-02T02:30:00Z,2026-04-02T03:00:00Z,live,ok,live_endpoint,,TTC-PULSE/alerts/raw_snapshots/alerts_20260402T024755Z.pb,TTC-PULSE/alerts/raw_snapshots/alerts_20260402T024755Z.pb,2864,855725b65c9df86b82aa74a00cbd35598dfd1cf3cfef951f37608a8db24b81ee,
alerts_sidecar_20260402T024825Z,2026-04-02T02:48:26Z,2026-04-02T02:48:25Z,2026-04-02T02:30:00Z,2026-04-02T03:00:00Z,live,ok,live_endpoint,,TTC-PULSE/alerts/raw_snapshots/alerts_20260402T024825Z.pb,TTC-PULSE/alerts/raw_snapshots/alerts_20260402T024825Z.pb,9884,475e587e6b2667af65a6a4217f6b88a60ca9c88d9a2b88536c0b3e171511a85d,
alerts_sidecar_20260402T024825Z,2026-04-02T02:48:26Z,2026-04-02T02:48:25Z,2026-04-02T02:30:00Z,2026-04-02T03:00:00Z,live,ok,live_endpoint,,TTC-PULSE/alerts/raw_snapshots/alerts_20260402T024825Z.pb,TTC-PULSE/alerts/raw_snapshots/alerts_20260402T024825Z.pb,2249,575d92f1a4fe7da92722a0ab36f5d031c3d30314c1a72b865e976c87e0c287f2,
alerts_sidecar_20260402T024825Z,2026-04-02T02:48:26Z,2026-04-02T02:48:25Z,2026-04-02T02:30:00Z,2026-04-02T03:00:00Z,live,ok,live_endpoint,,TTC-PULSE/alerts/raw_snapshots/alerts_20260402T024825Z.pb,TTC-PULSE/alerts/raw_snapshots/alerts_20260402T024825Z.pb,2864,1b1b54cb8580b2e17f882ba69f257fe356d5ace0af8798fdb00599eaa4a36479,
alerts_sidecar_20260402T024855Z,2026-04-02T02:48:56Z,2026-04-02T02:48:55Z,2026-04-02T02:30:00Z,2026-04-02T03:00:00Z,live,ok,live_endpoint,,TTC-PULSE/alerts/raw_snapshots/alerts_20260402T024855Z.pb,TTC-PULSE/alerts/raw_snapshots/alerts_20260402T024855Z.pb,9884,f18a37cb182ecdb0eee33fe8ec5b4df3f50f3f626ff3c19dc71dceb8ca8de36e,
alerts_sidecar_20260402T024855Z,2026-04-02T02:48:56Z,2026-04-02T02:48:55Z,2026-04-02T02:30:00Z,2026-04-02T03:00:00Z,live,ok,live_endpoint,,TTC-PULSE/alerts/raw_snapshots/alerts_20260402T024855Z.pb,TTC-PULSE/alerts/raw_snapshots/alerts_20260402T024855Z.pb,2249,81adb49eed970d0ff96415d96258112ccbfbfa5d767cee2b8e3e447a0d0aef89,
alerts_sidecar_20260402T024855Z,2026-04-02T02:48:56Z,2026-04-02T02:48:55Z,2026-04-02T02:30:00Z,2026-04-02T03:00:00Z,live,ok,live_endpoint,,TTC-PULSE/alerts/raw_snapshots/alerts_20260402T024855Z.pb,TTC-PULSE/alerts/raw_snapshots/alerts_20260402T024855Z.pb,2864,a2f077c3fbe90030b5adfd0dd5c90dde512f5b8871023779a59cf05aa82a43f2,
alerts_sidecar_20260402T024925Z,2026-04-02T02:49:26Z,2026-04-02T02:49:25Z,2026-04-02T02:30:00Z,2026-04-02T03:00:00Z,live,ok,live_endpoint,,TTC-PULSE/alerts/raw_snapshots/alerts_20260402T024925Z.pb,TTC-PULSE/alerts/raw_snapshots/alerts_20260402T024925Z.pb,9884,2048bfc8d70ee1149a4840bfeea15f0d6d6705c47fb132efc362dddfb59808d4,
alerts_sidecar_20260402T024925Z,2026-04-02T02:49:26Z,2026-04-02T02:49:25Z,2026-04-02T02:30:00Z,2026-04-02T03:00:00Z,live,ok,live_endpoint,,TTC-PULSE/alerts/raw_snapshots/alerts_20260402T024925Z.pb,TTC-PULSE/alerts/raw_snapshots/alerts_20260402T024925Z.pb,2249,601882cdc51f1fa6e3d797140999d2a45ab0504ae31112461bfc34417b5f3053,
alerts_sidecar_20260402T024925Z,2026-04-02T02:49:26Z,2026-04-02T02:49:25Z,2026-04-02T02:30:00Z,2026-04-02T03:00:00Z,live,ok,live_endpoint,,TTC-PULSE/alerts/raw_snapshots/alerts_20260402T024925Z.pb,TTC-PULSE/alerts/raw_snapshots/alerts_20260402T024925Z.pb,2864,c7157e3e8d321e4459fc9653ddd81570e7c0f64166b35a40fc6282f4b46a7ad4,
alerts_sidecar_20260402T024955Z,2026-04-02T02:49:56Z,2026-04-02T02:49:55Z,2026-04-02T02:30:00Z,2026-04-02T03:00:00Z,live,ok,live_endpoint,,TTC-PULSE/alerts/raw_snapshots/alerts_20260402T024955Z.pb,TTC-PULSE/alerts/raw_snapshots/alerts_20260402T024955Z.pb,9884,2847b6995fbf161e7733ca35b96496c704a4b5016471e07a5bf204908e47cc04,
alerts_sidecar_20260402T024955Z,2026-04-02T02:49:56Z,2026-04-02T02:49:55Z,2026-04-02T02:30:00Z,2026-04-02T03:00:00Z,live,ok,live_endpoint,,TTC-PULSE/alerts/raw_snapshots/alerts_20260402T024955Z.pb,TTC-PULSE/alerts/raw_snapshots/alerts_20260402T024955Z.pb,2249,ff43a204566529d3f7fa737a81739174cbaecac422b88fa318254847dd6897a6,
alerts_sidecar_20260402T024955Z,2026-04-02T02:49:56Z,2026-04-02T02:49:55Z,2026-04-02T02:30:00Z,2026-04-02T03:00:00Z,live,ok,live_endpoint,,TTC-PULSE/alerts/raw_snapshots/alerts_20260402T024955Z.pb,TTC-PULSE/alerts/raw_snapshots/alerts_20260402T024955Z.pb,2864,93241e83e6bfeefba102ec3c38520e93dada4aa49d56e26d19b5d4b60dbd424e,
alerts_sidecar_20260402T025025Z,2026-04-02T02:50:26Z,2026-04-02T02:50:25Z,2026-04-02T02:30:00Z,2026-04-02T03:00:00Z,live,ok,live_endpoint,,TTC-PULSE/alerts/raw_snapshots/alerts_20260402T025025Z.pb,TTC-PULSE/alerts/raw_snapshots/alerts_20260402T025025Z.pb,9884,5fdf7fdd9a72f9bf3340a6c2640d0a335b5c757d35560b0cdfbe108a7bde42b2,
alerts_sidecar_20260402T025025Z,2026-04-02T02:50:26Z,2026-04-02T02:50:25Z,2026-04-02T02:30:00Z,2026-04-02T03:00:00Z,live,ok,live_endpoint,,TTC-PULSE/alerts/raw_snapshots/alerts_20260402T025025Z.pb,TTC-PULSE/alerts/raw_snapshots/alerts_20260402T025025Z.pb,2249,63ded90b2780341e1a9de17812d91dae2d8bc244fb3cca35b7eea1cc4a8aa8fa,
alerts_sidecar_20260402T025025Z,2026-04-02T02:50:26Z,2026-04-02T02:50:25Z,2026-04-02T02:30:00Z,2026-04-02T03:00:00Z,live,ok,live_endpoint,,TTC-PULSE/alerts/raw_snapshots/alerts_20260402T025025Z.pb,TTC-PULSE/alerts/raw_snapshots/alerts_20260402T025025Z.pb,2864,701e44c820ce796ed6a7a9da5e47817e802ae23b850cbd167d0e9dca0f8ee4e7,
alerts_sidecar_20260402T025055Z,2026-04-02T02:50:56Z,2026-04-02T02:50:55Z,2026-04-02T02:30:00Z,2026-04-02T03:00:00Z,live,ok,live_endpoint,,TTC-PULSE/alerts/raw_snapshots/alerts_20260402T025055Z.pb,TTC-PULSE/alerts/raw_snapshots/alerts_20260402T025055Z.pb,9884,8fba7d7fabd39c54accf5cf7ff8ee2dc4155feed080009fa9ad026b12f210279,
alerts_sidecar_20260402T025055Z,2026-04-02T02:50:56Z,2026-04-02T02:50:55Z,2026-04-02T02:30:00Z,2026-04-02T03:00:00Z,live,ok,live_endpoint,,TTC-PULSE/alerts/raw_snapshots/alerts_20260402T025055Z.pb,TTC-PULSE/alerts/raw_snapshots/alerts_20260402T025055Z.pb,2249,e3ebb86d5310e711cbdd43f23cd55386256f670ed8774589c9a2c38313e7a8b0,
alerts_sidecar_20260402T025055Z,2026-04-02T02:50:56Z,2026-04-02T02:50:55Z,2026-04-02T02:30:00Z,2026-04-02T03:00:00Z,live,ok,live_endpoint,,TTC-PULSE/alerts/raw_snapshots/alerts_20260402T025055Z.pb,TTC-PULSE/alerts/raw_snapshots/alerts_20260402T025055Z.pb,2864,82e0f3f332a8879c3151d4d2d3e91613b803029e695dfcd7bd8ec22bdd748758,
alerts_sidecar_20260402T025125Z,2026-04-02T02:51:26Z,2026-04-02T02:51:25Z,2026-04-02T02:30:00Z,2026-04-02T03:00:00Z,live,ok,live_endpoint,,TTC-PULSE/alerts/raw_snapshots/alerts_20260402T025125Z.pb,TTC-PULSE/alerts/raw_snapshots/alerts_20260402T025125Z.pb,9884,5ba81837a70922495f3484d9931347601d89b8aec2f29911b673bcf92a6e65dd,
alerts_sidecar_20260402T025125Z,2026-04-02T02:51:26Z,2026-04-02T02:51:25Z,2026-04-02T02:30:00Z,2026-04-02T03:00:00Z,live,ok,live_endpoint,,TTC-PULSE/alerts/raw_snapshots/alerts_20260402T025125Z.pb,TTC-PULSE/alerts/raw_snapshots/alerts_20260402T025125Z.pb,2249,626800d8ddeda7809b91054f48f81f85c7e4e975d6d484789b90a6a9d44b631a,
alerts_sidecar_20260402T025125Z,2026-04-02T02:51:26Z,2026-04-02T02:51:25Z,2026-04-02T02:30:00Z,2026-04-02T03:00:00Z,live,ok,live_endpoint,,TTC-PULSE/alerts/raw_snapshots/alerts_20260402T025125Z.pb,TTC-PULSE/alerts/raw_snapshots/alerts_20260402T025125Z.pb,2864,bfe2d6fbe9f7ac31767a70c21dd398876572edc745509105e5d537bdd4488a76,
alerts_sidecar_20260402T025155Z,2026-04-02T02:51:56Z,2026-04-02T02:51:55Z,2026-04-02T02:30:00Z,2026-04-02T03:00:00Z,live,ok,live_endpoint,,TTC-PULSE/alerts/raw_snapshots/alerts_20260402T025155Z.pb,TTC-PULSE/alerts/raw_snapshots/alerts_20260402T025155Z.pb,9884,ed41430f91378dd01e3edb50fe14cc9a4f541bee51a852b85e9f5173c8bbb95b,
alerts_sidecar_20260402T025155Z,2026-04-02T02:51:56Z,2026-04-02T02:51:55Z,2026-04-02T02:30:00Z,2026-04-02T03:00:00Z,live,ok,live_endpoint,,TTC-PULSE/alerts/raw_snapshots/alerts_20260402T025155Z.pb,TTC-PULSE/alerts/raw_snapshots/alerts_20260402T025155Z.pb,2249,3182450dbf40d25a363c85d7f0c39eb4d70785fd71110b560d230f14a3bf41aa,
alerts_sidecar_20260402T025155Z,2026-04-02T02:51:56Z,2026-04-02T02:51:55Z,2026-04-02T02:30:00Z,2026-04-02T03:00:00Z,live,ok,live_endpoint,,TTC-PULSE/alerts/raw_snapshots/alerts_20260402T025155Z.pb,TTC-PULSE/alerts/raw_snapshots/alerts_20260402T025155Z.pb,2864,b0eca1cd3b132ad0544b300ca2efe9615c730f0b2838abffdc64fbdc1217024b,
alerts_sidecar_20260402T025225Z,2026-04-02T02:52:26Z,2026-04-02T02:52:25Z,2026-04-02T02:30:00Z,2026-04-02T03:00:00Z,live,ok,live_endpoint,,TTC-PULSE/alerts/raw_snapshots/alerts_20260402T025225Z.pb,TTC-PULSE/alerts/raw_snapshots/alerts_20260402T025225Z.pb,9884,71684ceda97be4882b4b25ad7f7f65471777d8e4c02b7e43931dbe3cb9e76334,
alerts_sidecar_20260402T025225Z,2026-04-02T02:52:26Z,2026-04-02T02:52:25Z,2026-04-02T02:30:00Z,2026-04-02T03:00:00Z,live,ok,live_endpoint,,TTC-PULSE/alerts/raw_snapshots/alerts_20260402T025225Z.pb,TTC-PULSE/alerts/raw_snapshots/alerts_20260402T025225Z.pb,2249,21239f55e3fcddce8284c3900ac8550db350ded2dc1a86713834289a81b630b4,
alerts_sidecar_20260402T025225Z,2026-04-02T02:52:26Z,2026-04-02T02:52:25Z,2026-04-02T02:30:00Z,2026-04-02T03:00:00Z,live,ok,live_endpoint,,TTC-PULSE/alerts/raw_snapshots/alerts_20260402T025225Z.pb,TTC-PULSE/alerts/raw_snapshots/alerts_20260402T025225Z.pb,2864,033b22f64a6ee63ad608813fb46ab6b2695090393515faf820e8e57f585164dc,
alerts_sidecar_20260402T025255Z,2026-04-02T02:52:56Z,2026-04-02T02:52:55Z,2026-04-02T02:30:00Z,2026-04-02T03:00:00Z,live,ok,live_endpoint,,TTC-PULSE/alerts/raw_snapshots/alerts_20260402T025255Z.pb,TTC-PULSE/alerts/raw_snapshots/alerts_20260402T025255Z.pb,9884,038b07399981886e45479fb79a43cbad51bb665e2c949a2bdb62d9980163a1d0,
alerts_sidecar_20260402T025255Z,2026-04-02T02:52:56Z,2026-04-02T02:52:55Z,2026-04-02T02:30:00Z,2026-04-02T03:00:00Z,live,ok,live_endpoint,,TTC-PULSE/alerts/raw_snapshots/alerts_20260402T025255Z.pb,TTC-PULSE/alerts/raw_snapshots/alerts_20260402T025255Z.pb,2249,60b7692f13279cba11e3bcf18399ea57e90785b280b7e466f2b95820653acdeb,
alerts_sidecar_20260402T025255Z,2026-04-02T02:52:56Z,2026-04-02T02:52:55Z,2026-04-02T02:30:00Z,2026-04-02T03:00:00Z,live,ok,live_endpoint,,TTC-PULSE/alerts/raw_snapshots/alerts_20260402T025255Z.pb,TTC-PULSE/alerts/raw_snapshots/alerts_20260402T025255Z.pb,2864,fd80e6b8317d6fe818740497a4c30cdfea9ed80666ca33474acf578cd0afadc4,
alerts_sidecar_20260402T025325Z,2026-04-02T02:53:26Z,2026-04-02T02:53:25Z,2026-04-02T02:30:00Z,2026-04-02T03:00:00Z,live,ok,live_endpoint,,TTC-PULSE/alerts/raw_snapshots/alerts_20260402T025325Z.pb,TTC-PULSE/alerts/raw_snapshots/alerts_20260402T025325Z.pb,9884,245c9cc1972c86acd6fd823c8c6a59d2ab8f6396cc3dd6892089a454548bfeba,
alerts_sidecar_20260402T025325Z,2026-04-02T02:53:26Z,2026-04-02T02:53:25Z,2026-04-02T02:30:00Z,2026-04-02T03:00:00Z,live,ok,live_endpoint,,TTC-PULSE/alerts/raw_snapshots/alerts_20260402T025325Z.pb,TTC-PULSE/alerts/raw_snapshots/alerts_20260402T025325Z.pb,2249,e61612fe1fb9b007f10dd227e81f55c6bafd95e34d4bb6ac6e7e6a8c82d88e6c,
alerts_sidecar_20260402T025325Z,2026-04-02T02:53:26Z,2026-04-02T02:53:25Z,2026-04-02T02:30:00Z,2026-04-02T03:00:00Z,live,ok,live_endpoint,,TTC-PULSE/alerts/raw_snapshots/alerts_20260402T025325Z.pb,TTC-PULSE/alerts/raw_snapshots/alerts_20260402T025325Z.pb,2864,0f56b94a9414a8de327bb832bde3ad1fc6de52503fcbd5396bddba2b70047a40,
alerts_sidecar_20260402T025355Z,2026-04-02T02:53:56Z,2026-04-02T02:53:55Z,2026-04-02T02:30:00Z,2026-04-02T03:00:00Z,live,ok,live_endpoint,,TTC-PULSE/alerts/raw_snapshots/alerts_20260402T025355Z.pb,TTC-PULSE/alerts/raw_snapshots/alerts_20260402T025355Z.pb,9884,ffa0b415a04398ac89cb1501fe508f84c0f414afba4a206d2dab954a4780e2c2,
alerts_sidecar_20260402T025355Z,2026-04-02T02:53:56Z,2026-04-02T02:53:55Z,2026-04-02T02:30:00Z,2026-04-02T03:00:00Z,live,ok,live_endpoint,,TTC-PULSE/alerts/raw_snapshots/alerts_20260402T025355Z.pb,TTC-PULSE/alerts/raw_snapshots/alerts_20260402T025355Z.pb,2249,669a7f4f33113d006761fb16873c03fecaf9aebe80734064197f6d2d8e45dcd5,
alerts_sidecar_20260402T025355Z,2026-04-02T02:53:56Z,2026-04-02T02:53:55Z,2026-04-02T02:30:00Z,2026-04-02T03:00:00Z,live,ok,live_endpoint,,TTC-PULSE/alerts/raw_snapshots/alerts_20260402T025355Z.pb,TTC-PULSE/alerts/raw_snapshots/alerts_20260402T025355Z.pb,2864,9c1207b3d60d5cfd334a041da98172f433da67ca1386550e138717ce9452f6b9,
alerts_sidecar_20260402T025425Z,2026-04-02T02:54:26Z,2026-04-02T02:54:25Z,2026-04-02T02:30:00Z,2026-04-02T03:00:00Z,live,ok,live_endpoint,,TTC-PULSE/alerts/raw_snapshots/alerts_20260402T025425Z.pb,TTC-PULSE/alerts/raw_snapshots/alerts_20260402T025425Z.pb,9884,52ff5f03a2cd8b1fe42f520da70352da6c06a1881f3d3ca8f46e2f9851124eda,
alerts_sidecar_20260402T025425Z,2026-04-02T02:54:26Z,2026-04-02T02:54:25Z,2026-04-02T02:30:00Z,2026-04-02T03:00:00Z,live,ok,live_endpoint,,TTC-PULSE/alerts/raw_snapshots/alerts_20260402T025425Z.pb,TTC-PULSE/alerts/raw_snapshots/alerts_20260402T025425Z.pb,2249,614d3d130331df1d3963fb649b1d51505c4938c390340752742c7a06c5c503f9,
alerts_sidecar_20260402T025425Z,2026-04-02T02:54:26Z,2026-04-02T02:54:25Z,2026-04-02T02:30:00Z,2026-04-02T03:00:00Z,live,ok,live_endpoint,,TTC-PULSE/alerts/raw_snapshots/alerts_20260402T025425Z.pb,TTC-PULSE/alerts/raw_snapshots/alerts_20260402T025425Z.pb,2864,b7f31e7a7632e87b9f244023606754056aceb9393872a63ce4c2986b89eb2d12,
alerts_sidecar_20260402T025455Z,2026-04-02T02:54:56Z,2026-04-02T02:54:55Z,2026-04-02T02:30:00Z,2026-04-02T03:00:00Z,live,ok,live_endpoint,,TTC-PULSE/alerts/raw_snapshots/alerts_20260402T025455Z.pb,TTC-PULSE/alerts/raw_snapshots/alerts_20260402T025455Z.pb,9884,e5d39e3822caf988e18dd01eba3f6e7e91299421aa6e3d0ae41a644e4b3254ec,
alerts_sidecar_20260402T025455Z,2026-04-02T02:54:56Z,2026-04-02T02:54:55Z,2026-04-02T02:30:00Z,2026-04-02T03:00:00Z,live,ok,live_endpoint,,TTC-PULSE/alerts/raw_snapshots/alerts_20260402T025455Z.pb,TTC-PULSE/alerts/raw_snapshots/alerts_20260402T025455Z.pb,1852,2196206f8cb13d33d71620954b70451fae07cc7830e0b83ba966e7811aca379e,
alerts_sidecar_20260402T025455Z,2026-04-02T02:54:56Z,2026-04-02T02:54:55Z,2026-04-02T02:30:00Z,2026-04-02T03:00:00Z,live,ok,live_endpoint,,TTC-PULSE/alerts/raw_snapshots/alerts_20260402T025455Z.pb,TTC-PULSE/alerts/raw_snapshots/alerts_20260402T025455Z.pb,2864,73695c3c336047974c03d4eae36329bbac4734767443fc5b821ae6914e830d53,
alerts_sidecar_20260402T025525Z,2026-04-02T02:55:26Z,2026-04-02T02:55:25Z,2026-04-02T02:30:00Z,2026-04-02T03:00:00Z,live,ok,live_endpoint,,TTC-PULSE/alerts/raw_snapshots/alerts_20260402T025525Z.pb,TTC-PULSE/alerts/raw_snapshots/alerts_20260402T025525Z.pb,9884,63847d8e8db2f21b9600886b9370ca93930cdd1962931d8b5b7f87e1d354a660,
alerts_sidecar_20260402T025525Z,2026-04-02T02:55:26Z,2026-04-02T02:55:25Z,2026-04-02T02:30:00Z,2026-04-02T03:00:00Z,live,ok,live_endpoint,,TTC-PULSE/alerts/raw_snapshots/alerts_20260402T025525Z.pb,TTC-PULSE/alerts/raw_snapshots/alerts_20260402T025525Z.pb,1087,6311550c66177e1f67a3658f8434f49414cb2c4b76fec87966febbe8e538180a,
alerts_sidecar_20260402T025525Z,2026-04-02T02:55:26Z,2026-04-02T02:55:25Z,2026-04-02T02:30:00Z,2026-04-02T03:00:00Z,live,ok,live_endpoint,,TTC-PULSE/alerts/raw_snapshots/alerts_20260402T025525Z.pb,TTC-PULSE/alerts/raw_snapshots/alerts_20260402T025525Z.pb,2864,c3ad986441c2c262ddfa32fefd3cde8b1c2f2cbba35eb299a7690c752db04148,
alerts_sidecar_20260402T025555Z,2026-04-02T02:55:56Z,2026-04-02T02:55:55Z,2026-04-02T02:30:00Z,2026-04-02T03:00:00Z,live,ok,live_endpoint,,TTC-PULSE/alerts/raw_snapshots/alerts_20260402T025555Z.pb,TTC-PULSE/alerts/raw_snapshots/alerts_20260402T025555Z.pb,9884,0cbfa2ffa53d77777bce92b01e75dbe8a857162f5f8a54b5919c4b0e1fff9fe7,
alerts_sidecar_20260402T025555Z,2026-04-02T02:55:56Z,2026-04-02T02:55:55Z,2026-04-02T02:30:00Z,2026-04-02T03:00:00Z,live,ok,live_endpoint,,TTC-PULSE/alerts/raw_snapshots/alerts_20260402T025555Z.pb,TTC-PULSE/alerts/raw_snapshots/alerts_20260402T025555Z.pb,1087,535c3ecac2b5800d0bb1e07677ddfbeadd5fd3e642b2d17f737b8d0d9ce12f1f,
alerts_sidecar_20260402T025555Z,2026-04-02T02:55:56Z,2026-04-02T02:55:55Z,2026-04-02T02:30:00Z,2026-04-02T03:00:00Z,live,ok,live_endpoint,,TTC-PULSE/alerts/raw_snapshots/alerts_20260402T025555Z.pb,TTC-PULSE/alerts/raw_snapshots/alerts_20260402T025555Z.pb,2864,ecbf0c18b15d863dc699479924d4cd8358719f9118df33a29bae99122096107b,
alerts_sidecar_20260402T025625Z,2026-04-02T02:56:26Z,2026-04-02T02:56:25Z,2026-04-02T02:30:00Z,2026-04-02T03:00:00Z,live,ok,live_endpoint,,TTC-PULSE/alerts/raw_snapshots/alerts_20260402T025625Z.pb,TTC-PULSE/alerts/raw_snapshots/alerts_20260402T025625Z.pb,9884,e1246b53e759fc0c76e0d621adfa4abf9fd0bcd1ce18fbe616ea44b6d9d9544c,
alerts_sidecar_20260402T025625Z,2026-04-02T02:56:26Z,2026-04-02T02:56:25Z,2026-04-02T02:30:00Z,2026-04-02T03:00:00Z,live,ok,live_endpoint,,TTC-PULSE/alerts/raw_snapshots/alerts_20260402T025625Z.pb,TTC-PULSE/alerts/raw_snapshots/alerts_20260402T025625Z.pb,1087,310646d2ffe8873a03a41f8b864b8f3b7975507c5213271cf0ad7ba23d6e38c6,
alerts_sidecar_20260402T025625Z,2026-04-02T02:56:26Z,2026-04-02T02:56:25Z,2026-04-02T02:30:00Z,2026-04-02T03:00:00Z,live,ok,live_endpoint,,TTC-PULSE/alerts/raw_snapshots/alerts_20260402T025625Z.pb,TTC-PULSE/alerts/raw_snapshots/alerts_20260402T025625Z.pb,2864,a3080debc3dbc1a89f05d006dddb91723580648cc2bb4678af79d4f66f723632,
alerts_sidecar_20260402T025655Z,2026-04-02T02:56:56Z,2026-04-02T02:56:55Z,2026-04-02T02:30:00Z,2026-04-02T03:00:00Z,live,ok,live_endpoint,,TTC-PULSE/alerts/raw_snapshots/alerts_20260402T025655Z.pb,TTC-PULSE/alerts/raw_snapshots/alerts_20260402T025655Z.pb,9884,f204c1e9a96c083e45a3ba64a94c140375e047003e79873211a37d905fef1755,
alerts_sidecar_20260402T025655Z,2026-04-02T02:56:56Z,2026-04-02T02:56:55Z,2026-04-02T02:30:00Z,2026-04-02T03:00:00Z,live,ok,live_endpoint,,TTC-PULSE/alerts/raw_snapshots/alerts_20260402T025655Z.pb,TTC-PULSE/alerts/raw_snapshots/alerts_20260402T025655Z.pb,1087,d7f5701af3edb4010aa8a420d9adfac8c2d0c5ad67d3e97871d7c6054a544b39,
alerts_sidecar_20260402T025655Z,2026-04-02T02:56:57Z,2026-04-02T02:56:55Z,2026-04-02T02:30:00Z,2026-04-02T03:00:00Z,live,ok,live_endpoint,,TTC-PULSE/alerts/raw_snapshots/alerts_20260402T025655Z.pb,TTC-PULSE/alerts/raw_snapshots/alerts_20260402T025655Z.pb,2864,84449e58a9eebb63b5f8c0c4e359341afc1c5833a1d65cd6015fcf2ea73b8453,
alerts_sidecar_20260402T025725Z,2026-04-02T02:57:26Z,2026-04-02T02:57:25Z,2026-04-02T02:30:00Z,2026-04-02T03:00:00Z,live,ok,live_endpoint,,TTC-PULSE/alerts/raw_snapshots/alerts_20260402T025725Z.pb,TTC-PULSE/alerts/raw_snapshots/alerts_20260402T025725Z.pb,9884,59d514f865ddaa322811b0d26980dd88f5cf6935046c1fc52fe492c2b5f2e33f,
alerts_sidecar_20260402T025725Z,2026-04-02T02:57:26Z,2026-04-02T02:57:25Z,2026-04-02T02:30:00Z,2026-04-02T03:00:00Z,live,ok,live_endpoint,,TTC-PULSE/alerts/raw_snapshots/alerts_20260402T025725Z.pb,TTC-PULSE/alerts/raw_snapshots/alerts_20260402T025725Z.pb,1087,a6f87e015377c7feea5845e83f6427e714bf0b86e477b5a266c169ba03473967,
alerts_sidecar_20260402T025725Z,2026-04-02T02:57:27Z,2026-04-02T02:57:25Z,2026-04-02T02:30:00Z,2026-04-02T03:00:00Z,live,ok,live_endpoint,,TTC-PULSE/alerts/raw_snapshots/alerts_20260402T025725Z.pb,TTC-PULSE/alerts/raw_snapshots/alerts_20260402T025725Z.pb,2864,2de9ad7f66efbce400a8426d97c3a892208bd1399a86630a4d2410e0f5ae2bc3,
alerts_sidecar_20260402T025755Z,2026-04-02T02:57:56Z,2026-04-02T02:57:55Z,2026-04-02T02:30:00Z,2026-04-02T03:00:00Z,live,ok,live_endpoint,,TTC-PULSE/alerts/raw_snapshots/alerts_20260402T025755Z.pb,TTC-PULSE/alerts/raw_snapshots/alerts_20260402T025755Z.pb,9884,825eb1e8a0746e5d57e62d7111e3ca91da1cd7ecc6d094ca6dc706f45955d965,
alerts_sidecar_20260402T025755Z,2026-04-02T02:57:56Z,2026-04-02T02:57:55Z,2026-04-02T02:30:00Z,2026-04-02T03:00:00Z,live,ok,live_endpoint,,TTC-PULSE/alerts/raw_snapshots/alerts_20260402T025755Z.pb,TTC-PULSE/alerts/raw_snapshots/alerts_20260402T025755Z.pb,1087,e6f04ec1177aecd6533820b640c3928d85abc4b3812951d4dd255903dfe009d7,
alerts_sidecar_20260402T025755Z,2026-04-02T02:57:57Z,2026-04-02T02:57:55Z,2026-04-02T02:30:00Z,2026-04-02T03:00:00Z,live,ok,live_endpoint,,TTC-PULSE/alerts/raw_snapshots/alerts_20260402T025755Z.pb,TTC-PULSE/alerts/raw_snapshots/alerts_20260402T025755Z.pb,2864,ae67c2056764a8ab3c9a3b599fd73b9a24f05b45e0659519328b3c18fafe5a10,
alerts_sidecar_20260402T025825Z,2026-04-02T02:58:26Z,2026-04-02T02:58:25Z,2026-04-02T02:30:00Z,2026-04-02T03:00:00Z,live,ok,live_endpoint,,TTC-PULSE/alerts/raw_snapshots/alerts_20260402T025825Z.pb,TTC-PULSE/alerts/raw_snapshots/alerts_20260402T025825Z.pb,9884,c5e57f2aa57f8f5e05e3dabd7bc1833bdf261ddea822fc951bbb588152aef705,
alerts_sidecar_20260402T025825Z,2026-04-02T02:58:26Z,2026-04-02T02:58:25Z,2026-04-02T02:30:00Z,2026-04-02T03:00:00Z,live,ok,live_endpoint,,TTC-PULSE/alerts/raw_snapshots/alerts_20260402T025825Z.pb,TTC-PULSE/alerts/raw_snapshots/alerts_20260402T025825Z.pb,1087,e460ae1eab0d82d87c3b881f2433fe1fde7594bfe3d45c30209a645b1b2e0d76,
alerts_sidecar_20260402T025825Z,2026-04-02T02:58:27Z,2026-04-02T02:58:25Z,2026-04-02T02:30:00Z,2026-04-02T03:00:00Z,live,ok,live_endpoint,,TTC-PULSE/alerts/raw_snapshots/alerts_20260402T025825Z.pb,TTC-PULSE/alerts/raw_snapshots/alerts_20260402T025825Z.pb,2864,7437a7f0fdb334fb73ab7999c961e98355d108229006d4fa46d5d2c1bd075d6a,
alerts_sidecar_20260402T025855Z,2026-04-02T02:58:56Z,2026-04-02T02:58:55Z,2026-04-02T02:30:00Z,2026-04-02T03:00:00Z,live,ok,live_endpoint,,TTC-PULSE/alerts/raw_snapshots/alerts_20260402T025855Z.pb,TTC-PULSE/alerts/raw_snapshots/alerts_20260402T025855Z.pb,9884,935082d463e4b2f9813c0d8ee4533498ce5a1775c7deccfecef2f2232b6931ee,
alerts_sidecar_20260402T025855Z,2026-04-02T02:58:56Z,2026-04-02T02:58:55Z,2026-04-02T02:30:00Z,2026-04-02T03:00:00Z,live,ok,live_endpoint,,TTC-PULSE/alerts/raw_snapshots/alerts_20260402T025855Z.pb,TTC-PULSE/alerts/raw_snapshots/alerts_20260402T025855Z.pb,2269,04738b2c6bedde7ea9eeb1eb30b87679ddf177d77a2da4f682a7ca6274f3b980,
alerts_sidecar_20260402T025855Z,2026-04-02T02:58:57Z,2026-04-02T02:58:55Z,2026-04-02T02:30:00Z,2026-04-02T03:00:00Z,live,ok,live_endpoint,,TTC-PULSE/alerts/raw_snapshots/alerts_20260402T025855Z.pb,TTC-PULSE/alerts/raw_snapshots/alerts_20260402T025855Z.pb,2864,ef9bdbbb449c30c3c956677adf1072cc51b67ade4478d211156b09b472db1ec7,
alerts_sidecar_20260402T025925Z,2026-04-02T02:59:26Z,2026-04-02T02:59:25Z,2026-04-02T02:30:00Z,2026-04-02T03:00:00Z,live,ok,live_endpoint,,TTC-PULSE/alerts/raw_snapshots/alerts_20260402T025925Z.pb,TTC-PULSE/alerts/raw_snapshots/alerts_20260402T025925Z.pb,9884,f851f35216d4ff8b2acf3f40eb6ebd0633875a5e81608e25130f9cd872e9d91f,
alerts_sidecar_20260402T025925Z,2026-04-02T02:59:26Z,2026-04-02T02:59:25Z,2026-04-02T02:30:00Z,2026-04-02T03:00:00Z,live,ok,live_endpoint,,TTC-PULSE/alerts/raw_snapshots/alerts_20260402T025925Z.pb,TTC-PULSE/alerts/raw_snapshots/alerts_20260402T025925Z.pb,2269,dd1cea36afe9f75f6b329713c28f9a7fe760911a496485c07b625df81981d392,
alerts_sidecar_20260402T025925Z,2026-04-02T02:59:26Z,2026-04-02T02:59:25Z,2026-04-02T02:30:00Z,2026-04-02T03:00:00Z,live,ok,live_endpoint,,TTC-PULSE/alerts/raw_snapshots/alerts_20260402T025925Z.pb,TTC-PULSE/alerts/raw_snapshots/alerts_20260402T025925Z.pb,2864,ed60b71726b6284622c9f3f2f4a4786e098779c6df5c959461be1e858add6232,
alerts_sidecar_20260402T025955Z,2026-04-02T02:59:56Z,2026-04-02T02:59:55Z,2026-04-02T02:30:00Z,2026-04-02T03:00:00Z,live,ok,live_endpoint,,TTC-PULSE/alerts/raw_snapshots/alerts_20260402T025955Z.pb,TTC-PULSE/alerts/raw_snapshots/alerts_20260402T025955Z.pb,9884,22fa33a905fb1a73bfd27e93f90b17b14089dc2ac96e3d7b669df274c90f1f19,
alerts_sidecar_20260402T025955Z,2026-04-02T02:59:56Z,2026-04-02T02:59:55Z,2026-04-02T02:30:00Z,2026-04-02T03:00:00Z,live,ok,live_endpoint,,TTC-PULSE/alerts/raw_snapshots/alerts_20260402T025955Z.pb,TTC-PULSE/alerts/raw_snapshots/alerts_20260402T025955Z.pb,2269,bd3a8dd204351f8c5fc190627deb2ec3563d18fbd6147ab9fdcb9af2b0398f29,
alerts_sidecar_20260402T025955Z,2026-04-02T02:59:57Z,2026-04-02T02:59:55Z,2026-04-02T02:30:00Z,2026-04-02T03:00:00Z,live,ok,live_endpoint,,TTC-PULSE/alerts/raw_snapshots/alerts_20260402T025955Z.pb,TTC-PULSE/alerts/raw_snapshots/alerts_20260402T025955Z.pb,2864,cfee3488e5d6977e0e0dda8d133772a858809e2fb31719530756853498bfce07,
alerts_sidecar_20260402T030025Z,2026-04-02T03:00:26Z,2026-04-02T03:00:25Z,2026-04-02T03:00:00Z,2026-04-02T03:30:00Z,live,ok,live_endpoint,,TTC-PULSE/alerts/raw_snapshots/alerts_20260402T030025Z.pb,TTC-PULSE/alerts/raw_snapshots/alerts_20260402T030025Z.pb,9884,d0606d2511e5f3d2c38a7e09b98b238ee1548a5a8ec0e317912abff9185663b1,
alerts_sidecar_20260402T030025Z,2026-04-02T03:00:26Z,2026-04-02T03:00:25Z,2026-04-02T03:00:00Z,2026-04-02T03:30:00Z,live,ok,live_endpoint,,TTC-PULSE/alerts/raw_snapshots/alerts_20260402T030025Z.pb,TTC-PULSE/alerts/raw_snapshots/alerts_20260402T030025Z.pb,2269,2820f312a383e10d23ddcce49aa2c47bd3da163a89f0d157ba8567a47e202883,
alerts_sidecar_20260402T030025Z,2026-04-02T03:00:27Z,2026-04-02T03:00:25Z,2026-04-02T03:00:00Z,2026-04-02T03:30:00Z,live,ok,live_endpoint,,TTC-PULSE/alerts/raw_snapshots/alerts_20260402T030025Z.pb,TTC-PULSE/alerts/raw_snapshots/alerts_20260402T030025Z.pb,2864,318b4e5b27f3688027148c9e7ae90b62df0c49c7803995f200c88dec874961ac,
alerts_sidecar_20260402T030055Z,2026-04-02T03:00:56Z,2026-04-02T03:00:55Z,2026-04-02T03:00:00Z,2026-04-02T03:30:00Z,live,ok,live_endpoint,,TTC-PULSE/alerts/raw_snapshots/alerts_20260402T030055Z.pb,TTC-PULSE/alerts/raw_snapshots/alerts_20260402T030055Z.pb,9884,3129133c80c8d54d79fa0975951bc223570e556046c23d3971d5b54500f426fc,
alerts_sidecar_20260402T030055Z,2026-04-02T03:00:56Z,2026-04-02T03:00:55Z,2026-04-02T03:00:00Z,2026-04-02T03:30:00Z,live,ok,live_endpoint,,TTC-PULSE/alerts/raw_snapshots/alerts_20260402T030055Z.pb,TTC-PULSE/alerts/raw_snapshots/alerts_20260402T030055Z.pb,2269,f21b1994cee4a250fd1741341064c7ed10b3b0004617db1a6165f925150d2b02,
alerts_sidecar_20260402T030055Z,2026-04-02T03:00:57Z,2026-04-02T03:00:55Z,2026-04-02T03:00:00Z,2026-04-02T03:30:00Z,live,ok,live_endpoint,,TTC-PULSE/alerts/raw_snapshots/alerts_20260402T030055Z.pb,TTC-PULSE/alerts/raw_snapshots/alerts_20260402T030055Z.pb,2864,6065d5a09b4f31dede0209f960ab7ac2bdcf718d78099daf46a2e4f216580d1b,
alerts_sidecar_20260402T030125Z,2026-04-02T03:01:26Z,2026-04-02T03:01:25Z,2026-04-02T03:00:00Z,2026-04-02T03:30:00Z,live,ok,live_endpoint,,TTC-PULSE/alerts/raw_snapshots/alerts_20260402T030125Z.pb,TTC-PULSE/alerts/raw_snapshots/alerts_20260402T030125Z.pb,9884,4051d06383ada0c75c63acd100db80cdd3e9844014128795a0ad511315bcc70a,
alerts_sidecar_20260402T030125Z,2026-04-02T03:01:26Z,2026-04-02T03:01:25Z,2026-04-02T03:00:00Z,2026-04-02T03:30:00Z,live,ok,live_endpoint,,TTC-PULSE/alerts/raw_snapshots/alerts_20260402T030125Z.pb,TTC-PULSE/alerts/raw_snapshots/alerts_20260402T030125Z.pb,2269,f3b6a8e81fb50c447200d741f2b11dc992aa04b9800e19b233727340fe1fb987,
alerts_sidecar_20260402T030125Z,2026-04-02T03:01:26Z,2026-04-02T03:01:25Z,2026-04-02T03:00:00Z,2026-04-02T03:30:00Z,live,ok,live_endpoint,,TTC-PULSE/alerts/raw_snapshots/alerts_20260402T030125Z.pb,TTC-PULSE/alerts/raw_snapshots/alerts_20260402T030125Z.pb,2864,55351a9ef8631f17116ff24d6998558531a003d33ff8693d5be830bffcae88a2,
alerts_sidecar_20260402T030155Z,2026-04-02T03:01:56Z,2026-04-02T03:01:55Z,2026-04-02T03:00:00Z,2026-04-02T03:30:00Z,live,ok,live_endpoint,,TTC-PULSE/alerts/raw_snapshots/alerts_20260402T030155Z.pb,TTC-PULSE/alerts/raw_snapshots/alerts_20260402T030155Z.pb,9884,3a24d99c409a082c4dd1836a42adf5e040f3aa7aa94e80ac7e3bdf126602121f,
alerts_sidecar_20260402T030155Z,2026-04-02T03:01:56Z,2026-04-02T03:01:55Z,2026-04-02T03:00:00Z,2026-04-02T03:30:00Z,live,ok,live_endpoint,,TTC-PULSE/alerts/raw_snapshots/alerts_20260402T030155Z.pb,TTC-PULSE/alerts/raw_snapshots/alerts_20260402T030155Z.pb,2269,a4715b175bf706792fe4f9420de6072b5e098c80639c27be8a455b60a4f52a97,
alerts_sidecar_20260402T030155Z,2026-04-02T03:01:56Z,2026-04-02T03:01:55Z,2026-04-02T03:00:00Z,2026-04-02T03:30:00Z,live,ok,live_endpoint,,TTC-PULSE/alerts/raw_snapshots/alerts_20260402T030155Z.pb,TTC-PULSE/alerts/raw_snapshots/alerts_20260402T030155Z.pb,2864,766063ad6987d011d4d68f7c311294305c0e14a17c31781b86e48ed125f2b198,
alerts_sidecar_20260402T030225Z,2026-04-02T03:02:26Z,2026-04-02T03:02:25Z,2026-04-02T03:00:00Z,2026-04-02T03:30:00Z,live,ok,live_endpoint,,TTC-PULSE/alerts/raw_snapshots/alerts_20260402T030225Z.pb,TTC-PULSE/alerts/raw_snapshots/alerts_20260402T030225Z.pb,9884,f660e91a3cb177432442a45a39582b6a2eaf916d460acf31eb2a75f122db8e90,
alerts_sidecar_20260402T030225Z,2026-04-02T03:02:26Z,2026-04-02T03:02:25Z,2026-04-02T03:00:00Z,2026-04-02T03:30:00Z,live,ok,live_endpoint,,TTC-PULSE/alerts/raw_snapshots/alerts_20260402T030225Z.pb,TTC-PULSE/alerts/raw_snapshots/alerts_20260402T030225Z.pb,2269,5fe83842f592b629a74587b0ea93e6a3b5231ee95ab9f7020a7df953b22d141a,
alerts_sidecar_20260402T030225Z,2026-04-02T03:02:26Z,2026-04-02T03:02:25Z,2026-04-02T03:00:00Z,2026-04-02T03:30:00Z,live,ok,live_endpoint,,TTC-PULSE/alerts/raw_snapshots/alerts_20260402T030225Z.pb,TTC-PULSE/alerts/raw_snapshots/alerts_20260402T030225Z.pb,2864,df36eb8c475e9e02105e7dc0f0342b3d378a68e7e2b793bddd7d4772a48708e0,
alerts_sidecar_20260402T030255Z,2026-04-02T03:02:56Z,2026-04-02T03:02:55Z,2026-04-02T03:00:00Z,2026-04-02T03:30:00Z,live,ok,live_endpoint,,TTC-PULSE/alerts/raw_snapshots/alerts_20260402T030255Z.pb,TTC-PULSE/alerts/raw_snapshots/alerts_20260402T030255Z.pb,9884,0228dd2570649c9baa8d6ac8c6c3fd7d759ceb1d076a9b6ee44613686467cbe0,
alerts_sidecar_20260402T030255Z,2026-04-02T03:02:56Z,2026-04-02T03:02:55Z,2026-04-02T03:00:00Z,2026-04-02T03:30:00Z,live,ok,live_endpoint,,TTC-PULSE/alerts/raw_snapshots/alerts_20260402T030255Z.pb,TTC-PULSE/alerts/raw_snapshots/alerts_20260402T030255Z.pb,2269,c2ec84c601d1b16394d0ec461d4979b3b41aad8c8b5b418838db5d6efc04f2e9,
alerts_sidecar_20260402T030255Z,2026-04-02T03:02:57Z,2026-04-02T03:02:55Z,2026-04-02T03:00:00Z,2026-04-02T03:30:00Z,live,ok,live_endpoint,,TTC-PULSE/alerts/raw_snapshots/alerts_20260402T030255Z.pb,TTC-PULSE/alerts/raw_snapshots/alerts_20260402T030255Z.pb,2864,024d3394e08be9e095a4f661c7aa13d251fddd19c1e5f877a7a8128f76ce11d1,
alerts_sidecar_20260402T030325Z,2026-04-02T03:03:26Z,2026-04-02T03:03:25Z,2026-04-02T03:00:00Z,2026-04-02T03:30:00Z,live,ok,live_endpoint,,TTC-PULSE/alerts/raw_snapshots/alerts_20260402T030325Z.pb,TTC-PULSE/alerts/raw_snapshots/alerts_20260402T030325Z.pb,9884,e7b8eeb89fc40557e0acacaf01702aaaa912650bd9de3d83efd04fd302fb9ef7,
alerts_sidecar_20260402T030325Z,2026-04-02T03:03:26Z,2026-04-02T03:03:25Z,2026-04-02T03:00:00Z,2026-04-02T03:30:00Z,live,ok,live_endpoint,,TTC-PULSE/alerts/raw_snapshots/alerts_20260402T030325Z.pb,TTC-PULSE/alerts/raw_snapshots/alerts_20260402T030325Z.pb,2269,dd7f021bf721abb68bf0c0948f262539a276960338fe8e239bd2468a3c29b226,
alerts_sidecar_20260402T030325Z,2026-04-02T03:03:27Z,2026-04-02T03:03:25Z,2026-04-02T03:00:00Z,2026-04-02T03:30:00Z,live,ok,live_endpoint,,TTC-PULSE/alerts/raw_snapshots/alerts_20260402T030325Z.pb,TTC-PULSE/alerts/raw_snapshots/alerts_20260402T030325Z.pb,2864,95eaf16de70d97afce40b103d1e602d8a02b4f5e4e23cc6037a273528469913c,
alerts_sidecar_20260402T030355Z,2026-04-02T03:03:56Z,2026-04-02T03:03:55Z,2026-04-02T03:00:00Z,2026-04-02T03:30:00Z,live,ok,live_endpoint,,TTC-PULSE/alerts/raw_snapshots/alerts_20260402T030355Z.pb,TTC-PULSE/alerts/raw_snapshots/alerts_20260402T030355Z.pb,9884,323b5c1d4b61f52fdd63a65d60dc04fd846229476b1a26b225d208d144a5882f,
alerts_sidecar_20260402T030355Z,2026-04-02T03:03:56Z,2026-04-02T03:03:55Z,2026-04-02T03:00:00Z,2026-04-02T03:30:00Z,live,ok,live_endpoint,,TTC-PULSE/alerts/raw_snapshots/alerts_20260402T030355Z.pb,TTC-PULSE/alerts/raw_snapshots/alerts_20260402T030355Z.pb,2269,8976fc6aa9aac6440c6354b7eba9e24b0619dc81158147cbe85774ca45c524b2,
alerts_sidecar_20260402T030355Z,2026-04-02T03:03:57Z,2026-04-02T03:03:55Z,2026-04-02T03:00:00Z,2026-04-02T03:30:00Z,live,ok,live_endpoint,,TTC-PULSE/alerts/raw_snapshots/alerts_20260402T030355Z.pb,TTC-PULSE/alerts/raw_snapshots/alerts_20260402T030355Z.pb,2864,4136b2e859bd5b61061ad0945b6ec03cbb6fd087c23a2b5f8aba816ae5214df0,
alerts_sidecar_20260402T030425Z,2026-04-02T03:04:26Z,2026-04-02T03:04:25Z,2026-04-02T03:00:00Z,2026-04-02T03:30:00Z,live,ok,live_endpoint,,TTC-PULSE/alerts/raw_snapshots/alerts_20260402T030425Z.pb,TTC-PULSE/alerts/raw_snapshots/alerts_20260402T030425Z.pb,9884,5b7a9dfd840f4be2a4e5f171d7759a57e42f8475a8070c2961444d36ae9d881e,
alerts_sidecar_20260402T030425Z,2026-04-02T03:04:26Z,2026-04-02T03:04:25Z,2026-04-02T03:00:00Z,2026-04-02T03:30:00Z,live,ok,live_endpoint,,TTC-PULSE/alerts/raw_snapshots/alerts_20260402T030425Z.pb,TTC-PULSE/alerts/raw_snapshots/alerts_20260402T030425Z.pb,2269,17d7d344b592b148ed9494d54016d378e1f42a9460bfc66a01b2f0024c4fa6c5,
alerts_sidecar_20260402T030425Z,2026-04-02T03:04:27Z,2026-04-02T03:04:25Z,2026-04-02T03:00:00Z,2026-04-02T03:30:00Z,live,ok,live_endpoint,,TTC-PULSE/alerts/raw_snapshots/alerts_20260402T030425Z.pb,TTC-PULSE/alerts/raw_snapshots/alerts_20260402T030425Z.pb,2864,bebadf39a88340669bf6716e0f23ec2e88f1a819ab7b0fcf172c18e7310178b9,
alerts_sidecar_20260402T030455Z,2026-04-02T03:04:56Z,2026-04-02T03:04:55Z,2026-04-02T03:00:00Z,2026-04-02T03:30:00Z,live,ok,live_endpoint,,TTC-PULSE/alerts/raw_snapshots/alerts_20260402T030455Z.pb,TTC-PULSE/alerts/raw_snapshots/alerts_20260402T030455Z.pb,9884,4e99a0c2586e665bd05f24dd7d32b55f1934a41286ad05c45576ea9e95c59e74,
alerts_sidecar_20260402T030455Z,2026-04-02T03:04:56Z,2026-04-02T03:04:55Z,2026-04-02T03:00:00Z,2026-04-02T03:30:00Z,live,ok,live_endpoint,,TTC-PULSE/alerts/raw_snapshots/alerts_20260402T030455Z.pb,TTC-PULSE/alerts/raw_snapshots/alerts_20260402T030455Z.pb,2269,07490086a26e65f233b6d1d37551be15ce10c1d823bbfde347bc3c946af03a86,
alerts_sidecar_20260402T030455Z,2026-04-02T03:04:57Z,2026-04-02T03:04:55Z,2026-04-02T03:00:00Z,2026-04-02T03:30:00Z,live,ok,live_endpoint,,TTC-PULSE/alerts/raw_snapshots/alerts_20260402T030455Z.pb,TTC-PULSE/alerts/raw_snapshots/alerts_20260402T030455Z.pb,2864,f7639928533780772c68e5f5aee198121c01e166f8b012084ab97a14d01b4b8b,
alerts_sidecar_20260402T030525Z,2026-04-02T03:05:26Z,2026-04-02T03:05:25Z,2026-04-02T03:00:00Z,2026-04-02T03:30:00Z,live,ok,live_endpoint,,TTC-PULSE/alerts/raw_snapshots/alerts_20260402T030525Z.pb,TTC-PULSE/alerts/raw_snapshots/alerts_20260402T030525Z.pb,9884,85136455d53f4d52a28e0191f56a1f5d405ea6ca34844a7c4045067ea0ee3a98,
alerts_sidecar_20260402T030525Z,2026-04-02T03:05:26Z,2026-04-02T03:05:25Z,2026-04-02T03:00:00Z,2026-04-02T03:30:00Z,live,ok,live_endpoint,,TTC-PULSE/alerts/raw_snapshots/alerts_20260402T030525Z.pb,TTC-PULSE/alerts/raw_snapshots/alerts_20260402T030525Z.pb,2269,70a818e091d3cc3905f659004150c5506570e164f8134e5e8727a082c38b2d40,
alerts_sidecar_20260402T030525Z,2026-04-02T03:05:26Z,2026-04-02T03:05:25Z,2026-04-02T03:00:00Z,2026-04-02T03:30:00Z,live,ok,live_endpoint,,TTC-PULSE/alerts/raw_snapshots/alerts_20260402T030525Z.pb,TTC-PULSE/alerts/raw_snapshots/alerts_20260402T030525Z.pb,2864,20346d6f04aab49ceb4ae9f7f2afe56b7ad38135aa0733edf417bac4d6d54127,
alerts_sidecar_20260402T030555Z,2026-04-02T03:05:56Z,2026-04-02T03:05:55Z,2026-04-02T03:00:00Z,2026-04-02T03:30:00Z,live,ok,live_endpoint,,TTC-PULSE/alerts/raw_snapshots/alerts_20260402T030555Z.pb,TTC-PULSE/alerts/raw_snapshots/alerts_20260402T030555Z.pb,9884,9c8453d96032e0ecae8a5a877b23577e6b2cff39160fa95f8437fbfb968f4114,
alerts_sidecar_20260402T030555Z,2026-04-02T03:05:56Z,2026-04-02T03:05:55Z,2026-04-02T03:00:00Z,2026-04-02T03:30:00Z,live,ok,live_endpoint,,TTC-PULSE/alerts/raw_snapshots/alerts_20260402T030555Z.pb,TTC-PULSE/alerts/raw_snapshots/alerts_20260402T030555Z.pb,2269,4d124c5046eb04e0fdd0b665580cf39d9ef0bafb7d4d6d42ea46170dffd5e1f4,
alerts_sidecar_20260402T030555Z,2026-04-02T03:05:56Z,2026-04-02T03:05:55Z,2026-04-02T03:00:00Z,2026-04-02T03:30:00Z,live,ok,live_endpoint,,TTC-PULSE/alerts/raw_snapshots/alerts_20260402T030555Z.pb,TTC-PULSE/alerts/raw_snapshots/alerts_20260402T030555Z.pb,2864,7336baf8fc8b54e8d26c6ddf107885b8987582f413f64d7c58bd287e0a26477a,
alerts_sidecar_20260402T030625Z,2026-04-02T03:06:26Z,2026-04-02T03:06:25Z,2026-04-02T03:00:00Z,2026-04-02T03:30:00Z,live,ok,live_endpoint,,TTC-PULSE/alerts/raw_snapshots/alerts_20260402T030625Z.pb,TTC-PULSE/alerts/raw_snapshots/alerts_20260402T030625Z.pb,9884,bcabd384de40cd7be8179a07c59045e2c5765e028cc688db85c7181c0d163d76,
alerts_sidecar_20260402T030625Z,2026-04-02T03:06:26Z,2026-04-02T03:06:25Z,2026-04-02T03:00:00Z,2026-04-02T03:30:00Z,live,ok,live_endpoint,,TTC-PULSE/alerts/raw_snapshots/alerts_20260402T030625Z.pb,TTC-PULSE/alerts/raw_snapshots/alerts_20260402T030625Z.pb,2269,5285fcb2ca8ae69c77cb5e654331cc9645f8b702e29b223afcb32bb420661418,
alerts_sidecar_20260402T030625Z,2026-04-02T03:06:27Z,2026-04-02T03:06:25Z,2026-04-02T03:00:00Z,2026-04-02T03:30:00Z,live,ok,live_endpoint,,TTC-PULSE/alerts/raw_snapshots/alerts_20260402T030625Z.pb,TTC-PULSE/alerts/raw_snapshots/alerts_20260402T030625Z.pb,2864,4f21c01d2939cd89fbccb190800cdfab5afc796629246352c88e160442b12df6,
alerts_sidecar_20260402T030655Z,2026-04-02T03:06:56Z,2026-04-02T03:06:55Z,2026-04-02T03:00:00Z,2026-04-02T03:30:00Z,live,ok,live_endpoint,,TTC-PULSE/alerts/raw_snapshots/alerts_20260402T030655Z.pb,TTC-PULSE/alerts/raw_snapshots/alerts_20260402T030655Z.pb,9884,c12850ba0e27bd460e737204b3cb87300b152b08ecff2d25b949459e4069809b,
alerts_sidecar_20260402T030655Z,2026-04-02T03:06:56Z,2026-04-02T03:06:55Z,2026-04-02T03:00:00Z,2026-04-02T03:30:00Z,live,ok,live_endpoint,,TTC-PULSE/alerts/raw_snapshots/alerts_20260402T030655Z.pb,TTC-PULSE/alerts/raw_snapshots/alerts_20260402T030655Z.pb,2269,f80ce4043c4bff9e5999bf808b173ad6955c8da56a7b74b80c297d76d0e7a8ae,
alerts_sidecar_20260402T030655Z,2026-04-02T03:06:57Z,2026-04-02T03:06:55Z,2026-04-02T03:00:00Z,2026-04-02T03:30:00Z,live,ok,live_endpoint,,TTC-PULSE/alerts/raw_snapshots/alerts_20260402T030655Z.pb,TTC-PULSE/alerts/raw_snapshots/alerts_20260402T030655Z.pb,2864,56ba3ece11ef089b2b50076b959c9767e23b6fdb92ace32935ac5dbb9faf3c87,
alerts_sidecar_20260402T030725Z,2026-04-02T03:07:26Z,2026-04-02T03:07:25Z,2026-04-02T03:00:00Z,2026-04-02T03:30:00Z,live,ok,live_endpoint,,TTC-PULSE/alerts/raw_snapshots/alerts_20260402T030725Z.pb,TTC-PULSE/alerts/raw_snapshots/alerts_20260402T030725Z.pb,9884,2aa15fafee40bd63f0e1039e0429b202267fd72e4ddda609ceae8d7ca5e9d526,
alerts_sidecar_20260402T030725Z,2026-04-02T03:07:26Z,2026-04-02T03:07:25Z,2026-04-02T03:00:00Z,2026-04-02T03:30:00Z,live,ok,live_endpoint,,TTC-PULSE/alerts/raw_snapshots/alerts_20260402T030725Z.pb,TTC-PULSE/alerts/raw_snapshots/alerts_20260402T030725Z.pb,2269,085068b6666f050aee8e4d9a2b86a9e4b58df3eab2314ccd6ed38820cb852887,
alerts_sidecar_20260402T030725Z,2026-04-02T03:07:27Z,2026-04-02T03:07:25Z,2026-04-02T03:00:00Z,2026-04-02T03:30:00Z,live,ok,live_endpoint,,TTC-PULSE/alerts/raw_snapshots/alerts_20260402T030725Z.pb,TTC-PULSE/alerts/raw_snapshots/alerts_20260402T030725Z.pb,2864,0bb47608bf6b7db36b6c227f34ca6928a93ece7d9320cbfa8589cef0073fa943,
alerts_sidecar_20260402T030755Z,2026-04-02T03:07:56Z,2026-04-02T03:07:55Z,2026-04-02T03:00:00Z,2026-04-02T03:30:00Z,live,ok,live_endpoint,,TTC-PULSE/alerts/raw_snapshots/alerts_20260402T030755Z.pb,TTC-PULSE/alerts/raw_snapshots/alerts_20260402T030755Z.pb,9884,25ad3d9348685f007a13f4491e9a7f31eec2ea728059db6788cd646550e6062a,
alerts_sidecar_20260402T030755Z,2026-04-02T03:07:56Z,2026-04-02T03:07:55Z,2026-04-02T03:00:00Z,2026-04-02T03:30:00Z,live,ok,live_endpoint,,TTC-PULSE/alerts/raw_snapshots/alerts_20260402T030755Z.pb,TTC-PULSE/alerts/raw_snapshots/alerts_20260402T030755Z.pb,2269,11ba0cf9f636d1f2a361bf68aa5109ab97ed1251d87ef4092bca3d0af332d214,
alerts_sidecar_20260402T030755Z,2026-04-02T03:07:57Z,2026-04-02T03:07:55Z,2026-04-02T03:00:00Z,2026-04-02T03:30:00Z,live,ok,live_endpoint,,TTC-PULSE/alerts/raw_snapshots/alerts_20260402T030755Z.pb,TTC-PULSE/alerts/raw_snapshots/alerts_20260402T030755Z.pb,2864,a42b67c1eb7e9545984352ff23653d929b92ef9fd6f1ce6813968ced68dc1546,
alerts_sidecar_20260402T030825Z,2026-04-02T03:08:26Z,2026-04-02T03:08:25Z,2026-04-02T03:00:00Z,2026-04-02T03:30:00Z,live,ok,live_endpoint,,TTC-PULSE/alerts/raw_snapshots/alerts_20260402T030825Z.pb,TTC-PULSE/alerts/raw_snapshots/alerts_20260402T030825Z.pb,9884,3031ec663a8c1927e8e7cddf9396047af20f6c319961643eb88929ce68b25f6c,
alerts_sidecar_20260402T030825Z,2026-04-02T03:08:26Z,2026-04-02T03:08:25Z,2026-04-02T03:00:00Z,2026-04-02T03:30:00Z,live,ok,live_endpoint,,TTC-PULSE/alerts/raw_snapshots/alerts_20260402T030825Z.pb,TTC-PULSE/alerts/raw_snapshots/alerts_20260402T030825Z.pb,2269,319d332fdd555ea0f72bda3da8eb03647fbd468d6879c26b663de3ad7779b361,
alerts_sidecar_20260402T030825Z,2026-04-02T03:08:27Z,2026-04-02T03:08:25Z,2026-04-02T03:00:00Z,2026-04-02T03:30:00Z,live,ok,live_endpoint,,TTC-PULSE/alerts/raw_snapshots/alerts_20260402T030825Z.pb,TTC-PULSE/alerts/raw_snapshots/alerts_20260402T030825Z.pb,2864,edd216c6264fd1e7f3c2b63f34e7e60232f56ab62a5375167b51c9a4d85c0a2b,
alerts_sidecar_20260402T030855Z,2026-04-02T03:08:56Z,2026-04-02T03:08:55Z,2026-04-02T03:00:00Z,2026-04-02T03:30:00Z,live,ok,live_endpoint,,TTC-PULSE/alerts/raw_snapshots/alerts_20260402T030855Z.pb,TTC-PULSE/alerts/raw_snapshots/alerts_20260402T030855Z.pb,9884,35059ddaf515f1512dea0f047a7013c47d7dc6370fea8fb91a4b2ad0a6cb2917,
alerts_sidecar_20260402T030855Z,2026-04-02T03:08:56Z,2026-04-02T03:08:55Z,2026-04-02T03:00:00Z,2026-04-02T03:30:00Z,live,ok,live_endpoint,,TTC-PULSE/alerts/raw_snapshots/alerts_20260402T030855Z.pb,TTC-PULSE/alerts/raw_snapshots/alerts_20260402T030855Z.pb,2269,8c620de3a6d3d9b67c82b7c86c24f9e2d37de7d1fa816cca67a6cff39dfe77b4,
alerts_sidecar_20260402T030855Z,2026-04-02T03:08:57Z,2026-04-02T03:08:55Z,2026-04-02T03:00:00Z,2026-04-02T03:30:00Z,live,ok,live_endpoint,,TTC-PULSE/alerts/raw_snapshots/alerts_20260402T030855Z.pb,TTC-PULSE/alerts/raw_snapshots/alerts_20260402T030855Z.pb,2864,b574aa61d9272d9628a0fd0a728c9be43a639d6ccfcff4e557ffcb6c8c1237ee,
alerts_sidecar_20260402T030925Z,2026-04-02T03:09:26Z,2026-04-02T03:09:25Z,2026-04-02T03:00:00Z,2026-04-02T03:30:00Z,live,ok,live_endpoint,,TTC-PULSE/alerts/raw_snapshots/alerts_20260402T030925Z.pb,TTC-PULSE/alerts/raw_snapshots/alerts_20260402T030925Z.pb,9884,6104a2bfb49adb8551b42e3dc413a60bc2dbd88f6120a973ce34cc49a5ef9e40,
alerts_sidecar_20260402T030925Z,2026-04-02T03:09:26Z,2026-04-02T03:09:25Z,2026-04-02T03:00:00Z,2026-04-02T03:30:00Z,live,ok,live_endpoint,,TTC-PULSE/alerts/raw_snapshots/alerts_20260402T030925Z.pb,TTC-PULSE/alerts/raw_snapshots/alerts_20260402T030925Z.pb,2269,426e5228a2bc473add2ebef90f2f5bfd12b7e1de7eeb6ed0af9ea34297a6429d,
alerts_sidecar_20260402T030925Z,2026-04-02T03:09:27Z,2026-04-02T03:09:25Z,2026-04-02T03:00:00Z,2026-04-02T03:30:00Z,live,ok,live_endpoint,,TTC-PULSE/alerts/raw_snapshots/alerts_20260402T030925Z.pb,TTC-PULSE/alerts/raw_snapshots/alerts_20260402T030925Z.pb,2864,2ec7f1e2f6fcf480a1e3e532e771b98d756c7e7c3e17d1bfbdccbf546957c8bd,
alerts_sidecar_20260402T030955Z,2026-04-02T03:09:56Z,2026-04-02T03:09:55Z,2026-04-02T03:00:00Z,2026-04-02T03:30:00Z,live,ok,live_endpoint,,TTC-PULSE/alerts/raw_snapshots/alerts_20260402T030955Z.pb,TTC-PULSE/alerts/raw_snapshots/alerts_20260402T030955Z.pb,9884,b3ca251a78d3c219ae94a0586a7447239954d304caf9b35dea22f7df7d2159d9,
alerts_sidecar_20260402T030955Z,2026-04-02T03:09:56Z,2026-04-02T03:09:55Z,2026-04-02T03:00:00Z,2026-04-02T03:30:00Z,live,ok,live_endpoint,,TTC-PULSE/alerts/raw_snapshots/alerts_20260402T030955Z.pb,TTC-PULSE/alerts/raw_snapshots/alerts_20260402T030955Z.pb,2269,0eff2d21314c01ea66603163c8c98d8d96dff74171f8969c9fb380166aab4c9c,
alerts_sidecar_20260402T030955Z,2026-04-02T03:09:56Z,2026-04-02T03:09:55Z,2026-04-02T03:00:00Z,2026-04-02T03:30:00Z,live,ok,live_endpoint,,TTC-PULSE/alerts/raw_snapshots/alerts_20260402T030955Z.pb,TTC-PULSE/alerts/raw_snapshots/alerts_20260402T030955Z.pb,2864,e5ec01c05149b8f3e9192d8ae4cb0650cd07cbcdf12f1f42ebdfad46205b6ec6,
alerts_sidecar_20260402T031025Z,2026-04-02T03:10:26Z,2026-04-02T03:10:25Z,2026-04-02T03:00:00Z,2026-04-02T03:30:00Z,live,ok,live_endpoint,,TTC-PULSE/alerts/raw_snapshots/alerts_20260402T031025Z.pb,TTC-PULSE/alerts/raw_snapshots/alerts_20260402T031025Z.pb,9884,bffbd5f81f0183c4881dc988e9e28f67409be583aad33b7346c0a78ad7c6f76f,
alerts_sidecar_20260402T031025Z,2026-04-02T03:10:26Z,2026-04-02T03:10:25Z,2026-04-02T03:00:00Z,2026-04-02T03:30:00Z,live,ok,live_endpoint,,TTC-PULSE/alerts/raw_snapshots/alerts_20260402T031025Z.pb,TTC-PULSE/alerts/raw_snapshots/alerts_20260402T031025Z.pb,2269,5c79faa9e71795b96927cf5b5494bc483ed422c7f58a0cda3bd98990dda80412,
alerts_sidecar_20260402T031025Z,2026-04-02T03:10:27Z,2026-04-02T03:10:25Z,2026-04-02T03:00:00Z,2026-04-02T03:30:00Z,live,ok,live_endpoint,,TTC-PULSE/alerts/raw_snapshots/alerts_20260402T031025Z.pb,TTC-PULSE/alerts/raw_snapshots/alerts_20260402T031025Z.pb,2864,573d1561bb21a0f1b24bf5a35e9dd367f5221d9bc6ebf7b79f887164c1e32714,
alerts_sidecar_20260402T031055Z,2026-04-02T03:10:56Z,2026-04-02T03:10:55Z,2026-04-02T03:00:00Z,2026-04-02T03:30:00Z,live,ok,live_endpoint,,TTC-PULSE/alerts/raw_snapshots/alerts_20260402T031055Z.pb,TTC-PULSE/alerts/raw_snapshots/alerts_20260402T031055Z.pb,9884,89bca3085e915003e35dbd26006d39b2503a9efe964cb19a88919f4896faed9e,
alerts_sidecar_20260402T031055Z,2026-04-02T03:10:56Z,2026-04-02T03:10:55Z,2026-04-02T03:00:00Z,2026-04-02T03:30:00Z,live,ok,live_endpoint,,TTC-PULSE/alerts/raw_snapshots/alerts_20260402T031055Z.pb,TTC-PULSE/alerts/raw_snapshots/alerts_20260402T031055Z.pb,2269,61534100cdb6ac8bb9cee35b7a33ed44aab73b408af5f4cf441adacc469a6c71,
alerts_sidecar_20260402T031055Z,2026-04-02T03:10:56Z,2026-04-02T03:10:55Z,2026-04-02T03:00:00Z,2026-04-02T03:30:00Z,live,ok,live_endpoint,,TTC-PULSE/alerts/raw_snapshots/alerts_20260402T031055Z.pb,TTC-PULSE/alerts/raw_snapshots/alerts_20260402T031055Z.pb,2864,2a0ba6bd825ae3d6b571e1b0b336c3e5c04da5d8b2f0788037c716b97145a632,
alerts_sidecar_20260402T031125Z,2026-04-02T03:11:26Z,2026-04-02T03:11:25Z,2026-04-02T03:00:00Z,2026-04-02T03:30:00Z,live,ok,live_endpoint,,TTC-PULSE/alerts/raw_snapshots/alerts_20260402T031125Z.pb,TTC-PULSE/alerts/raw_snapshots/alerts_20260402T031125Z.pb,9884,9d642364d7ac7f91f6fdff21273722350fc02df8bb6a10adfb4e00c62ff69571,
alerts_sidecar_20260402T031125Z,2026-04-02T03:11:26Z,2026-04-02T03:11:25Z,2026-04-02T03:00:00Z,2026-04-02T03:30:00Z,live,ok,live_endpoint,,TTC-PULSE/alerts/raw_snapshots/alerts_20260402T031125Z.pb,TTC-PULSE/alerts/raw_snapshots/alerts_20260402T031125Z.pb,2269,9ad0fb5b5b947528a3463635f1718b4ffd07a708ac0774cfb446406c997348da,
alerts_sidecar_20260402T031125Z,2026-04-02T03:11:27Z,2026-04-02T03:11:25Z,2026-04-02T03:00:00Z,2026-04-02T03:30:00Z,live,ok,live_endpoint,,TTC-PULSE/alerts/raw_snapshots/alerts_20260402T031125Z.pb,TTC-PULSE/alerts/raw_snapshots/alerts_20260402T031125Z.pb,2864,bd4abb90bf0f88df2fdcdf25ab70b45deff7f46de73b52e443ba4deb8736f03b,
alerts_sidecar_20260402T031155Z,2026-04-02T03:11:56Z,2026-04-02T03:11:55Z,2026-04-02T03:00:00Z,2026-04-02T03:30:00Z,live,ok,live_endpoint,,TTC-PULSE/alerts/raw_snapshots/alerts_20260402T031155Z.pb,TTC-PULSE/alerts/raw_snapshots/alerts_20260402T031155Z.pb,9884,881ef2d13577a4ac9263b2acc66f7e850dc0696f8260c8f25890182e250566fb,
alerts_sidecar_20260402T031155Z,2026-04-02T03:11:56Z,2026-04-02T03:11:55Z,2026-04-02T03:00:00Z,2026-04-02T03:30:00Z,live,ok,live_endpoint,,TTC-PULSE/alerts/raw_snapshots/alerts_20260402T031155Z.pb,TTC-PULSE/alerts/raw_snapshots/alerts_20260402T031155Z.pb,2269,1b76d767f88ee0e39183e72b09f733789c68efe9c448c1711fbe7be87bc06f10,
alerts_sidecar_20260402T031155Z,2026-04-02T03:11:57Z,2026-04-02T03:11:55Z,2026-04-02T03:00:00Z,2026-04-02T03:30:00Z,live,ok,live_endpoint,,TTC-PULSE/alerts/raw_snapshots/alerts_20260402T031155Z.pb,TTC-PULSE/alerts/raw_snapshots/alerts_20260402T031155Z.pb,2864,9af85451072ab55f8317a63002d0f203dd71cc5aa5a9768071e2eb4d29f3711e,
alerts_sidecar_20260402T031225Z,2026-04-02T03:12:26Z,2026-04-02T03:12:25Z,2026-04-02T03:00:00Z,2026-04-02T03:30:00Z,live,ok,live_endpoint,,TTC-PULSE/alerts/raw_snapshots/alerts_20260402T031225Z.pb,TTC-PULSE/alerts/raw_snapshots/alerts_20260402T031225Z.pb,9884,dc45aaf0f3e4bc121f29afc33832a7f8a7d720b54465c661cb21b0937977bb0a,
alerts_sidecar_20260402T031225Z,2026-04-02T03:12:26Z,2026-04-02T03:12:25Z,2026-04-02T03:00:00Z,2026-04-02T03:30:00Z,live,ok,live_endpoint,,TTC-PULSE/alerts/raw_snapshots/alerts_20260402T031225Z.pb,TTC-PULSE/alerts/raw_snapshots/alerts_20260402T031225Z.pb,2269,29f41a8582af1483dbd3d27d74512aab60d2ad183db485cedcfbb95473af5186,
alerts_sidecar_20260402T031225Z,2026-04-02T03:12:27Z,2026-04-02T03:12:25Z,2026-04-02T03:00:00Z,2026-04-02T03:30:00Z,live,ok,live_endpoint,,TTC-PULSE/alerts/raw_snapshots/alerts_20260402T031225Z.pb,TTC-PULSE/alerts/raw_snapshots/alerts_20260402T031225Z.pb,2864,480f90b6b1eda72313e26520b4f5c688a3c76c46fd7fe6ddccc56df620d0fc61,
alerts_sidecar_20260402T031255Z,2026-04-02T03:12:56Z,2026-04-02T03:12:55Z,2026-04-02T03:00:00Z,2026-04-02T03:30:00Z,live,ok,live_endpoint,,TTC-PULSE/alerts/raw_snapshots/alerts_20260402T031255Z.pb,TTC-PULSE/alerts/raw_snapshots/alerts_20260402T031255Z.pb,9884,10eae1893f8414515173ba773fb8dcad3bfbe8b60c56f863e2dced42af25b045,
alerts_sidecar_20260402T031255Z,2026-04-02T03:12:56Z,2026-04-02T03:12:55Z,2026-04-02T03:00:00Z,2026-04-02T03:30:00Z,live,ok,live_endpoint,,TTC-PULSE/alerts/raw_snapshots/alerts_20260402T031255Z.pb,TTC-PULSE/alerts/raw_snapshots/alerts_20260402T031255Z.pb,2269,fed1e4866a50e5074a455c9fbf2191c89ecc4bab6b93ab2825b42677d9191cf6,
alerts_sidecar_20260402T031255Z,2026-04-02T03:12:57Z,2026-04-02T03:12:55Z,2026-04-02T03:00:00Z,2026-04-02T03:30:00Z,live,ok,live_endpoint,,TTC-PULSE/alerts/raw_snapshots/alerts_20260402T031255Z.pb,TTC-PULSE/alerts/raw_snapshots/alerts_20260402T031255Z.pb,2864,54e1b0afc1cf0f70ac2ee0cbc44a926249506b970b764c5a7d7b51b25a05a2d9,
alerts_sidecar_20260402T031325Z,2026-04-02T03:13:26Z,2026-04-02T03:13:25Z,2026-04-02T03:00:00Z,2026-04-02T03:30:00Z,live,ok,live_endpoint,,TTC-PULSE/alerts/raw_snapshots/alerts_20260402T031325Z.pb,TTC-PULSE/alerts/raw_snapshots/alerts_20260402T031325Z.pb,9884,7a434322b7f57b311ef66e91df496035deba8d78194d1bb871cc847e2eb2d54e,
alerts_sidecar_20260402T031325Z,2026-04-02T03:13:26Z,2026-04-02T03:13:25Z,2026-04-02T03:00:00Z,2026-04-02T03:30:00Z,live,ok,live_endpoint,,TTC-PULSE/alerts/raw_snapshots/alerts_20260402T031325Z.pb,TTC-PULSE/alerts/raw_snapshots/alerts_20260402T031325Z.pb,2269,c3cb5019fc958e9d53836b5c15b078b8dc3a79f3e30c25d21628e53fbb5a1720,
alerts_sidecar_20260402T031325Z,2026-04-02T03:13:27Z,2026-04-02T03:13:25Z,2026-04-02T03:00:00Z,2026-04-02T03:30:00Z,live,ok,live_endpoint,,TTC-PULSE/alerts/raw_snapshots/alerts_20260402T031325Z.pb,TTC-PULSE/alerts/raw_snapshots/alerts_20260402T031325Z.pb,2864,0d84ff9794965f18637daa06cc52eefa8b7b776728c6efccac26d46175eb8883,
alerts_sidecar_20260402T031355Z,2026-04-02T03:13:56Z,2026-04-02T03:13:55Z,2026-04-02T03:00:00Z,2026-04-02T03:30:00Z,live,ok,live_endpoint,,TTC-PULSE/alerts/raw_snapshots/alerts_20260402T031355Z.pb,TTC-PULSE/alerts/raw_snapshots/alerts_20260402T031355Z.pb,9884,528ad88bcaf97c82120dad3140f73e20b470873fe8c1365ec33fe5bf3c68d679,
alerts_sidecar_20260402T031355Z,2026-04-02T03:13:56Z,2026-04-02T03:13:55Z,2026-04-02T03:00:00Z,2026-04-02T03:30:00Z,live,ok,live_endpoint,,TTC-PULSE/alerts/raw_snapshots/alerts_20260402T031355Z.pb,TTC-PULSE/alerts/raw_snapshots/alerts_20260402T031355Z.pb,2269,f0452324fe8abcef4d4d9d126167b5173156925c975786f3d842f21acf16172c,
alerts_sidecar_20260402T031355Z,2026-04-02T03:13:57Z,2026-04-02T03:13:55Z,2026-04-02T03:00:00Z,2026-04-02T03:30:00Z,live,ok,live_endpoint,,TTC-PULSE/alerts/raw_snapshots/alerts_20260402T031355Z.pb,TTC-PULSE/alerts/raw_snapshots/alerts_20260402T031355Z.pb,2864,de4ae3a83049751a0d7fd3d5e25d47150ac49d7cc571ce5a46804f98a6cecb8a,
alerts_sidecar_20260402T031425Z,2026-04-02T03:14:26Z,2026-04-02T03:14:25Z,2026-04-02T03:00:00Z,2026-04-02T03:30:00Z,live,ok,live_endpoint,,TTC-PULSE/alerts/raw_snapshots/alerts_20260402T031425Z.pb,TTC-PULSE/alerts/raw_snapshots/alerts_20260402T031425Z.pb,9884,ab7619a06044ff307a42199ae24af68fe096573d540e8d150d5dac667bcf66c8,
alerts_sidecar_20260402T031425Z,2026-04-02T03:14:26Z,2026-04-02T03:14:25Z,2026-04-02T03:00:00Z,2026-04-02T03:30:00Z,live,ok,live_endpoint,,TTC-PULSE/alerts/raw_snapshots/alerts_20260402T031425Z.pb,TTC-PULSE/alerts/raw_snapshots/alerts_20260402T031425Z.pb,2269,27f6162a6fc8c7e5e39cf43614e56bc2ec0b00c24aa9213a47b7a4394504caf5,
alerts_sidecar_20260402T031425Z,2026-04-02T03:14:26Z,2026-04-02T03:14:25Z,2026-04-02T03:00:00Z,2026-04-02T03:30:00Z,live,ok,live_endpoint,,TTC-PULSE/alerts/raw_snapshots/alerts_20260402T031425Z.pb,TTC-PULSE/alerts/raw_snapshots/alerts_20260402T031425Z.pb,2864,51290a2afb046ba92f4c9a3d3cc82945086c064a24d3b19188d584f6a3292def,
alerts_sidecar_20260402T031455Z,2026-04-02T03:14:56Z,2026-04-02T03:14:55Z,2026-04-02T03:00:00Z,2026-04-02T03:30:00Z,live,ok,live_endpoint,,TTC-PULSE/alerts/raw_snapshots/alerts_20260402T031455Z.pb,TTC-PULSE/alerts/raw_snapshots/alerts_20260402T031455Z.pb,9884,21720794274ed37f4ad439e522ca189b85d4d27fb15d2993451bf6667cfb0d81,
alerts_sidecar_20260402T031455Z,2026-04-02T03:14:56Z,2026-04-02T03:14:55Z,2026-04-02T03:00:00Z,2026-04-02T03:30:00Z,live,ok,live_endpoint,,TTC-PULSE/alerts/raw_snapshots/alerts_20260402T031455Z.pb,TTC-PULSE/alerts/raw_snapshots/alerts_20260402T031455Z.pb,2269,6c90ff1fdb4d9600d030f25b5ce81aa6a2d94ee62c9155142880fe35ccb8bbea,
alerts_sidecar_20260402T031455Z,2026-04-02T03:14:57Z,2026-04-02T03:14:55Z,2026-04-02T03:00:00Z,2026-04-02T03:30:00Z,live,ok,live_endpoint,,TTC-PULSE/alerts/raw_snapshots/alerts_20260402T031455Z.pb,TTC-PULSE/alerts/raw_snapshots/alerts_20260402T031455Z.pb,2864,1819309871d9dc2367d910e85e560da8b477070916955c914a6f9ead2587c3ee,
alerts_sidecar_20260402T031525Z,2026-04-02T03:15:26Z,2026-04-02T03:15:25Z,2026-04-02T03:00:00Z,2026-04-02T03:30:00Z,live,ok,live_endpoint,,TTC-PULSE/alerts/raw_snapshots/alerts_20260402T031525Z.pb,TTC-PULSE/alerts/raw_snapshots/alerts_20260402T031525Z.pb,9884,32cd31fcb775a49e9c890dcfbd5855dbe0b8317063c18b4366ea64844b1cff84,
alerts_sidecar_20260402T031525Z,2026-04-02T03:15:26Z,2026-04-02T03:15:25Z,2026-04-02T03:00:00Z,2026-04-02T03:30:00Z,live,ok,live_endpoint,,TTC-PULSE/alerts/raw_snapshots/alerts_20260402T031525Z.pb,TTC-PULSE/alerts/raw_snapshots/alerts_20260402T031525Z.pb,2269,2ab0170c2881903481bc4dea5fec8ba5f6dedcdca6fd9f71292d6b97b95d3743,
alerts_sidecar_20260402T031525Z,2026-04-02T03:15:27Z,2026-04-02T03:15:25Z,2026-04-02T03:00:00Z,2026-04-02T03:30:00Z,live,ok,live_endpoint,,TTC-PULSE/alerts/raw_snapshots/alerts_20260402T031525Z.pb,TTC-PULSE/alerts/raw_snapshots/alerts_20260402T031525Z.pb,2864,ce55cc67a867aa89aa2bd1bb4e088361df6ad8a7985cf812852242c0a0781b63,
alerts_sidecar_20260402T031555Z,2026-04-02T03:15:56Z,2026-04-02T03:15:55Z,2026-04-02T03:00:00Z,2026-04-02T03:30:00Z,live,ok,live_endpoint,,TTC-PULSE/alerts/raw_snapshots/alerts_20260402T031555Z.pb,TTC-PULSE/alerts/raw_snapshots/alerts_20260402T031555Z.pb,9884,9c80eb9006deb3f8a70cf2bcdb0a8bd546fdea7749a010266b37329d4022064b,
alerts_sidecar_20260402T031555Z,2026-04-02T03:15:56Z,2026-04-02T03:15:55Z,2026-04-02T03:00:00Z,2026-04-02T03:30:00Z,live,ok,live_endpoint,,TTC-PULSE/alerts/raw_snapshots/alerts_20260402T031555Z.pb,TTC-PULSE/alerts/raw_snapshots/alerts_20260402T031555Z.pb,2269,e1c5c58f08a985cfa9bf3bc4454f6ad580d0bf8f04aa037e16a4fd081ec8e646,
alerts_sidecar_20260402T031555Z,2026-04-02T03:15:56Z,2026-04-02T03:15:55Z,2026-04-02T03:00:00Z,2026-04-02T03:30:00Z,live,ok,live_endpoint,,TTC-PULSE/alerts/raw_snapshots/alerts_20260402T031555Z.pb,TTC-PULSE/alerts/raw_snapshots/alerts_20260402T031555Z.pb,2864,3df726ac1f443ddf76b86cdcffc033a9bc8aaf5861992fec49ab620069b560d1,
alerts_sidecar_20260402T031625Z,2026-04-02T03:16:26Z,2026-04-02T03:16:25Z,2026-04-02T03:00:00Z,2026-04-02T03:30:00Z,live,ok,live_endpoint,,TTC-PULSE/alerts/raw_snapshots/alerts_20260402T031625Z.pb,TTC-PULSE/alerts/raw_snapshots/alerts_20260402T031625Z.pb,9884,9a95bde64b876565cc8bebb57724c23221ddc2a183e579ea0cb3e88b425b0df9,
alerts_sidecar_20260402T031625Z,2026-04-02T03:16:26Z,2026-04-02T03:16:25Z,2026-04-02T03:00:00Z,2026-04-02T03:30:00Z,live,ok,live_endpoint,,TTC-PULSE/alerts/raw_snapshots/alerts_20260402T031625Z.pb,TTC-PULSE/alerts/raw_snapshots/alerts_20260402T031625Z.pb,2269,0336e50c8f82251a6ae0d998b5f1666c42da487fa99dab2865a1279172733441,
alerts_sidecar_20260402T031625Z,2026-04-02T03:16:27Z,2026-04-02T03:16:25Z,2026-04-02T03:00:00Z,2026-04-02T03:30:00Z,live,ok,live_endpoint,,TTC-PULSE/alerts/raw_snapshots/alerts_20260402T031625Z.pb,TTC-PULSE/alerts/raw_snapshots/alerts_20260402T031625Z.pb,2864,ce0c9822e2c8438960bdf4429d2e60b23509d901d87c32d74743daceec145cc0,
alerts_sidecar_20260402T031655Z,2026-04-02T03:16:56Z,2026-04-02T03:16:55Z,2026-04-02T03:00:00Z,2026-04-02T03:30:00Z,live,ok,live_endpoint,,TTC-PULSE/alerts/raw_snapshots/alerts_20260402T031655Z.pb,TTC-PULSE/alerts/raw_snapshots/alerts_20260402T031655Z.pb,9884,791d8efb72358744e61ec53f98cdcc98c6b08e3a78a5f772706d7a412832a96b,
alerts_sidecar_20260402T031655Z,2026-04-02T03:16:56Z,2026-04-02T03:16:55Z,2026-04-02T03:00:00Z,2026-04-02T03:30:00Z,live,ok,live_endpoint,,TTC-PULSE/alerts/raw_snapshots/alerts_20260402T031655Z.pb,TTC-PULSE/alerts/raw_snapshots/alerts_20260402T031655Z.pb,2269,d83aa844b0e8e2da03a45f0a52ca1863f6f32a4d8291cfb87ace2828ebb6671a,
alerts_sidecar_20260402T031655Z,2026-04-02T03:16:56Z,2026-04-02T03:16:55Z,2026-04-02T03:00:00Z,2026-04-02T03:30:00Z,live,ok,live_endpoint,,TTC-PULSE/alerts/raw_snapshots/alerts_20260402T031655Z.pb,TTC-PULSE/alerts/raw_snapshots/alerts_20260402T031655Z.pb,2864,24614878e3404a0cd33a8371d3fc88928eadba4d08d5750eddb83ec676452d8a,
alerts_sidecar_20260402T031725Z,2026-04-02T03:17:26Z,2026-04-02T03:17:25Z,2026-04-02T03:00:00Z,2026-04-02T03:30:00Z,live,ok,live_endpoint,,TTC-PULSE/alerts/raw_snapshots/alerts_20260402T031725Z.pb,TTC-PULSE/alerts/raw_snapshots/alerts_20260402T031725Z.pb,9884,61d10b09b3c2fff9d69cb98478f781985fb978e773c138b4f37719990312bdbb,
alerts_sidecar_20260402T031725Z,2026-04-02T03:17:26Z,2026-04-02T03:17:25Z,2026-04-02T03:00:00Z,2026-04-02T03:30:00Z,live,ok,live_endpoint,,TTC-PULSE/alerts/raw_snapshots/alerts_20260402T031725Z.pb,TTC-PULSE/alerts/raw_snapshots/alerts_20260402T031725Z.pb,2269,e91563512387af9193a238126b31e4d61243551e9ea86f2a50d13a1988cc2b72,
alerts_sidecar_20260402T031725Z,2026-04-02T03:17:27Z,2026-04-02T03:17:25Z,2026-04-02T03:00:00Z,2026-04-02T03:30:00Z,live,ok,live_endpoint,,TTC-PULSE/alerts/raw_snapshots/alerts_20260402T031725Z.pb,TTC-PULSE/alerts/raw_snapshots/alerts_20260402T031725Z.pb,2864,e2d520d2892698f816b14adae85b6b786d27768e4052e19ecf61540b00f533c1,
alerts_sidecar_20260402T031755Z,2026-04-02T03:17:56Z,2026-04-02T03:17:55Z,2026-04-02T03:00:00Z,2026-04-02T03:30:00Z,live,ok,live_endpoint,,TTC-PULSE/alerts/raw_snapshots/alerts_20260402T031755Z.pb,TTC-PULSE/alerts/raw_snapshots/alerts_20260402T031755Z.pb,9884,6f7fcd8c0098e8cfa579422be1d192d5d8e620d81b2f2c25b02ee7d5ab617314,
alerts_sidecar_20260402T031755Z,2026-04-02T03:17:56Z,2026-04-02T03:17:55Z,2026-04-02T03:00:00Z,2026-04-02T03:30:00Z,live,ok,live_endpoint,,TTC-PULSE/alerts/raw_snapshots/alerts_20260402T031755Z.pb,TTC-PULSE/alerts/raw_snapshots/alerts_20260402T031755Z.pb,2269,b725fb48e7d39d30915d231e9b1c30d444971ffecbdb8f950f45dc81b66bfed8,
alerts_sidecar_20260402T031755Z,2026-04-02T03:17:56Z,2026-04-02T03:17:55Z,2026-04-02T03:00:00Z,2026-04-02T03:30:00Z,live,ok,live_endpoint,,TTC-PULSE/alerts/raw_snapshots/alerts_20260402T031755Z.pb,TTC-PULSE/alerts/raw_snapshots/alerts_20260402T031755Z.pb,2864,c2c83f33b42748733cded38f556f52414e921617db77858a4557ead4db8ca53b,
alerts_sidecar_20260402T031825Z,2026-04-02T03:18:26Z,2026-04-02T03:18:25Z,2026-04-02T03:00:00Z,2026-04-02T03:30:00Z,live,ok,live_endpoint,,TTC-PULSE/alerts/raw_snapshots/alerts_20260402T031825Z.pb,TTC-PULSE/alerts/raw_snapshots/alerts_20260402T031825Z.pb,9884,e495e3c589568099eb62a6ab005ea838bd1a2c24d4861eb55c512f91231bb305,
alerts_sidecar_20260402T031825Z,2026-04-02T03:18:26Z,2026-04-02T03:18:25Z,2026-04-02T03:00:00Z,2026-04-02T03:30:00Z,live,ok,live_endpoint,,TTC-PULSE/alerts/raw_snapshots/alerts_20260402T031825Z.pb,TTC-PULSE/alerts/raw_snapshots/alerts_20260402T031825Z.pb,2269,d209a31bbc70e7080322aacbd63de91559defe344555e1056cb029f5c6805121,
alerts_sidecar_20260402T031825Z,2026-04-02T03:18:27Z,2026-04-02T03:18:25Z,2026-04-02T03:00:00Z,2026-04-02T03:30:00Z,live,ok,live_endpoint,,TTC-PULSE/alerts/raw_snapshots/alerts_20260402T031825Z.pb,TTC-PULSE/alerts/raw_snapshots/alerts_20260402T031825Z.pb,2864,b9eb274d20cefc00fc4e970a48cc8d5c5d15d12add5d151fffae045b9a1ba9c7,
alerts_sidecar_20260402T031855Z,2026-04-02T03:18:56Z,2026-04-02T03:18:55Z,2026-04-02T03:00:00Z,2026-04-02T03:30:00Z,live,ok,live_endpoint,,TTC-PULSE/alerts/raw_snapshots/alerts_20260402T031855Z.pb,TTC-PULSE/alerts/raw_snapshots/alerts_20260402T031855Z.pb,9884,ceefa4ee031986e7b55234e67da7f06f5797468e8a7c8e9f0906065e985eae87,
alerts_sidecar_20260402T031855Z,2026-04-02T03:18:56Z,2026-04-02T03:18:55Z,2026-04-02T03:00:00Z,2026-04-02T03:30:00Z,live,ok,live_endpoint,,TTC-PULSE/alerts/raw_snapshots/alerts_20260402T031855Z.pb,TTC-PULSE/alerts/raw_snapshots/alerts_20260402T031855Z.pb,2269,bf8981c92f8b40cdc4164ee527848a5af08222e496607d6c83767a0b8a318ef0,
alerts_sidecar_20260402T031855Z,2026-04-02T03:18:57Z,2026-04-02T03:18:55Z,2026-04-02T03:00:00Z,2026-04-02T03:30:00Z,live,ok,live_endpoint,,TTC-PULSE/alerts/raw_snapshots/alerts_20260402T031855Z.pb,TTC-PULSE/alerts/raw_snapshots/alerts_20260402T031855Z.pb,2864,08048dbce733e8bce31ba8567dc8f492478ff20d4a66a8256433cfc4a42b009e,
alerts_sidecar_20260402T031925Z,2026-04-02T03:19:26Z,2026-04-02T03:19:25Z,2026-04-02T03:00:00Z,2026-04-02T03:30:00Z,live,ok,live_endpoint,,TTC-PULSE/alerts/raw_snapshots/alerts_20260402T031925Z.pb,TTC-PULSE/alerts/raw_snapshots/alerts_20260402T031925Z.pb,9884,ff276266f4dc8e264e4d4d6e932b6b25965028e16f9d7776fc4b1b744f61be77,
alerts_sidecar_20260402T031925Z,2026-04-02T03:19:26Z,2026-04-02T03:19:25Z,2026-04-02T03:00:00Z,2026-04-02T03:30:00Z,live,ok,live_endpoint,,TTC-PULSE/alerts/raw_snapshots/alerts_20260402T031925Z.pb,TTC-PULSE/alerts/raw_snapshots/alerts_20260402T031925Z.pb,2269,344d57c0d7006379a257c7b96f03827afb509fe263176ec09e8866755e1b2256,
alerts_sidecar_20260402T031925Z,2026-04-02T03:19:27Z,2026-04-02T03:19:25Z,2026-04-02T03:00:00Z,2026-04-02T03:30:00Z,live,ok,live_endpoint,,TTC-PULSE/alerts/raw_snapshots/alerts_20260402T031925Z.pb,TTC-PULSE/alerts/raw_snapshots/alerts_20260402T031925Z.pb,2864,3f447f755a93e9aa05ec0edaefd3b7684a0996f68cd05a1402b833821df31043,
alerts_sidecar_20260402T031955Z,2026-04-02T03:19:56Z,2026-04-02T03:19:55Z,2026-04-02T03:00:00Z,2026-04-02T03:30:00Z,live,ok,live_endpoint,,TTC-PULSE/alerts/raw_snapshots/alerts_20260402T031955Z.pb,TTC-PULSE/alerts/raw_snapshots/alerts_20260402T031955Z.pb,9884,db9c83b780771238a6429fe71f9fa0cfcfea9d4882847c8b430ec7103181786a,
alerts_sidecar_20260402T031955Z,2026-04-02T03:19:56Z,2026-04-02T03:19:55Z,2026-04-02T03:00:00Z,2026-04-02T03:30:00Z,live,ok,live_endpoint,,TTC-PULSE/alerts/raw_snapshots/alerts_20260402T031955Z.pb,TTC-PULSE/alerts/raw_snapshots/alerts_20260402T031955Z.pb,2269,e7179dc81888099dabdfd009bebbcfa554f47e6077f1e232637e99f82f8e293e,
alerts_sidecar_20260402T031955Z,2026-04-02T03:19:57Z,2026-04-02T03:19:55Z,2026-04-02T03:00:00Z,2026-04-02T03:30:00Z,live,ok,live_endpoint,,TTC-PULSE/alerts/raw_snapshots/alerts_20260402T031955Z.pb,TTC-PULSE/alerts/raw_snapshots/alerts_20260402T031955Z.pb,2864,3db298c9e9d17700e359292abc59b5b6f9f766bfb091dd1be73ae98d1951b415,
alerts_sidecar_20260402T032025Z,2026-04-02T03:20:26Z,2026-04-02T03:20:25Z,2026-04-02T03:00:00Z,2026-04-02T03:30:00Z,live,ok,live_endpoint,,TTC-PULSE/alerts/raw_snapshots/alerts_20260402T032025Z.pb,TTC-PULSE/alerts/raw_snapshots/alerts_20260402T032025Z.pb,9884,a5cbb6bc20f0b7fdfcfa5e44de7da258c0bd00dfda12e09368787c80dec8116e,
alerts_sidecar_20260402T032025Z,2026-04-02T03:20:26Z,2026-04-02T03:20:25Z,2026-04-02T03:00:00Z,2026-04-02T03:30:00Z,live,ok,live_endpoint,,TTC-PULSE/alerts/raw_snapshots/alerts_20260402T032025Z.pb,TTC-PULSE/alerts/raw_snapshots/alerts_20260402T032025Z.pb,2269,1a7e455ee94a097da6986e2ed9e745707477a91f87a96d3b1cd5fabb75625a8e,
alerts_sidecar_20260402T032025Z,2026-04-02T03:20:27Z,2026-04-02T03:20:25Z,2026-04-02T03:00:00Z,2026-04-02T03:30:00Z,live,ok,live_endpoint,,TTC-PULSE/alerts/raw_snapshots/alerts_20260402T032025Z.pb,TTC-PULSE/alerts/raw_snapshots/alerts_20260402T032025Z.pb,2864,5e3637a75b02ea52c9f98f0c9090466e391bc8921adc9f4421cd11dc3ff77d60,
alerts_sidecar_20260402T032055Z,2026-04-02T03:20:56Z,2026-04-02T03:20:55Z,2026-04-02T03:00:00Z,2026-04-02T03:30:00Z,live,ok,live_endpoint,,TTC-PULSE/alerts/raw_snapshots/alerts_20260402T032055Z.pb,TTC-PULSE/alerts/raw_snapshots/alerts_20260402T032055Z.pb,9884,9065d86d0bdbc45f3481cd58738ed9b39c134217b4435afc6213c26a0a73379f,
alerts_sidecar_20260402T032055Z,2026-04-02T03:20:56Z,2026-04-02T03:20:55Z,2026-04-02T03:00:00Z,2026-04-02T03:30:00Z,live,ok,live_endpoint,,TTC-PULSE/alerts/raw_snapshots/alerts_20260402T032055Z.pb,TTC-PULSE/alerts/raw_snapshots/alerts_20260402T032055Z.pb,2269,c73020cfa8a15715b980758dddae009d4f5903625c8dddfe4aa71b30441806d8,
alerts_sidecar_20260402T032055Z,2026-04-02T03:20:56Z,2026-04-02T03:20:55Z,2026-04-02T03:00:00Z,2026-04-02T03:30:00Z,live,ok,live_endpoint,,TTC-PULSE/alerts/raw_snapshots/alerts_20260402T032055Z.pb,TTC-PULSE/alerts/raw_snapshots/alerts_20260402T032055Z.pb,2864,7dd4a3024b302b1967299849e32043eebb10df77534395a3d68d54e004b6417c,
alerts_sidecar_20260402T032125Z,2026-04-02T03:21:26Z,2026-04-02T03:21:25Z,2026-04-02T03:00:00Z,2026-04-02T03:30:00Z,live,ok,live_endpoint,,TTC-PULSE/alerts/raw_snapshots/alerts_20260402T032125Z.pb,TTC-PULSE/alerts/raw_snapshots/alerts_20260402T032125Z.pb,9884,f8225dc231d74ca9a4a632fe4a53051ce8c161b9d9f487684d3d60b8f2d355ca,
alerts_sidecar_20260402T032125Z,2026-04-02T03:21:26Z,2026-04-02T03:21:25Z,2026-04-02T03:00:00Z,2026-04-02T03:30:00Z,live,ok,live_endpoint,,TTC-PULSE/alerts/raw_snapshots/alerts_20260402T032125Z.pb,TTC-PULSE/alerts/raw_snapshots/alerts_20260402T032125Z.pb,2269,78030659cc132dce18f2a8616e6e12ba7de75ce58f935d3e13024cbf6a620da9,
alerts_sidecar_20260402T032125Z,2026-04-02T03:21:26Z,2026-04-02T03:21:25Z,2026-04-02T03:00:00Z,2026-04-02T03:30:00Z,live,ok,live_endpoint,,TTC-PULSE/alerts/raw_snapshots/alerts_20260402T032125Z.pb,TTC-PULSE/alerts/raw_snapshots/alerts_20260402T032125Z.pb,2864,2ef9d007c08609bc079e92f904757e8b025144fc3df4df670c39f77792075526,
alerts_sidecar_20260402T032155Z,2026-04-02T03:21:56Z,2026-04-02T03:21:55Z,2026-04-02T03:00:00Z,2026-04-02T03:30:00Z,live,ok,live_endpoint,,TTC-PULSE/alerts/raw_snapshots/alerts_20260402T032155Z.pb,TTC-PULSE/alerts/raw_snapshots/alerts_20260402T032155Z.pb,9884,8bcf597a17f89908991f781f2a1050c2770f4650ea017aa0f9eba4f0da6f8ab1,
alerts_sidecar_20260402T032155Z,2026-04-02T03:21:56Z,2026-04-02T03:21:55Z,2026-04-02T03:00:00Z,2026-04-02T03:30:00Z,live,ok,live_endpoint,,TTC-PULSE/alerts/raw_snapshots/alerts_20260402T032155Z.pb,TTC-PULSE/alerts/raw_snapshots/alerts_20260402T032155Z.pb,2269,0b1493a985989207c631e880e2a4414d1388026f98ef87337e1f6a9cca1b1404,
alerts_sidecar_20260402T032155Z,2026-04-02T03:21:57Z,2026-04-02T03:21:55Z,2026-04-02T03:00:00Z,2026-04-02T03:30:00Z,live,ok,live_endpoint,,TTC-PULSE/alerts/raw_snapshots/alerts_20260402T032155Z.pb,TTC-PULSE/alerts/raw_snapshots/alerts_20260402T032155Z.pb,3269,a3345110aeeafe86ad69f88b9752da2447d926859f4b3110dd7236cf99e41a2e,
alerts_sidecar_20260402T032225Z,2026-04-02T03:22:26Z,2026-04-02T03:22:25Z,2026-04-02T03:00:00Z,2026-04-02T03:30:00Z,live,ok,live_endpoint,,TTC-PULSE/alerts/raw_snapshots/alerts_20260402T032225Z.pb,TTC-PULSE/alerts/raw_snapshots/alerts_20260402T032225Z.pb,9884,638ac45d30453fa1644c48039a54904dfa7b513709ac40575ac44a8e002e18f3,
alerts_sidecar_20260402T032225Z,2026-04-02T03:22:26Z,2026-04-02T03:22:25Z,2026-04-02T03:00:00Z,2026-04-02T03:30:00Z,live,ok,live_endpoint,,TTC-PULSE/alerts/raw_snapshots/alerts_20260402T032225Z.pb,TTC-PULSE/alerts/raw_snapshots/alerts_20260402T032225Z.pb,2269,c6c56aa485574a890d5cff2082a459046ef82b8e37449e1c3612e6749ee7729f,
alerts_sidecar_20260402T032225Z,2026-04-02T03:22:26Z,2026-04-02T03:22:25Z,2026-04-02T03:00:00Z,2026-04-02T03:30:00Z,live,ok,live_endpoint,,TTC-PULSE/alerts/raw_snapshots/alerts_20260402T032225Z.pb,TTC-PULSE/alerts/raw_snapshots/alerts_20260402T032225Z.pb,3269,e6e9dd339ff8c452084925b5b245b2573fb4e54e8f8deb24e44e1369d8fb69c8,
alerts_sidecar_20260402T032255Z,2026-04-02T03:22:56Z,2026-04-02T03:22:55Z,2026-04-02T03:00:00Z,2026-04-02T03:30:00Z,live,ok,live_endpoint,,TTC-PULSE/alerts/raw_snapshots/alerts_20260402T032255Z.pb,TTC-PULSE/alerts/raw_snapshots/alerts_20260402T032255Z.pb,9884,19a99850b574ca7538d9501df870a40955efd7d4b9253e9b74adf5a0b40b527e,
alerts_sidecar_20260402T032255Z,2026-04-02T03:22:56Z,2026-04-02T03:22:55Z,2026-04-02T03:00:00Z,2026-04-02T03:30:00Z,live,ok,live_endpoint,,TTC-PULSE/alerts/raw_snapshots/alerts_20260402T032255Z.pb,TTC-PULSE/alerts/raw_snapshots/alerts_20260402T032255Z.pb,2269,fc38fb095cf463aba88e6aca3d5994469aa034fd671274578566e02867eb916c,
alerts_sidecar_20260402T032255Z,2026-04-02T03:22:57Z,2026-04-02T03:22:55Z,2026-04-02T03:00:00Z,2026-04-02T03:30:00Z,live,ok,live_endpoint,,TTC-PULSE/alerts/raw_snapshots/alerts_20260402T032255Z.pb,TTC-PULSE/alerts/raw_snapshots/alerts_20260402T032255Z.pb,3269,908d09b8f52572c9c2509b3a9f60de037bed454de8defa7125a5c5fb6242e3d1,
alerts_sidecar_20260402T032325Z,2026-04-02T03:23:26Z,2026-04-02T03:23:25Z,2026-04-02T03:00:00Z,2026-04-02T03:30:00Z,live,ok,live_endpoint,,TTC-PULSE/alerts/raw_snapshots/alerts_20260402T032325Z.pb,TTC-PULSE/alerts/raw_snapshots/alerts_20260402T032325Z.pb,9884,5c5d0fc0c4339b4ba4a4114bdc03f976c1706809675b5c389d17137d39212247,
alerts_sidecar_20260402T032325Z,2026-04-02T03:23:26Z,2026-04-02T03:23:25Z,2026-04-02T03:00:00Z,2026-04-02T03:30:00Z,live,ok,live_endpoint,,TTC-PULSE/alerts/raw_snapshots/alerts_20260402T032325Z.pb,TTC-PULSE/alerts/raw_snapshots/alerts_20260402T032325Z.pb,2269,05d22188288ad7c549de23ff67c2a512f7c83f1e3fa4bffb869a148b2a6c60f4,
alerts_sidecar_20260402T032325Z,2026-04-02T03:23:27Z,2026-04-02T03:23:25Z,2026-04-02T03:00:00Z,2026-04-02T03:30:00Z,live,ok,live_endpoint,,TTC-PULSE/alerts/raw_snapshots/alerts_20260402T032325Z.pb,TTC-PULSE/alerts/raw_snapshots/alerts_20260402T032325Z.pb,3269,c2df739dbad914319bf7d430797cd6fe5a513f02df3d79ea91498268abb13352,
alerts_sidecar_20260402T032355Z,2026-04-02T03:23:56Z,2026-04-02T03:23:55Z,2026-04-02T03:00:00Z,2026-04-02T03:30:00Z,live,ok,live_endpoint,,TTC-PULSE/alerts/raw_snapshots/alerts_20260402T032355Z.pb,TTC-PULSE/alerts/raw_snapshots/alerts_20260402T032355Z.pb,9884,22284f345585f7b5e96ebe86124d6879caa10c6f8e9a7b1046d6b8faa2f4cf8d,
alerts_sidecar_20260402T032355Z,2026-04-02T03:23:56Z,2026-04-02T03:23:55Z,2026-04-02T03:00:00Z,2026-04-02T03:30:00Z,live,ok,live_endpoint,,TTC-PULSE/alerts/raw_snapshots/alerts_20260402T032355Z.pb,TTC-PULSE/alerts/raw_snapshots/alerts_20260402T032355Z.pb,2269,0c5ec86c3a073139051c1b7e4c94bc1dedd5a223aa0658427b19caed2ea980e4,
alerts_sidecar_20260402T032355Z,2026-04-02T03:23:56Z,2026-04-02T03:23:55Z,2026-04-02T03:00:00Z,2026-04-02T03:30:00Z,live,ok,live_endpoint,,TTC-PULSE/alerts/raw_snapshots/alerts_20260402T032355Z.pb,TTC-PULSE/alerts/raw_snapshots/alerts_20260402T032355Z.pb,3269,c485f7ff8d74bf3da28997e5806b224f93e1bdc8af0ffed577c65ec95b62673d,
alerts_sidecar_20260402T032425Z,2026-04-02T03:24:26Z,2026-04-02T03:24:25Z,2026-04-02T03:00:00Z,2026-04-02T03:30:00Z,live,ok,live_endpoint,,TTC-PULSE/alerts/raw_snapshots/alerts_20260402T032425Z.pb,TTC-PULSE/alerts/raw_snapshots/alerts_20260402T032425Z.pb,9884,da0f58754c96a3f211d19374545e868d83c3ea09e845dcb25b3810e5fc112764,
alerts_sidecar_20260402T032425Z,2026-04-02T03:24:26Z,2026-04-02T03:24:25Z,2026-04-02T03:00:00Z,2026-04-02T03:30:00Z,live,ok,live_endpoint,,TTC-PULSE/alerts/raw_snapshots/alerts_20260402T032425Z.pb,TTC-PULSE/alerts/raw_snapshots/alerts_20260402T032425Z.pb,2269,7b084b372a793bef4dc6ecd0fbcc3d0dd281acf568a86f0e9ba5689bca785e1f,
alerts_sidecar_20260402T032425Z,2026-04-02T03:24:27Z,2026-04-02T03:24:25Z,2026-04-02T03:00:00Z,2026-04-02T03:30:00Z,live,ok,live_endpoint,,TTC-PULSE/alerts/raw_snapshots/alerts_20260402T032425Z.pb,TTC-PULSE/alerts/raw_snapshots/alerts_20260402T032425Z.pb,3269,2a8d25034d0ebaa3fcdec151b54b7dc5a9db8f20a73e718900f9ed1206a0c875,
alerts_sidecar_20260402T032455Z,2026-04-02T03:24:56Z,2026-04-02T03:24:55Z,2026-04-02T03:00:00Z,2026-04-02T03:30:00Z,live,ok,live_endpoint,,TTC-PULSE/alerts/raw_snapshots/alerts_20260402T032455Z.pb,TTC-PULSE/alerts/raw_snapshots/alerts_20260402T032455Z.pb,9884,2bd20e4d490aaec8902c37f5065bb2a2243b487a42b3981af463877eaa9b0651,
alerts_sidecar_20260402T032455Z,2026-04-02T03:24:56Z,2026-04-02T03:24:55Z,2026-04-02T03:00:00Z,2026-04-02T03:30:00Z,live,ok,live_endpoint,,TTC-PULSE/alerts/raw_snapshots/alerts_20260402T032455Z.pb,TTC-PULSE/alerts/raw_snapshots/alerts_20260402T032455Z.pb,2269,6a1cb779497df74fe8a04596309e876231467b3e17d2f4f5b7ea4e81c2a19560,
alerts_sidecar_20260402T032455Z,2026-04-02T03:24:57Z,2026-04-02T03:24:55Z,2026-04-02T03:00:00Z,2026-04-02T03:30:00Z,live,ok,live_endpoint,,TTC-PULSE/alerts/raw_snapshots/alerts_20260402T032455Z.pb,TTC-PULSE/alerts/raw_snapshots/alerts_20260402T032455Z.pb,3269,f4c1a3de81f37db1ce7b4193bf53f6f663fa5d5b65a66a2d2dc19c0d6e9fb5c0,
alerts_sidecar_20260402T032525Z,2026-04-02T03:25:26Z,2026-04-02T03:25:25Z,2026-04-02T03:00:00Z,2026-04-02T03:30:00Z,live,ok,live_endpoint,,TTC-PULSE/alerts/raw_snapshots/alerts_20260402T032525Z.pb,TTC-PULSE/alerts/raw_snapshots/alerts_20260402T032525Z.pb,9884,e4efef8d666b215e87d8a753080a724b90b7e470d2762826583261e2216375b8,
alerts_sidecar_20260402T032525Z,2026-04-02T03:25:27Z,2026-04-02T03:25:25Z,2026-04-02T03:00:00Z,2026-04-02T03:30:00Z,live,ok,live_endpoint,,TTC-PULSE/alerts/raw_snapshots/alerts_20260402T032525Z.pb,TTC-PULSE/alerts/raw_snapshots/alerts_20260402T032525Z.pb,2269,b6975eb5730f3eb128e59ac04d87fe8990bf28adab841b90515bccf07add2553,
alerts_sidecar_20260402T032525Z,2026-04-02T03:25:27Z,2026-04-02T03:25:25Z,2026-04-02T03:00:00Z,2026-04-02T03:30:00Z,live,ok,live_endpoint,,TTC-PULSE/alerts/raw_snapshots/alerts_20260402T032525Z.pb,TTC-PULSE/alerts/raw_snapshots/alerts_20260402T032525Z.pb,3269,acaf7888ab1956045ba667f178cffb34f134e8ba7d8cb21f061fcbdce4a44e19,
alerts_sidecar_20260402T032555Z,2026-04-02T03:25:56Z,2026-04-02T03:25:55Z,2026-04-02T03:00:00Z,2026-04-02T03:30:00Z,live,ok,live_endpoint,,TTC-PULSE/alerts/raw_snapshots/alerts_20260402T032555Z.pb,TTC-PULSE/alerts/raw_snapshots/alerts_20260402T032555Z.pb,9884,47ef72a72fe8ff0e5f6dc9f3e86d5616f158648b4c356b221f1ee96334e5fafc,
alerts_sidecar_20260402T032555Z,2026-04-02T03:25:56Z,2026-04-02T03:25:55Z,2026-04-02T03:00:00Z,2026-04-02T03:30:00Z,live,ok,live_endpoint,,TTC-PULSE/alerts/raw_snapshots/alerts_20260402T032555Z.pb,TTC-PULSE/alerts/raw_snapshots/alerts_20260402T032555Z.pb,2269,1ad67c9b0a74d01e6c88558258da96063b97bdbac876bf7a5786bd479151def9,
alerts_sidecar_20260402T032555Z,2026-04-02T03:25:57Z,2026-04-02T03:25:55Z,2026-04-02T03:00:00Z,2026-04-02T03:30:00Z,live,ok,live_endpoint,,TTC-PULSE/alerts/raw_snapshots/alerts_20260402T032555Z.pb,TTC-PULSE/alerts/raw_snapshots/alerts_20260402T032555Z.pb,3269,7cec5ef439a3bb862d24e31464ae9cad0bdb653cea479ee69eecc7a67fe2498d,
alerts_sidecar_20260402T032625Z,2026-04-02T03:26:26Z,2026-04-02T03:26:25Z,2026-04-02T03:00:00Z,2026-04-02T03:30:00Z,live,ok,live_endpoint,,TTC-PULSE/alerts/raw_snapshots/alerts_20260402T032625Z.pb,TTC-PULSE/alerts/raw_snapshots/alerts_20260402T032625Z.pb,9884,16a6938f70df401cba595ed1943dc022eb4ecde95087b1b54b9f0fa34f4f2425,
alerts_sidecar_20260402T032625Z,2026-04-02T03:26:26Z,2026-04-02T03:26:25Z,2026-04-02T03:00:00Z,2026-04-02T03:30:00Z,live,ok,live_endpoint,,TTC-PULSE/alerts/raw_snapshots/alerts_20260402T032625Z.pb,TTC-PULSE/alerts/raw_snapshots/alerts_20260402T032625Z.pb,2269,ececd3a8529a4d9fc9ed51a4ad0225be838ea0bd0092af59212eddf2b2d127e5,
alerts_sidecar_20260402T032625Z,2026-04-02T03:26:27Z,2026-04-02T03:26:25Z,2026-04-02T03:00:00Z,2026-04-02T03:30:00Z,live,ok,live_endpoint,,TTC-PULSE/alerts/raw_snapshots/alerts_20260402T032625Z.pb,TTC-PULSE/alerts/raw_snapshots/alerts_20260402T032625Z.pb,3269,510cbf19ae7b923150510d56f3a30558b48ed6e2ffa86778a3b6dfb42056a679,
alerts_sidecar_20260402T032655Z,2026-04-02T03:26:56Z,2026-04-02T03:26:55Z,2026-04-02T03:00:00Z,2026-04-02T03:30:00Z,live,ok,live_endpoint,,TTC-PULSE/alerts/raw_snapshots/alerts_20260402T032655Z.pb,TTC-PULSE/alerts/raw_snapshots/alerts_20260402T032655Z.pb,9884,fa25e4c3b5433faad21788b35e8734b9604ac7b5f7264dee520a599cab725527,
alerts_sidecar_20260402T032655Z,2026-04-02T03:26:56Z,2026-04-02T03:26:55Z,2026-04-02T03:00:00Z,2026-04-02T03:30:00Z,live,ok,live_endpoint,,TTC-PULSE/alerts/raw_snapshots/alerts_20260402T032655Z.pb,TTC-PULSE/alerts/raw_snapshots/alerts_20260402T032655Z.pb,2269,141591e5744f1587bd88afb8bfa81f96f193ac75527cc2503fc2e3a948507fc2,
alerts_sidecar_20260402T032655Z,2026-04-02T03:26:57Z,2026-04-02T03:26:55Z,2026-04-02T03:00:00Z,2026-04-02T03:30:00Z,live,ok,live_endpoint,,TTC-PULSE/alerts/raw_snapshots/alerts_20260402T032655Z.pb,TTC-PULSE/alerts/raw_snapshots/alerts_20260402T032655Z.pb,3269,65defc8ce84cfe62479faa28f78029a89df598df75a9ce9a47bf22c513378f4a,
alerts_sidecar_20260402T032725Z,2026-04-02T03:27:26Z,2026-04-02T03:27:25Z,2026-04-02T03:00:00Z,2026-04-02T03:30:00Z,live,ok,live_endpoint,,TTC-PULSE/alerts/raw_snapshots/alerts_20260402T032725Z.pb,TTC-PULSE/alerts/raw_snapshots/alerts_20260402T032725Z.pb,9884,a2e20f13864c0b47f34bd8f9b7ee3391dfe25f22b4f16ae2dabe1bf275968a40,
alerts_sidecar_20260402T032725Z,2026-04-02T03:27:26Z,2026-04-02T03:27:25Z,2026-04-02T03:00:00Z,2026-04-02T03:30:00Z,live,ok,live_endpoint,,TTC-PULSE/alerts/raw_snapshots/alerts_20260402T032725Z.pb,TTC-PULSE/alerts/raw_snapshots/alerts_20260402T032725Z.pb,2269,92816bea2da9139f347d25b2e4f4fe1e052432330ed976d75be0eb45d9de810c,
alerts_sidecar_20260402T032725Z,2026-04-02T03:27:26Z,2026-04-02T03:27:25Z,2026-04-02T03:00:00Z,2026-04-02T03:30:00Z,live,ok,live_endpoint,,TTC-PULSE/alerts/raw_snapshots/alerts_20260402T032725Z.pb,TTC-PULSE/alerts/raw_snapshots/alerts_20260402T032725Z.pb,3269,efdbe272888ba73678b868f86a69d151440f3f829bb10cd02ccb8ac379e37d68,
alerts_sidecar_20260402T032755Z,2026-04-02T03:27:56Z,2026-04-02T03:27:55Z,2026-04-02T03:00:00Z,2026-04-02T03:30:00Z,live,ok,live_endpoint,,TTC-PULSE/alerts/raw_snapshots/alerts_20260402T032755Z.pb,TTC-PULSE/alerts/raw_snapshots/alerts_20260402T032755Z.pb,9884,13248bb397ffba20c17c85f37d8dece0afbe87dde68e96c2813fe04396d81c27,
alerts_sidecar_20260402T032755Z,2026-04-02T03:27:56Z,2026-04-02T03:27:55Z,2026-04-02T03:00:00Z,2026-04-02T03:30:00Z,live,ok,live_endpoint,,TTC-PULSE/alerts/raw_snapshots/alerts_20260402T032755Z.pb,TTC-PULSE/alerts/raw_snapshots/alerts_20260402T032755Z.pb,2269,3705304c7d39d9272e7296624dcfc20a317d12f7a8663d8c80466af84ffbd94f,
alerts_sidecar_20260402T032755Z,2026-04-02T03:27:57Z,2026-04-02T03:27:55Z,2026-04-02T03:00:00Z,2026-04-02T03:30:00Z,live,ok,live_endpoint,,TTC-PULSE/alerts/raw_snapshots/alerts_20260402T032755Z.pb,TTC-PULSE/alerts/raw_snapshots/alerts_20260402T032755Z.pb,3269,b09bd2c570a6ea5db3c44ab671711628c25c1e26837f90d55216cf73c9157e9e,
alerts_sidecar_20260402T032825Z,2026-04-02T03:28:26Z,2026-04-02T03:28:25Z,2026-04-02T03:00:00Z,2026-04-02T03:30:00Z,live,ok,live_endpoint,,TTC-PULSE/alerts/raw_snapshots/alerts_20260402T032825Z.pb,TTC-PULSE/alerts/raw_snapshots/alerts_20260402T032825Z.pb,9884,7265b4559630f0f3d9b86b31ab995bcdf9260edbb5170cb91cdcea26e3da0760,
alerts_sidecar_20260402T032825Z,2026-04-02T03:28:26Z,2026-04-02T03:28:25Z,2026-04-02T03:00:00Z,2026-04-02T03:30:00Z,live,ok,live_endpoint,,TTC-PULSE/alerts/raw_snapshots/alerts_20260402T032825Z.pb,TTC-PULSE/alerts/raw_snapshots/alerts_20260402T032825Z.pb,2269,db345fe41cb0a4d7d108dc01dc2ab799619ab88fe9ad312f21200b50c4094558,
alerts_sidecar_20260402T032825Z,2026-04-02T03:28:27Z,2026-04-02T03:28:25Z,2026-04-02T03:00:00Z,2026-04-02T03:30:00Z,live,ok,live_endpoint,,TTC-PULSE/alerts/raw_snapshots/alerts_20260402T032825Z.pb,TTC-PULSE/alerts/raw_snapshots/alerts_20260402T032825Z.pb,3269,f4cf76debba9fad5cc7eaf4765d77c7045718abd847583a8640321ec7198ea26,
alerts_sidecar_20260402T032855Z,2026-04-02T03:28:56Z,2026-04-02T03:28:55Z,2026-04-02T03:00:00Z,2026-04-02T03:30:00Z,live,ok,live_endpoint,,TTC-PULSE/alerts/raw_snapshots/alerts_20260402T032855Z.pb,TTC-PULSE/alerts/raw_snapshots/alerts_20260402T032855Z.pb,9884,b0ce0cb0cd5b749f47b1a20192af119eb4313b950582130d91cf7d1ff1191ed1,
alerts_sidecar_20260402T032855Z,2026-04-02T03:28:56Z,2026-04-02T03:28:55Z,2026-04-02T03:00:00Z,2026-04-02T03:30:00Z,live,ok,live_endpoint,,TTC-PULSE/alerts/raw_snapshots/alerts_20260402T032855Z.pb,TTC-PULSE/alerts/raw_snapshots/alerts_20260402T032855Z.pb,2269,cf6f6e970b5a24eb4cc7ef02053f03ab391bf30459521b98a468f748bec461f0,
alerts_sidecar_20260402T032855Z,2026-04-02T03:28:56Z,2026-04-02T03:28:55Z,2026-04-02T03:00:00Z,2026-04-02T03:30:00Z,live,ok,live_endpoint,,TTC-PULSE/alerts/raw_snapshots/alerts_20260402T032855Z.pb,TTC-PULSE/alerts/raw_snapshots/alerts_20260402T032855Z.pb,3269,729980d0659c669eb5411ad68a0b427f47363e2e1419e1df917d7641d42e2e01,
alerts_sidecar_20260402T032925Z,2026-04-02T03:29:26Z,2026-04-02T03:29:25Z,2026-04-02T03:00:00Z,2026-04-02T03:30:00Z,live,ok,live_endpoint,,TTC-PULSE/alerts/raw_snapshots/alerts_20260402T032925Z.pb,TTC-PULSE/alerts/raw_snapshots/alerts_20260402T032925Z.pb,9884,2a8034613b37dc30cfc534f85d44940c7014dabf253d21387c31c7871ba700c6,
alerts_sidecar_20260402T032925Z,2026-04-02T03:29:26Z,2026-04-02T03:29:25Z,2026-04-02T03:00:00Z,2026-04-02T03:30:00Z,live,ok,live_endpoint,,TTC-PULSE/alerts/raw_snapshots/alerts_20260402T032925Z.pb,TTC-PULSE/alerts/raw_snapshots/alerts_20260402T032925Z.pb,2269,6b0f72c5fb1daba466cd87b8b1647235319a78b73502168c0fe579720b9ab9fe,
alerts_sidecar_20260402T032925Z,2026-04-02T03:29:27Z,2026-04-02T03:29:25Z,2026-04-02T03:00:00Z,2026-04-02T03:30:00Z,live,ok,live_endpoint,,TTC-PULSE/alerts/raw_snapshots/alerts_20260402T032925Z.pb,TTC-PULSE/alerts/raw_snapshots/alerts_20260402T032925Z.pb,3269,25a091044a07d13feb68e49803174368fea832a9f440a3bc32f9195a7e4dc709,
alerts_sidecar_20260402T032955Z,2026-04-02T03:29:56Z,2026-04-02T03:29:55Z,2026-04-02T03:00:00Z,2026-04-02T03:30:00Z,live,ok,live_endpoint,,TTC-PULSE/alerts/raw_snapshots/alerts_20260402T032955Z.pb,TTC-PULSE/alerts/raw_snapshots/alerts_20260402T032955Z.pb,9884,1f4147068dbbd795fe1dfa1768c9af641d5b25a09c2abbd2d4fcbbe31a3aa28b,
alerts_sidecar_20260402T032955Z,2026-04-02T03:29:56Z,2026-04-02T03:29:55Z,2026-04-02T03:00:00Z,2026-04-02T03:30:00Z,live,ok,live_endpoint,,TTC-PULSE/alerts/raw_snapshots/alerts_20260402T032955Z.pb,TTC-PULSE/alerts/raw_snapshots/alerts_20260402T032955Z.pb,2269,184b0455efc79b9000c2241a5510cdcbdb5cb67df96a93cf17010fdba7b3b86e,
alerts_sidecar_20260402T032955Z,2026-04-02T03:29:57Z,2026-04-02T03:29:55Z,2026-04-02T03:00:00Z,2026-04-02T03:30:00Z,live,ok,live_endpoint,,TTC-PULSE/alerts/raw_snapshots/alerts_20260402T032955Z.pb,TTC-PULSE/alerts/raw_snapshots/alerts_20260402T032955Z.pb,3269,7e2dabeebff2edae1239220df9db8d25c61d6b7c220b82fd196f6c30da871285,
alerts_sidecar_20260402T033025Z,2026-04-02T03:30:26Z,2026-04-02T03:30:25Z,2026-04-02T03:30:00Z,2026-04-02T04:00:00Z,live,ok,live_endpoint,,TTC-PULSE/alerts/raw_snapshots/alerts_20260402T033025Z.pb,TTC-PULSE/alerts/raw_snapshots/alerts_20260402T033025Z.pb,9884,e1d397c0a436c91f35879217b3393c1f750e6116e7f419d16e05fb429d55a451,
alerts_sidecar_20260402T033025Z,2026-04-02T03:30:26Z,2026-04-02T03:30:25Z,2026-04-02T03:30:00Z,2026-04-02T04:00:00Z,live,ok,live_endpoint,,TTC-PULSE/alerts/raw_snapshots/alerts_20260402T033025Z.pb,TTC-PULSE/alerts/raw_snapshots/alerts_20260402T033025Z.pb,2269,13063d050befbdcc00e6576abd61cdf71836475cec53c73c961f06aea7b59052,
alerts_sidecar_20260402T033025Z,2026-04-02T03:30:27Z,2026-04-02T03:30:25Z,2026-04-02T03:30:00Z,2026-04-02T04:00:00Z,live,ok,live_endpoint,,TTC-PULSE/alerts/raw_snapshots/alerts_20260402T033025Z.pb,TTC-PULSE/alerts/raw_snapshots/alerts_20260402T033025Z.pb,3269,876a6660f6d79c7c7924d4c099763142df617a2a8013511bb893af508865a20c,
alerts_sidecar_20260402T033055Z,2026-04-02T03:30:56Z,2026-04-02T03:30:55Z,2026-04-02T03:30:00Z,2026-04-02T04:00:00Z,live,ok,live_endpoint,,TTC-PULSE/alerts/raw_snapshots/alerts_20260402T033055Z.pb,TTC-PULSE/alerts/raw_snapshots/alerts_20260402T033055Z.pb,9884,9cf4cb1f43ee3b0de4cb82c1b911cacc359ed2ad6bc358916e364fd3b6a925c7,
alerts_sidecar_20260402T033055Z,2026-04-02T03:30:56Z,2026-04-02T03:30:55Z,2026-04-02T03:30:00Z,2026-04-02T04:00:00Z,live,ok,live_endpoint,,TTC-PULSE/alerts/raw_snapshots/alerts_20260402T033055Z.pb,TTC-PULSE/alerts/raw_snapshots/alerts_20260402T033055Z.pb,2269,82c0ce9c982fe1d2249197c2b4038077c7a2066a58621a9959aa110352274710,
alerts_sidecar_20260402T033055Z,2026-04-02T03:30:57Z,2026-04-02T03:30:55Z,2026-04-02T03:30:00Z,2026-04-02T04:00:00Z,live,ok,live_endpoint,,TTC-PULSE/alerts/raw_snapshots/alerts_20260402T033055Z.pb,TTC-PULSE/alerts/raw_snapshots/alerts_20260402T033055Z.pb,3269,9c75e82fef059515d2c94f352a8adbcc406017e767432004733104030ef1c29f,
alerts_sidecar_20260402T033125Z,2026-04-02T03:31:26Z,2026-04-02T03:31:25Z,2026-04-02T03:30:00Z,2026-04-02T04:00:00Z,live,ok,live_endpoint,,TTC-PULSE/alerts/raw_snapshots/alerts_20260402T033125Z.pb,TTC-PULSE/alerts/raw_snapshots/alerts_20260402T033125Z.pb,9884,1a05612cb57452971ea8cc2820b19382d20052577fbf58e297ddc32e1f20a163,
alerts_sidecar_20260402T033125Z,2026-04-02T03:31:26Z,2026-04-02T03:31:25Z,2026-04-02T03:30:00Z,2026-04-02T04:00:00Z,live,ok,live_endpoint,,TTC-PULSE/alerts/raw_snapshots/alerts_20260402T033125Z.pb,TTC-PULSE/alerts/raw_snapshots/alerts_20260402T033125Z.pb,2269,5da169409f197059b025bb68ce4a1e2198bbc38fc747c3e29e27f4db6ed0879c,
alerts_sidecar_20260402T033125Z,2026-04-02T03:31:26Z,2026-04-02T03:31:25Z,2026-04-02T03:30:00Z,2026-04-02T04:00:00Z,live,ok,live_endpoint,,TTC-PULSE/alerts/raw_snapshots/alerts_20260402T033125Z.pb,TTC-PULSE/alerts/raw_snapshots/alerts_20260402T033125Z.pb,3269,784b281eff165afc6f5f21f118ae01e19df40e5191320f492090ad02e5208fcf,
alerts_sidecar_20260402T033155Z,2026-04-02T03:31:56Z,2026-04-02T03:31:55Z,2026-04-02T03:30:00Z,2026-04-02T04:00:00Z,live,ok,live_endpoint,,TTC-PULSE/alerts/raw_snapshots/alerts_20260402T033155Z.pb,TTC-PULSE/alerts/raw_snapshots/alerts_20260402T033155Z.pb,9884,d51e59ffe1fdee96ef3d1945d8c2e4c74b97f47140688f90ca927cfa1641c693,
alerts_sidecar_20260402T033155Z,2026-04-02T03:31:56Z,2026-04-02T03:31:55Z,2026-04-02T03:30:00Z,2026-04-02T04:00:00Z,live,ok,live_endpoint,,TTC-PULSE/alerts/raw_snapshots/alerts_20260402T033155Z.pb,TTC-PULSE/alerts/raw_snapshots/alerts_20260402T033155Z.pb,2269,16a1db200e2d47422afd4f9044a0bf2efb4d8e4dd088ad5d14a4df563763578d,
alerts_sidecar_20260402T033155Z,2026-04-02T03:31:57Z,2026-04-02T03:31:55Z,2026-04-02T03:30:00Z,2026-04-02T04:00:00Z,live,ok,live_endpoint,,TTC-PULSE/alerts/raw_snapshots/alerts_20260402T033155Z.pb,TTC-PULSE/alerts/raw_snapshots/alerts_20260402T033155Z.pb,3269,cd25a40cfe12663032c6bdd6c9f973a5b0a8e156c02c3fda3a8e5fd898761704,
alerts_sidecar_20260402T033225Z,2026-04-02T03:32:26Z,2026-04-02T03:32:25Z,2026-04-02T03:30:00Z,2026-04-02T04:00:00Z,live,ok,live_endpoint,,TTC-PULSE/alerts/raw_snapshots/alerts_20260402T033225Z.pb,TTC-PULSE/alerts/raw_snapshots/alerts_20260402T033225Z.pb,9884,5837c53149db761fbabc90dc02880a79b10e7a88aca293565cbb065e704cab3d,
alerts_sidecar_20260402T033225Z,2026-04-02T03:32:26Z,2026-04-02T03:32:25Z,2026-04-02T03:30:00Z,2026-04-02T04:00:00Z,live,ok,live_endpoint,,TTC-PULSE/alerts/raw_snapshots/alerts_20260402T033225Z.pb,TTC-PULSE/alerts/raw_snapshots/alerts_20260402T033225Z.pb,2269,ecef6a114c03363fd18b4c792a1380ce5ee646e47b8b58864127ac9e3ec5072d,
alerts_sidecar_20260402T033225Z,2026-04-02T03:32:27Z,2026-04-02T03:32:25Z,2026-04-02T03:30:00Z,2026-04-02T04:00:00Z,live,ok,live_endpoint,,TTC-PULSE/alerts/raw_snapshots/alerts_20260402T033225Z.pb,TTC-PULSE/alerts/raw_snapshots/alerts_20260402T033225Z.pb,3269,d6ff820c912b17da4f5ce006a282124ee5a1e6a65f6519ade2d0e64a2d69fa50,
alerts_sidecar_20260402T033255Z,2026-04-02T03:32:56Z,2026-04-02T03:32:55Z,2026-04-02T03:30:00Z,2026-04-02T04:00:00Z,live,ok,live_endpoint,,TTC-PULSE/alerts/raw_snapshots/alerts_20260402T033255Z.pb,TTC-PULSE/alerts/raw_snapshots/alerts_20260402T033255Z.pb,9884,358fb9c3e1675e7ca35a76479dc85813713431314dca16736c38948dffeb9eea,
alerts_sidecar_20260402T033255Z,2026-04-02T03:32:56Z,2026-04-02T03:32:55Z,2026-04-02T03:30:00Z,2026-04-02T04:00:00Z,live,ok,live_endpoint,,TTC-PULSE/alerts/raw_snapshots/alerts_20260402T033255Z.pb,TTC-PULSE/alerts/raw_snapshots/alerts_20260402T033255Z.pb,2269,4b096e3d4f3c9fba13e4545ac433d8326fc5da643290223502b355e873207154,
alerts_sidecar_20260402T033255Z,2026-04-02T03:32:57Z,2026-04-02T03:32:55Z,2026-04-02T03:30:00Z,2026-04-02T04:00:00Z,live,ok,live_endpoint,,TTC-PULSE/alerts/raw_snapshots/alerts_20260402T033255Z.pb,TTC-PULSE/alerts/raw_snapshots/alerts_20260402T033255Z.pb,3269,1189d16e1005e1df848c50d90d5fe03893cfd10e3d472416caf0a0d7e8384bb8,
alerts_sidecar_20260402T033325Z,2026-04-02T03:33:26Z,2026-04-02T03:33:25Z,2026-04-02T03:30:00Z,2026-04-02T04:00:00Z,live,ok,live_endpoint,,TTC-PULSE/alerts/raw_snapshots/alerts_20260402T033325Z.pb,TTC-PULSE/alerts/raw_snapshots/alerts_20260402T033325Z.pb,9884,c118300f4db3c704f0bdf9f66bcdc25e2ec0a9b268aa8031045ada031cbc69eb,
alerts_sidecar_20260402T033325Z,2026-04-02T03:33:26Z,2026-04-02T03:33:25Z,2026-04-02T03:30:00Z,2026-04-02T04:00:00Z,live,ok,live_endpoint,,TTC-PULSE/alerts/raw_snapshots/alerts_20260402T033325Z.pb,TTC-PULSE/alerts/raw_snapshots/alerts_20260402T033325Z.pb,2269,1ed88d164171d669dd76c5092ed19db0e62bd90d7513d36650e87e0972e808fd,
alerts_sidecar_20260402T033325Z,2026-04-02T03:33:27Z,2026-04-02T03:33:25Z,2026-04-02T03:30:00Z,2026-04-02T04:00:00Z,live,ok,live_endpoint,,TTC-PULSE/alerts/raw_snapshots/alerts_20260402T033325Z.pb,TTC-PULSE/alerts/raw_snapshots/alerts_20260402T033325Z.pb,3269,5ed318df0e394563dfbdb3d0e9014cd4e62dc68080f43afe3cd73acd05d981d0,
alerts_sidecar_20260402T033355Z,2026-04-02T03:33:56Z,2026-04-02T03:33:55Z,2026-04-02T03:30:00Z,2026-04-02T04:00:00Z,live,ok,live_endpoint,,TTC-PULSE/alerts/raw_snapshots/alerts_20260402T033355Z.pb,TTC-PULSE/alerts/raw_snapshots/alerts_20260402T033355Z.pb,9884,3e5e65e7903c5278e9ef298e0186770e561aa1499cd8c533fe3cec1a1d18be2b,
alerts_sidecar_20260402T033355Z,2026-04-02T03:33:56Z,2026-04-02T03:33:55Z,2026-04-02T03:30:00Z,2026-04-02T04:00:00Z,live,ok,live_endpoint,,TTC-PULSE/alerts/raw_snapshots/alerts_20260402T033355Z.pb,TTC-PULSE/alerts/raw_snapshots/alerts_20260402T033355Z.pb,2269,0bde07e3895b76f95f88f4beadcee56e005bb32240ac2c45430212e56a968eac,
alerts_sidecar_20260402T033355Z,2026-04-02T03:33:57Z,2026-04-02T03:33:55Z,2026-04-02T03:30:00Z,2026-04-02T04:00:00Z,live,ok,live_endpoint,,TTC-PULSE/alerts/raw_snapshots/alerts_20260402T033355Z.pb,TTC-PULSE/alerts/raw_snapshots/alerts_20260402T033355Z.pb,3269,96d0ad49e99620a1b9fdfc3fcd927492e5c8f5aebc6271ba4ac6bb346f1f581b,
alerts_sidecar_20260402T033425Z,2026-04-02T03:34:26Z,2026-04-02T03:34:25Z,2026-04-02T03:30:00Z,2026-04-02T04:00:00Z,live,ok,live_endpoint,,TTC-PULSE/alerts/raw_snapshots/alerts_20260402T033425Z.pb,TTC-PULSE/alerts/raw_snapshots/alerts_20260402T033425Z.pb,9884,da7c4f21f8c288af2c357206823a6cd1a3b6a9942dbd3244a166a5a2e03f60ac,
alerts_sidecar_20260402T033425Z,2026-04-02T03:34:26Z,2026-04-02T03:34:25Z,2026-04-02T03:30:00Z,2026-04-02T04:00:00Z,live,ok,live_endpoint,,TTC-PULSE/alerts/raw_snapshots/alerts_20260402T033425Z.pb,TTC-PULSE/alerts/raw_snapshots/alerts_20260402T033425Z.pb,2269,3dbd73c864f417acc3d98b4c5cb4dca4045cf90caada1d995cd095b2c3b02201,
alerts_sidecar_20260402T033425Z,2026-04-02T03:34:27Z,2026-04-02T03:34:25Z,2026-04-02T03:30:00Z,2026-04-02T04:00:00Z,live,ok,live_endpoint,,TTC-PULSE/alerts/raw_snapshots/alerts_20260402T033425Z.pb,TTC-PULSE/alerts/raw_snapshots/alerts_20260402T033425Z.pb,3269,d75ac9b595f7d403d303e47fd8f794624c9e30e295f1ddffd820ca38fc2b518f,
alerts_sidecar_20260402T033455Z,2026-04-02T03:34:56Z,2026-04-02T03:34:55Z,2026-04-02T03:30:00Z,2026-04-02T04:00:00Z,live,ok,live_endpoint,,TTC-PULSE/alerts/raw_snapshots/alerts_20260402T033455Z.pb,TTC-PULSE/alerts/raw_snapshots/alerts_20260402T033455Z.pb,9884,0fd5613027e37af0f7bcb65f2b9f7b681e3260a14a076097c6807db4a1b793a3,
alerts_sidecar_20260402T033455Z,2026-04-02T03:34:56Z,2026-04-02T03:34:55Z,2026-04-02T03:30:00Z,2026-04-02T04:00:00Z,live,ok,live_endpoint,,TTC-PULSE/alerts/raw_snapshots/alerts_20260402T033455Z.pb,TTC-PULSE/alerts/raw_snapshots/alerts_20260402T033455Z.pb,2269,6c9c726df54554325ba0c4d9c0f52249e890645817c63abd3c92f8376497e3d9,
alerts_sidecar_20260402T033455Z,2026-04-02T03:34:57Z,2026-04-02T03:34:55Z,2026-04-02T03:30:00Z,2026-04-02T04:00:00Z,live,ok,live_endpoint,,TTC-PULSE/alerts/raw_snapshots/alerts_20260402T033455Z.pb,TTC-PULSE/alerts/raw_snapshots/alerts_20260402T033455Z.pb,3269,2e01f7e7b1b43179c05281d16b40f2587514425192ec376acdec5614b6b456e4,
alerts_sidecar_20260402T033458Z,2026-04-02T03:34:59Z,2026-04-02T03:34:58Z,2026-04-02T03:30:00Z,2026-04-02T04:00:00Z,live,ok,live_endpoint,,TTC-PULSE/alerts/raw_snapshots/alerts_20260402T033458Z.pb,TTC-PULSE/alerts/raw_snapshots/alerts_20260402T033458Z.pb,9884,77ba554f66b7c8acf518a793f097c3c8f126c114b785f0889a979e7ccbf7ed92,
alerts_sidecar_20260402T033458Z,2026-04-02T03:35:00Z,2026-04-02T03:34:58Z,2026-04-02T03:30:00Z,2026-04-02T04:00:00Z,live,ok,live_endpoint,,TTC-PULSE/alerts/raw_snapshots/alerts_20260402T033458Z.pb,TTC-PULSE/alerts/raw_snapshots/alerts_20260402T033458Z.pb,2269,b09d7368850d8fb20ba1a5d7d588ea90785720e4ea93a0aa8a32cac23c58143a,
alerts_sidecar_20260402T033458Z,2026-04-02T03:35:00Z,2026-04-02T03:34:58Z,2026-04-02T03:30:00Z,2026-04-02T04:00:00Z,live,ok,live_endpoint,,TTC-PULSE/alerts/raw_snapshots/alerts_20260402T033458Z.pb,TTC-PULSE/alerts/raw_snapshots/alerts_20260402T033458Z.pb,3269,e8ca416d8000a0ee878b8197a68144dbcc193afa72940ced1201c284b23e3efa,
alerts_sidecar_20260402T033525Z,2026-04-02T03:35:26Z,2026-04-02T03:35:25Z,2026-04-02T03:30:00Z,2026-04-02T04:00:00Z,live,ok,live_endpoint,,TTC-PULSE/alerts/raw_snapshots/alerts_20260402T033525Z.pb,TTC-PULSE/alerts/raw_snapshots/alerts_20260402T033525Z.pb,9884,5a93afbb2ee9c447f940dcc20634bca7a96d4d123f2c6ee367b485228ff74d37,
alerts_sidecar_20260402T033525Z,2026-04-02T03:35:27Z,2026-04-02T03:35:25Z,2026-04-02T03:30:00Z,2026-04-02T04:00:00Z,live,ok,live_endpoint,,TTC-PULSE/alerts/raw_snapshots/alerts_20260402T033525Z.pb,TTC-PULSE/alerts/raw_snapshots/alerts_20260402T033525Z.pb,2269,c9ce9a570693ba74273850cfb82135edbec9279ed745bb20b21cf12217eda4d6,
alerts_sidecar_20260402T033525Z,2026-04-02T03:35:27Z,2026-04-02T03:35:25Z,2026-04-02T03:30:00Z,2026-04-02T04:00:00Z,live,ok,live_endpoint,,TTC-PULSE/alerts/raw_snapshots/alerts_20260402T033525Z.pb,TTC-PULSE/alerts/raw_snapshots/alerts_20260402T033525Z.pb,3269,08bcc3f36d154c248ac6fa7d6ae7108c8b82b713caf8499ec6f9758ec5c3b344,
alerts_sidecar_20260402T033555Z,2026-04-02T03:35:56Z,2026-04-02T03:35:55Z,2026-04-02T03:30:00Z,2026-04-02T04:00:00Z,live,ok,live_endpoint,,TTC-PULSE/alerts/raw_snapshots/alerts_20260402T033555Z.pb,TTC-PULSE/alerts/raw_snapshots/alerts_20260402T033555Z.pb,9884,b2a36ff3b8661c9c12e9a4c3c2f41adf9c2d1e27c5e9e921ad87f0155900f2cf,
alerts_sidecar_20260402T033555Z,2026-04-02T03:35:56Z,2026-04-02T03:35:55Z,2026-04-02T03:30:00Z,2026-04-02T04:00:00Z,live,ok,live_endpoint,,TTC-PULSE/alerts/raw_snapshots/alerts_20260402T033555Z.pb,TTC-PULSE/alerts/raw_snapshots/alerts_20260402T033555Z.pb,2269,f35d6938c0a004985c3b51420ab6154b70a18e40228bf33a2f8f8fc6ea200479,
alerts_sidecar_20260402T033555Z,2026-04-02T03:35:57Z,2026-04-02T03:35:55Z,2026-04-02T03:30:00Z,2026-04-02T04:00:00Z,live,ok,live_endpoint,,TTC-PULSE/alerts/raw_snapshots/alerts_20260402T033555Z.pb,TTC-PULSE/alerts/raw_snapshots/alerts_20260402T033555Z.pb,2864,06567453488f203966f4349cea6d64857f944c3dc06d574d31a813106029b17c,
alerts_sidecar_20260402T033625Z,2026-04-02T03:36:26Z,2026-04-02T03:36:25Z,2026-04-02T03:30:00Z,2026-04-02T04:00:00Z,live,ok,live_endpoint,,TTC-PULSE/alerts/raw_snapshots/alerts_20260402T033625Z.pb,TTC-PULSE/alerts/raw_snapshots/alerts_20260402T033625Z.pb,9884,57ead66b8cd9bd0ae7ac84de4677afce893a5f3eabb5929fe14a7ed048d7d85a,
alerts_sidecar_20260402T033625Z,2026-04-02T03:36:26Z,2026-04-02T03:36:25Z,2026-04-02T03:30:00Z,2026-04-02T04:00:00Z,live,ok,live_endpoint,,TTC-PULSE/alerts/raw_snapshots/alerts_20260402T033625Z.pb,TTC-PULSE/alerts/raw_snapshots/alerts_20260402T033625Z.pb,2269,75d94090d62c33c65a8d21554d5ff187880d3a6ae05f95ba7b314f9824e83625,
alerts_sidecar_20260402T033625Z,2026-04-02T03:36:27Z,2026-04-02T03:36:25Z,2026-04-02T03:30:00Z,2026-04-02T04:00:00Z,live,ok,live_endpoint,,TTC-PULSE/alerts/raw_snapshots/alerts_20260402T033625Z.pb,TTC-PULSE/alerts/raw_snapshots/alerts_20260402T033625Z.pb,2864,cc4a70fd6a11570adff115cebd12b92529acfdbaa48aead24d38a4773390feb5,
alerts_sidecar_20260402T033655Z,2026-04-02T03:36:56Z,2026-04-02T03:36:55Z,2026-04-02T03:30:00Z,2026-04-02T04:00:00Z,live,ok,live_endpoint,,TTC-PULSE/alerts/raw_snapshots/alerts_20260402T033655Z.pb,TTC-PULSE/alerts/raw_snapshots/alerts_20260402T033655Z.pb,9884,3c4c7fcc5ce2f83b8ca9b31cae2faf55dec720c09ac794f3683e5d284ea1889a,
alerts_sidecar_20260402T033655Z,2026-04-02T03:36:56Z,2026-04-02T03:36:55Z,2026-04-02T03:30:00Z,2026-04-02T04:00:00Z,live,ok,live_endpoint,,TTC-PULSE/alerts/raw_snapshots/alerts_20260402T033655Z.pb,TTC-PULSE/alerts/raw_snapshots/alerts_20260402T033655Z.pb,2269,00f08eec71de18a4d05529552c02d27d95ee063719e572af36c4b7415fe32d98,
alerts_sidecar_20260402T033655Z,2026-04-02T03:36:57Z,2026-04-02T03:36:55Z,2026-04-02T03:30:00Z,2026-04-02T04:00:00Z,live,ok,live_endpoint,,TTC-PULSE/alerts/raw_snapshots/alerts_20260402T033655Z.pb,TTC-PULSE/alerts/raw_snapshots/alerts_20260402T033655Z.pb,2864,41ecc92e883712f15b56621985f5da9d6f4198097bc0d4197e9dbfe287ebbedf,
alerts_sidecar_20260402T033725Z,2026-04-02T03:37:26Z,2026-04-02T03:37:25Z,2026-04-02T03:30:00Z,2026-04-02T04:00:00Z,live,ok,live_endpoint,,TTC-PULSE/alerts/raw_snapshots/alerts_20260402T033725Z.pb,TTC-PULSE/alerts/raw_snapshots/alerts_20260402T033725Z.pb,9884,e871638028612bdf4f3e26030c25e2bca7eda17adb62f63403df68d33d8e7405,
alerts_sidecar_20260402T033725Z,2026-04-02T03:37:26Z,2026-04-02T03:37:25Z,2026-04-02T03:30:00Z,2026-04-02T04:00:00Z,live,ok,live_endpoint,,TTC-PULSE/alerts/raw_snapshots/alerts_20260402T033725Z.pb,TTC-PULSE/alerts/raw_snapshots/alerts_20260402T033725Z.pb,2269,d6ef8b48f4968b722d20c8389053a1146ed4861ec6a3e3f28333637cdcbe242d,
alerts_sidecar_20260402T033725Z,2026-04-02T03:37:27Z,2026-04-02T03:37:25Z,2026-04-02T03:30:00Z,2026-04-02T04:00:00Z,live,ok,live_endpoint,,TTC-PULSE/alerts/raw_snapshots/alerts_20260402T033725Z.pb,TTC-PULSE/alerts/raw_snapshots/alerts_20260402T033725Z.pb,2864,8abe1894902bd09157df537b991cacfb71d04728574a662248292e0a10ae981d,
alerts_sidecar_20260402T033755Z,2026-04-02T03:37:56Z,2026-04-02T03:37:55Z,2026-04-02T03:30:00Z,2026-04-02T04:00:00Z,live,ok,live_endpoint,,TTC-PULSE/alerts/raw_snapshots/alerts_20260402T033755Z.pb,TTC-PULSE/alerts/raw_snapshots/alerts_20260402T033755Z.pb,9884,98c8ddccbce9ddb1195960ef4722490b31cd472f2e910fabea0bfd1efadec921,
alerts_sidecar_20260402T033755Z,2026-04-02T03:37:56Z,2026-04-02T03:37:55Z,2026-04-02T03:30:00Z,2026-04-02T04:00:00Z,live,ok,live_endpoint,,TTC-PULSE/alerts/raw_snapshots/alerts_20260402T033755Z.pb,TTC-PULSE/alerts/raw_snapshots/alerts_20260402T033755Z.pb,2269,91efdccad9eb36cb779695c16c070f02f6b8062eca0899b09c5ca2bf15e45f60,
alerts_sidecar_20260402T033755Z,2026-04-02T03:37:57Z,2026-04-02T03:37:55Z,2026-04-02T03:30:00Z,2026-04-02T04:00:00Z,live,ok,live_endpoint,,TTC-PULSE/alerts/raw_snapshots/alerts_20260402T033755Z.pb,TTC-PULSE/alerts/raw_snapshots/alerts_20260402T033755Z.pb,2864,46e46a29cbd0e7adce6bda3bc3483b2ce66d9689bf00a38226e6eba3a5409e30,
alerts_sidecar_20260402T033825Z,2026-04-02T03:38:26Z,2026-04-02T03:38:25Z,2026-04-02T03:30:00Z,2026-04-02T04:00:00Z,live,ok,live_endpoint,,TTC-PULSE/alerts/raw_snapshots/alerts_20260402T033825Z.pb,TTC-PULSE/alerts/raw_snapshots/alerts_20260402T033825Z.pb,9884,90dd4d4143056a0193de027f138c319b1e9126f58f256a7ca97253c681181e50,
alerts_sidecar_20260402T033825Z,2026-04-02T03:38:26Z,2026-04-02T03:38:25Z,2026-04-02T03:30:00Z,2026-04-02T04:00:00Z,live,ok,live_endpoint,,TTC-PULSE/alerts/raw_snapshots/alerts_20260402T033825Z.pb,TTC-PULSE/alerts/raw_snapshots/alerts_20260402T033825Z.pb,2269,bdc3d5ad46dc38dfbaf7597ad04acea95ef64c4bfa5286de3792d07c556bed8a,
alerts_sidecar_20260402T033825Z,2026-04-02T03:38:27Z,2026-04-02T03:38:25Z,2026-04-02T03:30:00Z,2026-04-02T04:00:00Z,live,ok,live_endpoint,,TTC-PULSE/alerts/raw_snapshots/alerts_20260402T033825Z.pb,TTC-PULSE/alerts/raw_snapshots/alerts_20260402T033825Z.pb,2864,ae024281b975f0a0373dd52b6f5f563ea62fa312feaac4388b211154e31ee7d5,
alerts_sidecar_20260402T033855Z,2026-04-02T03:38:56Z,2026-04-02T03:38:55Z,2026-04-02T03:30:00Z,2026-04-02T04:00:00Z,live,ok,live_endpoint,,TTC-PULSE/alerts/raw_snapshots/alerts_20260402T033855Z.pb,TTC-PULSE/alerts/raw_snapshots/alerts_20260402T033855Z.pb,9884,1a7d41e38cb66f715c2c20e70cc3cd7930831467850826bded6e53ff45af9a41,
alerts_sidecar_20260402T033855Z,2026-04-02T03:38:56Z,2026-04-02T03:38:55Z,2026-04-02T03:30:00Z,2026-04-02T04:00:00Z,live,ok,live_endpoint,,TTC-PULSE/alerts/raw_snapshots/alerts_20260402T033855Z.pb,TTC-PULSE/alerts/raw_snapshots/alerts_20260402T033855Z.pb,2269,b73e4ef290d91b7d3435be434944e56c8074183f0f629e63c6e06f4e8d78a4fb,
alerts_sidecar_20260402T033855Z,2026-04-02T03:38:57Z,2026-04-02T03:38:55Z,2026-04-02T03:30:00Z,2026-04-02T04:00:00Z,live,ok,live_endpoint,,TTC-PULSE/alerts/raw_snapshots/alerts_20260402T033855Z.pb,TTC-PULSE/alerts/raw_snapshots/alerts_20260402T033855Z.pb,2864,0f25a839825ec6992ae1326f8b90278ce2b8cdd57f05dc5e006398d5d1599be0,
alerts_sidecar_20260402T033925Z,2026-04-02T03:39:26Z,2026-04-02T03:39:25Z,2026-04-02T03:30:00Z,2026-04-02T04:00:00Z,live,ok,live_endpoint,,TTC-PULSE/alerts/raw_snapshots/alerts_20260402T033925Z.pb,TTC-PULSE/alerts/raw_snapshots/alerts_20260402T033925Z.pb,9884,d2d77f2cd5916a8ebf74bc84a648ecdacdb1668e91ef80423788bd89a3dddc47,
alerts_sidecar_20260402T033925Z,2026-04-02T03:39:26Z,2026-04-02T03:39:25Z,2026-04-02T03:30:00Z,2026-04-02T04:00:00Z,live,ok,live_endpoint,,TTC-PULSE/alerts/raw_snapshots/alerts_20260402T033925Z.pb,TTC-PULSE/alerts/raw_snapshots/alerts_20260402T033925Z.pb,2269,d1b272c519a423f85ee75d3f2b1952b1876753785c78a2d7674cc11e381852c9,
alerts_sidecar_20260402T033925Z,2026-04-02T03:39:27Z,2026-04-02T03:39:25Z,2026-04-02T03:30:00Z,2026-04-02T04:00:00Z,live,ok,live_endpoint,,TTC-PULSE/alerts/raw_snapshots/alerts_20260402T033925Z.pb,TTC-PULSE/alerts/raw_snapshots/alerts_20260402T033925Z.pb,2864,3d22521bf2dedff3fef4450f713a006922bac26795b0fcb81447366b61edd034,
alerts_sidecar_20260402T033955Z,2026-04-02T03:39:56Z,2026-04-02T03:39:55Z,2026-04-02T03:30:00Z,2026-04-02T04:00:00Z,live,ok,live_endpoint,,TTC-PULSE/alerts/raw_snapshots/alerts_20260402T033955Z.pb,TTC-PULSE/alerts/raw_snapshots/alerts_20260402T033955Z.pb,9884,9dfe0d0fff814ff351af90d40fc66bc2f24aece7905156cece34511cf9e3e5f2,
alerts_sidecar_20260402T033955Z,2026-04-02T03:39:56Z,2026-04-02T03:39:55Z,2026-04-02T03:30:00Z,2026-04-02T04:00:00Z,live,ok,live_endpoint,,TTC-PULSE/alerts/raw_snapshots/alerts_20260402T033955Z.pb,TTC-PULSE/alerts/raw_snapshots/alerts_20260402T033955Z.pb,2269,0b098b10f4d4f0a4da5d95d6d38fc1c3065214251dcab052883669d56d6c7488,
alerts_sidecar_20260402T033955Z,2026-04-02T03:39:57Z,2026-04-02T03:39:55Z,2026-04-02T03:30:00Z,2026-04-02T04:00:00Z,live,ok,live_endpoint,,TTC-PULSE/alerts/raw_snapshots/alerts_20260402T033955Z.pb,TTC-PULSE/alerts/raw_snapshots/alerts_20260402T033955Z.pb,2864,01ef5a6fc8e4a7496b9a372d9b10b025ebe49e2ad7476171ee351b396c7de26c,
alerts_sidecar_20260402T034025Z,2026-04-02T03:40:26Z,2026-04-02T03:40:25Z,2026-04-02T03:30:00Z,2026-04-02T04:00:00Z,live,ok,live_endpoint,,TTC-PULSE/alerts/raw_snapshots/alerts_20260402T034025Z.pb,TTC-PULSE/alerts/raw_snapshots/alerts_20260402T034025Z.pb,9884,68b8eea774148ebdc699b9de2a985e4c22cef97b42b801df9c074851b7787622,
alerts_sidecar_20260402T034025Z,2026-04-02T03:40:26Z,2026-04-02T03:40:25Z,2026-04-02T03:30:00Z,2026-04-02T04:00:00Z,live,ok,live_endpoint,,TTC-PULSE/alerts/raw_snapshots/alerts_20260402T034025Z.pb,TTC-PULSE/alerts/raw_snapshots/alerts_20260402T034025Z.pb,2269,544c1dbbeb2436a83bf558a7f45c33fee73caf06577bb9336d5d4eff24bd6d87,
alerts_sidecar_20260402T034025Z,2026-04-02T03:40:27Z,2026-04-02T03:40:25Z,2026-04-02T03:30:00Z,2026-04-02T04:00:00Z,live,ok,live_endpoint,,TTC-PULSE/alerts/raw_snapshots/alerts_20260402T034025Z.pb,TTC-PULSE/alerts/raw_snapshots/alerts_20260402T034025Z.pb,2864,573f114f346ccc59748e4abd480143b2dceb4ecddbed713052111e0978887398,
alerts_sidecar_20260402T034055Z,2026-04-02T03:40:56Z,2026-04-02T03:40:55Z,2026-04-02T03:30:00Z,2026-04-02T04:00:00Z,live,ok,live_endpoint,,TTC-PULSE/alerts/raw_snapshots/alerts_20260402T034055Z.pb,TTC-PULSE/alerts/raw_snapshots/alerts_20260402T034055Z.pb,9884,197df31459f70ff89ba5cda3ee296a7cb5fd710617bfabe23623d02e6024b796,
alerts_sidecar_20260402T034055Z,2026-04-02T03:40:56Z,2026-04-02T03:40:55Z,2026-04-02T03:30:00Z,2026-04-02T04:00:00Z,live,ok,live_endpoint,,TTC-PULSE/alerts/raw_snapshots/alerts_20260402T034055Z.pb,TTC-PULSE/alerts/raw_snapshots/alerts_20260402T034055Z.pb,2269,8517ae1b52307d73894e7d3d7e8ef9e61abcb5c7eb9f1bade476070047443178,
alerts_sidecar_20260402T034055Z,2026-04-02T03:40:57Z,2026-04-02T03:40:55Z,2026-04-02T03:30:00Z,2026-04-02T04:00:00Z,live,ok,live_endpoint,,TTC-PULSE/alerts/raw_snapshots/alerts_20260402T034055Z.pb,TTC-PULSE/alerts/raw_snapshots/alerts_20260402T034055Z.pb,2864,047b1cf05bb0326a4403f8781500163139f834e865684c176e260f4637933257,
alerts_sidecar_20260402T034125Z,2026-04-02T03:41:26Z,2026-04-02T03:41:25Z,2026-04-02T03:30:00Z,2026-04-02T04:00:00Z,live,ok,live_endpoint,,TTC-PULSE/alerts/raw_snapshots/alerts_20260402T034125Z.pb,TTC-PULSE/alerts/raw_snapshots/alerts_20260402T034125Z.pb,9884,06c0ea02933665e997064ab0d10010f7ec7deb3075903c105c48e6da2204bc0a,
alerts_sidecar_20260402T034125Z,2026-04-02T03:41:26Z,2026-04-02T03:41:25Z,2026-04-02T03:30:00Z,2026-04-02T04:00:00Z,live,ok,live_endpoint,,TTC-PULSE/alerts/raw_snapshots/alerts_20260402T034125Z.pb,TTC-PULSE/alerts/raw_snapshots/alerts_20260402T034125Z.pb,2269,b02c161722ca92a6c58d33a8c83f9ad2ea292cc96228d145917067b48d64df8f,
alerts_sidecar_20260402T034125Z,2026-04-02T03:41:27Z,2026-04-02T03:41:25Z,2026-04-02T03:30:00Z,2026-04-02T04:00:00Z,live,ok,live_endpoint,,TTC-PULSE/alerts/raw_snapshots/alerts_20260402T034125Z.pb,TTC-PULSE/alerts/raw_snapshots/alerts_20260402T034125Z.pb,2864,2eac26e9a0a6675ad1f692079e3f85ef31e309072b1b564c37028bafb12d5e96,
alerts_sidecar_20260402T034155Z,2026-04-02T03:41:56Z,2026-04-02T03:41:55Z,2026-04-02T03:30:00Z,2026-04-02T04:00:00Z,live,ok,live_endpoint,,TTC-PULSE/alerts/raw_snapshots/alerts_20260402T034155Z.pb,TTC-PULSE/alerts/raw_snapshots/alerts_20260402T034155Z.pb,9884,4c77a281acd83cdf2a21f1dbac35b1037daa3a3a2b610d268e54efdaf943e698,
alerts_sidecar_20260402T034155Z,2026-04-02T03:41:56Z,2026-04-02T03:41:55Z,2026-04-02T03:30:00Z,2026-04-02T04:00:00Z,live,ok,live_endpoint,,TTC-PULSE/alerts/raw_snapshots/alerts_20260402T034155Z.pb,TTC-PULSE/alerts/raw_snapshots/alerts_20260402T034155Z.pb,2269,41462393b01ac30b47b4f7bd8c0dac8f3cd432897b15bfdb8d35f1a5348ade35,
alerts_sidecar_20260402T034155Z,2026-04-02T03:41:57Z,2026-04-02T03:41:55Z,2026-04-02T03:30:00Z,2026-04-02T04:00:00Z,live,ok,live_endpoint,,TTC-PULSE/alerts/raw_snapshots/alerts_20260402T034155Z.pb,TTC-PULSE/alerts/raw_snapshots/alerts_20260402T034155Z.pb,2864,b62915802f0bfd62db82b9297e1063896c8432c675f2d4e2eb1c99fd336b876f,
alerts_sidecar_20260402T034225Z,2026-04-02T03:42:26Z,2026-04-02T03:42:25Z,2026-04-02T03:30:00Z,2026-04-02T04:00:00Z,live,ok,live_endpoint,,TTC-PULSE/alerts/raw_snapshots/alerts_20260402T034225Z.pb,TTC-PULSE/alerts/raw_snapshots/alerts_20260402T034225Z.pb,9884,4be457178c48ec398ec61a936e6b32e91ceef0b4d460b7ac7a44f0a25dd5f01c,
alerts_sidecar_20260402T034225Z,2026-04-02T03:42:26Z,2026-04-02T03:42:25Z,2026-04-02T03:30:00Z,2026-04-02T04:00:00Z,live,ok,live_endpoint,,TTC-PULSE/alerts/raw_snapshots/alerts_20260402T034225Z.pb,TTC-PULSE/alerts/raw_snapshots/alerts_20260402T034225Z.pb,2269,739f887b90751f6fec46b37befdd839ebfbab10ba7f5cff47ba76cdc49c3b0b8,
alerts_sidecar_20260402T034225Z,2026-04-02T03:42:27Z,2026-04-02T03:42:25Z,2026-04-02T03:30:00Z,2026-04-02T04:00:00Z,live,ok,live_endpoint,,TTC-PULSE/alerts/raw_snapshots/alerts_20260402T034225Z.pb,TTC-PULSE/alerts/raw_snapshots/alerts_20260402T034225Z.pb,2864,590589a51600e98fb4c4b93853677174b05dd5045d5532d13b7e6176ab7f2e40,
alerts_sidecar_20260402T034255Z,2026-04-02T03:42:56Z,2026-04-02T03:42:55Z,2026-04-02T03:30:00Z,2026-04-02T04:00:00Z,live,ok,live_endpoint,,TTC-PULSE/alerts/raw_snapshots/alerts_20260402T034255Z.pb,TTC-PULSE/alerts/raw_snapshots/alerts_20260402T034255Z.pb,9884,fa2149108554988519398f3ec19abf8cae127735cd6d5b833ae9c111398137df,
alerts_sidecar_20260402T034255Z,2026-04-02T03:42:56Z,2026-04-02T03:42:55Z,2026-04-02T03:30:00Z,2026-04-02T04:00:00Z,live,ok,live_endpoint,,TTC-PULSE/alerts/raw_snapshots/alerts_20260402T034255Z.pb,TTC-PULSE/alerts/raw_snapshots/alerts_20260402T034255Z.pb,2269,cb36f98471ce0a103a3feaf276bb2abf898b86813597938d673bce0f165ba49b,
alerts_sidecar_20260402T034255Z,2026-04-02T03:42:57Z,2026-04-02T03:42:55Z,2026-04-02T03:30:00Z,2026-04-02T04:00:00Z,live,ok,live_endpoint,,TTC-PULSE/alerts/raw_snapshots/alerts_20260402T034255Z.pb,TTC-PULSE/alerts/raw_snapshots/alerts_20260402T034255Z.pb,2864,e88802701350bd03d32f46893331c7234c94a51814123abfa9c6005e91e1af03,
alerts_sidecar_20260402T034325Z,2026-04-02T03:43:26Z,2026-04-02T03:43:25Z,2026-04-02T03:30:00Z,2026-04-02T04:00:00Z,live,ok,live_endpoint,,TTC-PULSE/alerts/raw_snapshots/alerts_20260402T034325Z.pb,TTC-PULSE/alerts/raw_snapshots/alerts_20260402T034325Z.pb,9884,085d8f1d8cd97f34210e872cc152eee08f648ac5620a93c9336fa7707750eafe,
alerts_sidecar_20260402T034325Z,2026-04-02T03:43:26Z,2026-04-02T03:43:25Z,2026-04-02T03:30:00Z,2026-04-02T04:00:00Z,live,ok,live_endpoint,,TTC-PULSE/alerts/raw_snapshots/alerts_20260402T034325Z.pb,TTC-PULSE/alerts/raw_snapshots/alerts_20260402T034325Z.pb,2269,63f0f65c95afea8c89f2b5344377a10505858b105a519e7c148348491ad38ac6,
alerts_sidecar_20260402T034325Z,2026-04-02T03:43:27Z,2026-04-02T03:43:25Z,2026-04-02T03:30:00Z,2026-04-02T04:00:00Z,live,ok,live_endpoint,,TTC-PULSE/alerts/raw_snapshots/alerts_20260402T034325Z.pb,TTC-PULSE/alerts/raw_snapshots/alerts_20260402T034325Z.pb,2864,3245480283495018fdaa8c70c1283ef22c6b752924437bb4b3478820e9c72c2a,
alerts_sidecar_20260402T034355Z,2026-04-02T03:43:56Z,2026-04-02T03:43:55Z,2026-04-02T03:30:00Z,2026-04-02T04:00:00Z,live,ok,live_endpoint,,TTC-PULSE/alerts/raw_snapshots/alerts_20260402T034355Z.pb,TTC-PULSE/alerts/raw_snapshots/alerts_20260402T034355Z.pb,9884,70dc9306da97094814cca0402c28d81fa8d1f550d41ecfb1e1726872f81b422b,
alerts_sidecar_20260402T034355Z,2026-04-02T03:43:56Z,2026-04-02T03:43:55Z,2026-04-02T03:30:00Z,2026-04-02T04:00:00Z,live,ok,live_endpoint,,TTC-PULSE/alerts/raw_snapshots/alerts_20260402T034355Z.pb,TTC-PULSE/alerts/raw_snapshots/alerts_20260402T034355Z.pb,2269,069737e9154ac259e53fdfa1984a5b24038950bd3af6dc14475fa1046191fc8e,
alerts_sidecar_20260402T034355Z,2026-04-02T03:43:56Z,2026-04-02T03:43:55Z,2026-04-02T03:30:00Z,2026-04-02T04:00:00Z,live,ok,live_endpoint,,TTC-PULSE/alerts/raw_snapshots/alerts_20260402T034355Z.pb,TTC-PULSE/alerts/raw_snapshots/alerts_20260402T034355Z.pb,2864,854473fec3aaab9ddec8d5271ac3948423640d80df8d4d92cf9f730623b974e0,
alerts_sidecar_20260402T034425Z,2026-04-02T03:44:26Z,2026-04-02T03:44:25Z,2026-04-02T03:30:00Z,2026-04-02T04:00:00Z,live,ok,live_endpoint,,TTC-PULSE/alerts/raw_snapshots/alerts_20260402T034425Z.pb,TTC-PULSE/alerts/raw_snapshots/alerts_20260402T034425Z.pb,9884,41d5b746661f919d891ee848498ec6b2e44b4cf2f341d1335ffe8ae35bea9fde,
alerts_sidecar_20260402T034425Z,2026-04-02T03:44:26Z,2026-04-02T03:44:25Z,2026-04-02T03:30:00Z,2026-04-02T04:00:00Z,live,ok,live_endpoint,,TTC-PULSE/alerts/raw_snapshots/alerts_20260402T034425Z.pb,TTC-PULSE/alerts/raw_snapshots/alerts_20260402T034425Z.pb,2269,775f3b4221d67ebf51207343c5970ddf69aefbba14cca6b459d4f62d16ed528e,
alerts_sidecar_20260402T034425Z,2026-04-02T03:44:27Z,2026-04-02T03:44:25Z,2026-04-02T03:30:00Z,2026-04-02T04:00:00Z,live,ok,live_endpoint,,TTC-PULSE/alerts/raw_snapshots/alerts_20260402T034425Z.pb,TTC-PULSE/alerts/raw_snapshots/alerts_20260402T034425Z.pb,2864,1ff42e32bfc0faefcdad31aa6aa4d63a8ee360b3f0e5899aacbc42a9badf8a02,
alerts_sidecar_20260402T034455Z,2026-04-02T03:44:56Z,2026-04-02T03:44:55Z,2026-04-02T03:30:00Z,2026-04-02T04:00:00Z,live,ok,live_endpoint,,TTC-PULSE/alerts/raw_snapshots/alerts_20260402T034455Z.pb,TTC-PULSE/alerts/raw_snapshots/alerts_20260402T034455Z.pb,9884,c322d809b6b2c192e2ee1d0a96914205a94e873aad419850301e034716664714,
alerts_sidecar_20260402T034455Z,2026-04-02T03:44:56Z,2026-04-02T03:44:55Z,2026-04-02T03:30:00Z,2026-04-02T04:00:00Z,live,ok,live_endpoint,,TTC-PULSE/alerts/raw_snapshots/alerts_20260402T034455Z.pb,TTC-PULSE/alerts/raw_snapshots/alerts_20260402T034455Z.pb,2269,f006a0bb04010a0378906732d3ae3a80270aa49e1994b8751014e6d561d77564,
alerts_sidecar_20260402T034455Z,2026-04-02T03:44:57Z,2026-04-02T03:44:55Z,2026-04-02T03:30:00Z,2026-04-02T04:00:00Z,live,ok,live_endpoint,,TTC-PULSE/alerts/raw_snapshots/alerts_20260402T034455Z.pb,TTC-PULSE/alerts/raw_snapshots/alerts_20260402T034455Z.pb,2864,f289235e4b68b1c180a7caee68ccc73c104674d043521d0e8828ad54b40ff1d8,
alerts_sidecar_20260402T034525Z,2026-04-02T03:45:26Z,2026-04-02T03:45:25Z,2026-04-02T03:30:00Z,2026-04-02T04:00:00Z,live,ok,live_endpoint,,TTC-PULSE/alerts/raw_snapshots/alerts_20260402T034525Z.pb,TTC-PULSE/alerts/raw_snapshots/alerts_20260402T034525Z.pb,9884,ec2f2b8241ec3eb6e616c5932c967ec169fe900da3d9e16fc21ce18f020042e0,
alerts_sidecar_20260402T034525Z,2026-04-02T03:45:26Z,2026-04-02T03:45:25Z,2026-04-02T03:30:00Z,2026-04-02T04:00:00Z,live,ok,live_endpoint,,TTC-PULSE/alerts/raw_snapshots/alerts_20260402T034525Z.pb,TTC-PULSE/alerts/raw_snapshots/alerts_20260402T034525Z.pb,2269,81cffdb9f759ead78a30a488699cc3169ff5fd59b0b3c8569746ba6a95b5fea5,
alerts_sidecar_20260402T034525Z,2026-04-02T03:45:27Z,2026-04-02T03:45:25Z,2026-04-02T03:30:00Z,2026-04-02T04:00:00Z,live,ok,live_endpoint,,TTC-PULSE/alerts/raw_snapshots/alerts_20260402T034525Z.pb,TTC-PULSE/alerts/raw_snapshots/alerts_20260402T034525Z.pb,2864,a6bbe0e309b5caa4b1e8b413b02ffb3af0b4e945795c65a899c624a5118d025e,
alerts_sidecar_20260402T034555Z,2026-04-02T03:45:56Z,2026-04-02T03:45:55Z,2026-04-02T03:30:00Z,2026-04-02T04:00:00Z,live,ok,live_endpoint,,TTC-PULSE/alerts/raw_snapshots/alerts_20260402T034555Z.pb,TTC-PULSE/alerts/raw_snapshots/alerts_20260402T034555Z.pb,9884,8b1bb80d4131e778f3c9a833b6a6141bd6cabf6eecad91adef3156e632971a02,
alerts_sidecar_20260402T034555Z,2026-04-02T03:45:56Z,2026-04-02T03:45:55Z,2026-04-02T03:30:00Z,2026-04-02T04:00:00Z,live,ok,live_endpoint,,TTC-PULSE/alerts/raw_snapshots/alerts_20260402T034555Z.pb,TTC-PULSE/alerts/raw_snapshots/alerts_20260402T034555Z.pb,2269,fda3fabca7eb9bccdb749f6f4e536bdd5f08815be9aa5950e6d399ae48438c05,
alerts_sidecar_20260402T034555Z,2026-04-02T03:45:57Z,2026-04-02T03:45:55Z,2026-04-02T03:30:00Z,2026-04-02T04:00:00Z,live,ok,live_endpoint,,TTC-PULSE/alerts/raw_snapshots/alerts_20260402T034555Z.pb,TTC-PULSE/alerts/raw_snapshots/alerts_20260402T034555Z.pb,2864,05888788811dc7fde9f45fd4bd6106f9509203da81b7e4191edb9e671edea529,
alerts_sidecar_20260402T034625Z,2026-04-02T03:46:26Z,2026-04-02T03:46:25Z,2026-04-02T03:30:00Z,2026-04-02T04:00:00Z,live,ok,live_endpoint,,TTC-PULSE/alerts/raw_snapshots/alerts_20260402T034625Z.pb,TTC-PULSE/alerts/raw_snapshots/alerts_20260402T034625Z.pb,9884,5f6f21191cc279a743f864adaf436e53f86351b8901042260dec8179d997b3f9,
alerts_sidecar_20260402T034625Z,2026-04-02T03:46:26Z,2026-04-02T03:46:25Z,2026-04-02T03:30:00Z,2026-04-02T04:00:00Z,live,ok,live_endpoint,,TTC-PULSE/alerts/raw_snapshots/alerts_20260402T034625Z.pb,TTC-PULSE/alerts/raw_snapshots/alerts_20260402T034625Z.pb,2269,39347333cf5b3cccdad71ceb6bd54a2288472c830b5500e5e18e843c22eebd10,
alerts_sidecar_20260402T034625Z,2026-04-02T03:46:27Z,2026-04-02T03:46:25Z,2026-04-02T03:30:00Z,2026-04-02T04:00:00Z,live,ok,live_endpoint,,TTC-PULSE/alerts/raw_snapshots/alerts_20260402T034625Z.pb,TTC-PULSE/alerts/raw_snapshots/alerts_20260402T034625Z.pb,2864,0840e9b9e111e8b7b54a52f14b2908e100de5dff0172c04add486c289c75025c,
alerts_sidecar_20260402T034655Z,2026-04-02T03:46:56Z,2026-04-02T03:46:55Z,2026-04-02T03:30:00Z,2026-04-02T04:00:00Z,live,ok,live_endpoint,,TTC-PULSE/alerts/raw_snapshots/alerts_20260402T034655Z.pb,TTC-PULSE/alerts/raw_snapshots/alerts_20260402T034655Z.pb,9884,5c7595a10c3965adc3a6442a1f17ba347c714fd42d7c73dcb5af56e27384f039,
alerts_sidecar_20260402T034655Z,2026-04-02T03:46:56Z,2026-04-02T03:46:55Z,2026-04-02T03:30:00Z,2026-04-02T04:00:00Z,live,ok,live_endpoint,,TTC-PULSE/alerts/raw_snapshots/alerts_20260402T034655Z.pb,TTC-PULSE/alerts/raw_snapshots/alerts_20260402T034655Z.pb,2269,18124e980cec9ae0729968ae69d33917b878abd39e791d06e1c26787f5992cc6,
alerts_sidecar_20260402T034655Z,2026-04-02T03:46:57Z,2026-04-02T03:46:55Z,2026-04-02T03:30:00Z,2026-04-02T04:00:00Z,live,ok,live_endpoint,,TTC-PULSE/alerts/raw_snapshots/alerts_20260402T034655Z.pb,TTC-PULSE/alerts/raw_snapshots/alerts_20260402T034655Z.pb,2864,1e0e3993dfe44296b194494d227df401c13c87eb75f72964782d82a9743595ec,
alerts_sidecar_20260402T034725Z,2026-04-02T03:47:26Z,2026-04-02T03:47:25Z,2026-04-02T03:30:00Z,2026-04-02T04:00:00Z,live,ok,live_endpoint,,TTC-PULSE/alerts/raw_snapshots/alerts_20260402T034725Z.pb,TTC-PULSE/alerts/raw_snapshots/alerts_20260402T034725Z.pb,9884,3694970df9281eaadad61d9d0321a3cb54e347cf28a3d7c1a87f50d0aafeea58,
alerts_sidecar_20260402T034725Z,2026-04-02T03:47:26Z,2026-04-02T03:47:25Z,2026-04-02T03:30:00Z,2026-04-02T04:00:00Z,live,ok,live_endpoint,,TTC-PULSE/alerts/raw_snapshots/alerts_20260402T034725Z.pb,TTC-PULSE/alerts/raw_snapshots/alerts_20260402T034725Z.pb,2269,2daaffcc7f85879056bb5b1bf479338ad97b8e302d61440a2b511cf6ef854062,
alerts_sidecar_20260402T034725Z,2026-04-02T03:47:27Z,2026-04-02T03:47:25Z,2026-04-02T03:30:00Z,2026-04-02T04:00:00Z,live,ok,live_endpoint,,TTC-PULSE/alerts/raw_snapshots/alerts_20260402T034725Z.pb,TTC-PULSE/alerts/raw_snapshots/alerts_20260402T034725Z.pb,2864,d0d6fc794f3b0b4bc21236d80d0699ce035cae4a8789275e63053d2e68cc3a39,
alerts_sidecar_20260402T034755Z,2026-04-02T03:47:56Z,2026-04-02T03:47:55Z,2026-04-02T03:30:00Z,2026-04-02T04:00:00Z,live,ok,live_endpoint,,TTC-PULSE/alerts/raw_snapshots/alerts_20260402T034755Z.pb,TTC-PULSE/alerts/raw_snapshots/alerts_20260402T034755Z.pb,9884,d02b3385a2e79807cddeab0d53dc135bde7135a96d637a2bb02efc92c590dc55,
alerts_sidecar_20260402T034755Z,2026-04-02T03:47:56Z,2026-04-02T03:47:55Z,2026-04-02T03:30:00Z,2026-04-02T04:00:00Z,live,ok,live_endpoint,,TTC-PULSE/alerts/raw_snapshots/alerts_20260402T034755Z.pb,TTC-PULSE/alerts/raw_snapshots/alerts_20260402T034755Z.pb,2269,edaade26f190f5f932826359d115110a3a9ff48a385e63a662d513f4ab2e6c03,
alerts_sidecar_20260402T034755Z,2026-04-02T03:47:57Z,2026-04-02T03:47:55Z,2026-04-02T03:30:00Z,2026-04-02T04:00:00Z,live,ok,live_endpoint,,TTC-PULSE/alerts/raw_snapshots/alerts_20260402T034755Z.pb,TTC-PULSE/alerts/raw_snapshots/alerts_20260402T034755Z.pb,2864,7488a84dff148ebac8e91448f960e6c5074da6f555aec7f4be69f6969273423a,
alerts_sidecar_20260402T034825Z,2026-04-02T03:48:26Z,2026-04-02T03:48:25Z,2026-04-02T03:30:00Z,2026-04-02T04:00:00Z,live,ok,live_endpoint,,TTC-PULSE/alerts/raw_snapshots/alerts_20260402T034825Z.pb,TTC-PULSE/alerts/raw_snapshots/alerts_20260402T034825Z.pb,9884,3768043ab2829592d13dff4be61fa253377a543d2aaf314b51513d93f67ee5f8,
alerts_sidecar_20260402T034825Z,2026-04-02T03:48:27Z,2026-04-02T03:48:25Z,2026-04-02T03:30:00Z,2026-04-02T04:00:00Z,live,ok,live_endpoint,,TTC-PULSE/alerts/raw_snapshots/alerts_20260402T034825Z.pb,TTC-PULSE/alerts/raw_snapshots/alerts_20260402T034825Z.pb,2269,377dd45b50f1970aa02a923e1959a4039c3510c01f3ebd85d5a3721fc64c0f49,
alerts_sidecar_20260402T034825Z,2026-04-02T03:48:27Z,2026-04-02T03:48:25Z,2026-04-02T03:30:00Z,2026-04-02T04:00:00Z,live,ok,live_endpoint,,TTC-PULSE/alerts/raw_snapshots/alerts_20260402T034825Z.pb,TTC-PULSE/alerts/raw_snapshots/alerts_20260402T034825Z.pb,2864,8bc3ffdc89748927336722056720235f77aef0e3240ef009523837a73bdee9ff,
alerts_sidecar_20260402T034855Z,2026-04-02T03:48:56Z,2026-04-02T03:48:55Z,2026-04-02T03:30:00Z,2026-04-02T04:00:00Z,live,ok,live_endpoint,,TTC-PULSE/alerts/raw_snapshots/alerts_20260402T034855Z.pb,TTC-PULSE/alerts/raw_snapshots/alerts_20260402T034855Z.pb,9884,c14af97f8658cd746f4425bf798387435cc5291a4220ac104192536788f905b5,
alerts_sidecar_20260402T034855Z,2026-04-02T03:48:56Z,2026-04-02T03:48:55Z,2026-04-02T03:30:00Z,2026-04-02T04:00:00Z,live,ok,live_endpoint,,TTC-PULSE/alerts/raw_snapshots/alerts_20260402T034855Z.pb,TTC-PULSE/alerts/raw_snapshots/alerts_20260402T034855Z.pb,2269,ef3e66b56c9deeed6bc6dd08f18744affa0138b931499a0a0dc832cfedc2f1f8,
alerts_sidecar_20260402T034855Z,2026-04-02T03:48:57Z,2026-04-02T03:48:55Z,2026-04-02T03:30:00Z,2026-04-02T04:00:00Z,live,ok,live_endpoint,,TTC-PULSE/alerts/raw_snapshots/alerts_20260402T034855Z.pb,TTC-PULSE/alerts/raw_snapshots/alerts_20260402T034855Z.pb,2864,a074152239bb5ebb3e552775a6b1066fcaff813813d300a13dde22fa1578b4c8,
alerts_sidecar_20260402T034925Z,2026-04-02T03:49:26Z,2026-04-02T03:49:25Z,2026-04-02T03:30:00Z,2026-04-02T04:00:00Z,live,ok,live_endpoint,,TTC-PULSE/alerts/raw_snapshots/alerts_20260402T034925Z.pb,TTC-PULSE/alerts/raw_snapshots/alerts_20260402T034925Z.pb,9884,0e13e683e61bef1219e2c84c522b414b698a2676ae93ab082ff86fb9b5b4124b,
alerts_sidecar_20260402T034925Z,2026-04-02T03:49:26Z,2026-04-02T03:49:25Z,2026-04-02T03:30:00Z,2026-04-02T04:00:00Z,live,ok,live_endpoint,,TTC-PULSE/alerts/raw_snapshots/alerts_20260402T034925Z.pb,TTC-PULSE/alerts/raw_snapshots/alerts_20260402T034925Z.pb,2269,26be81637a9bf6469987b3fbedeed83ad2abd469e59c7b3cc72a62038925d161,
alerts_sidecar_20260402T034925Z,2026-04-02T03:49:27Z,2026-04-02T03:49:25Z,2026-04-02T03:30:00Z,2026-04-02T04:00:00Z,live,ok,live_endpoint,,TTC-PULSE/alerts/raw_snapshots/alerts_20260402T034925Z.pb,TTC-PULSE/alerts/raw_snapshots/alerts_20260402T034925Z.pb,2864,c31bbfd2bd51a7e0f83b4fb5ded6d1276275df3e82254daf433bd06632a60821,
alerts_sidecar_20260402T034955Z,2026-04-02T03:49:56Z,2026-04-02T03:49:55Z,2026-04-02T03:30:00Z,2026-04-02T04:00:00Z,live,ok,live_endpoint,,TTC-PULSE/alerts/raw_snapshots/alerts_20260402T034955Z.pb,TTC-PULSE/alerts/raw_snapshots/alerts_20260402T034955Z.pb,9884,0225a9036cdef975a9bd92ec89efd4fff8d13051a86c710ecd6eea05c43de766,
alerts_sidecar_20260402T034955Z,2026-04-02T03:49:56Z,2026-04-02T03:49:55Z,2026-04-02T03:30:00Z,2026-04-02T04:00:00Z,live,ok,live_endpoint,,TTC-PULSE/alerts/raw_snapshots/alerts_20260402T034955Z.pb,TTC-PULSE/alerts/raw_snapshots/alerts_20260402T034955Z.pb,2269,7123aba5eb6bee43daff6e77c13a886d96b3f16c83d44aa177d76de959b09940,
alerts_sidecar_20260402T034955Z,2026-04-02T03:49:57Z,2026-04-02T03:49:55Z,2026-04-02T03:30:00Z,2026-04-02T04:00:00Z,live,ok,live_endpoint,,TTC-PULSE/alerts/raw_snapshots/alerts_20260402T034955Z.pb,TTC-PULSE/alerts/raw_snapshots/alerts_20260402T034955Z.pb,2864,47e8fc2e199db91dde5d981ac4c82f260e7a0579d9e8ab79b7c859e98f0108d4,
alerts_sidecar_20260402T035025Z,2026-04-02T03:50:26Z,2026-04-02T03:50:25Z,2026-04-02T03:30:00Z,2026-04-02T04:00:00Z,live,ok,live_endpoint,,TTC-PULSE/alerts/raw_snapshots/alerts_20260402T035025Z.pb,TTC-PULSE/alerts/raw_snapshots/alerts_20260402T035025Z.pb,9884,e36ce63dc912dcf119e8b251dce8604a3ebf8b55a66fe2f862ab63c49906a090,
alerts_sidecar_20260402T035025Z,2026-04-02T03:50:26Z,2026-04-02T03:50:25Z,2026-04-02T03:30:00Z,2026-04-02T04:00:00Z,live,ok,live_endpoint,,TTC-PULSE/alerts/raw_snapshots/alerts_20260402T035025Z.pb,TTC-PULSE/alerts/raw_snapshots/alerts_20260402T035025Z.pb,2269,e3bcf99ab7844ca63631f28c43e38a3373d3ebaf7ec1adce595485e071414f28,
alerts_sidecar_20260402T035025Z,2026-04-02T03:50:27Z,2026-04-02T03:50:25Z,2026-04-02T03:30:00Z,2026-04-02T04:00:00Z,live,ok,live_endpoint,,TTC-PULSE/alerts/raw_snapshots/alerts_20260402T035025Z.pb,TTC-PULSE/alerts/raw_snapshots/alerts_20260402T035025Z.pb,2864,85ead2ee2d7660e6fa58491771630cf7240e2bf4efcc3d47342ba86b7c641658,
alerts_sidecar_20260402T035055Z,2026-04-02T03:50:56Z,2026-04-02T03:50:55Z,2026-04-02T03:30:00Z,2026-04-02T04:00:00Z,live,ok,live_endpoint,,TTC-PULSE/alerts/raw_snapshots/alerts_20260402T035055Z.pb,TTC-PULSE/alerts/raw_snapshots/alerts_20260402T035055Z.pb,9884,2c07c0e3c3521a5235addbc92c77593b5139b1a7f28030f305ed005d2e056a2b,
alerts_sidecar_20260402T035055Z,2026-04-02T03:50:57Z,2026-04-02T03:50:55Z,2026-04-02T03:30:00Z,2026-04-02T04:00:00Z,live,ok,live_endpoint,,TTC-PULSE/alerts/raw_snapshots/alerts_20260402T035055Z.pb,TTC-PULSE/alerts/raw_snapshots/alerts_20260402T035055Z.pb,2269,1b8e5a734a40ec857271fdd07822d7186cd9c328e3dff558c584c381a1ed242b,
alerts_sidecar_20260402T035055Z,2026-04-02T03:50:57Z,2026-04-02T03:50:55Z,2026-04-02T03:30:00Z,2026-04-02T04:00:00Z,live,ok,live_endpoint,,TTC-PULSE/alerts/raw_snapshots/alerts_20260402T035055Z.pb,TTC-PULSE/alerts/raw_snapshots/alerts_20260402T035055Z.pb,2864,b9072d382aa2d853df59431c8ef1503b6ac91587bac6abe58fa2582796d8cb0a,
alerts_sidecar_20260402T035125Z,2026-04-02T03:51:26Z,2026-04-02T03:51:25Z,2026-04-02T03:30:00Z,2026-04-02T04:00:00Z,live,ok,live_endpoint,,TTC-PULSE/alerts/raw_snapshots/alerts_20260402T035125Z.pb,TTC-PULSE/alerts/raw_snapshots/alerts_20260402T035125Z.pb,9884,9b2580e388abebce51d811613a3928fe73ddd6ed26e6815bf2d2f330b8de6676,
alerts_sidecar_20260402T035125Z,2026-04-02T03:51:26Z,2026-04-02T03:51:25Z,2026-04-02T03:30:00Z,2026-04-02T04:00:00Z,live,ok,live_endpoint,,TTC-PULSE/alerts/raw_snapshots/alerts_20260402T035125Z.pb,TTC-PULSE/alerts/raw_snapshots/alerts_20260402T035125Z.pb,2269,2c9cc75a5df8b2409bc33802649e3b0c1c01eef97850ff441307106ceba18967,
alerts_sidecar_20260402T035125Z,2026-04-02T03:51:27Z,2026-04-02T03:51:25Z,2026-04-02T03:30:00Z,2026-04-02T04:00:00Z,live,ok,live_endpoint,,TTC-PULSE/alerts/raw_snapshots/alerts_20260402T035125Z.pb,TTC-PULSE/alerts/raw_snapshots/alerts_20260402T035125Z.pb,2864,3caa604f949e7353e06e8b6fb26db40f10efd16d38cb77dd236b48343af399c5,
alerts_sidecar_20260402T035155Z,2026-04-02T03:51:56Z,2026-04-02T03:51:55Z,2026-04-02T03:30:00Z,2026-04-02T04:00:00Z,live,ok,live_endpoint,,TTC-PULSE/alerts/raw_snapshots/alerts_20260402T035155Z.pb,TTC-PULSE/alerts/raw_snapshots/alerts_20260402T035155Z.pb,9884,1a3809c116f18d545cb3830280bd935c197192edbbfd99d28baa713baefba128,
alerts_sidecar_20260402T035155Z,2026-04-02T03:51:56Z,2026-04-02T03:51:55Z,2026-04-02T03:30:00Z,2026-04-02T04:00:00Z,live,ok,live_endpoint,,TTC-PULSE/alerts/raw_snapshots/alerts_20260402T035155Z.pb,TTC-PULSE/alerts/raw_snapshots/alerts_20260402T035155Z.pb,2269,8a72f2a7951288d8af820775870bab1bd2fca5c07fc71a9b32a469c7585f7b96,
alerts_sidecar_20260402T035155Z,2026-04-02T03:51:57Z,2026-04-02T03:51:55Z,2026-04-02T03:30:00Z,2026-04-02T04:00:00Z,live,ok,live_endpoint,,TTC-PULSE/alerts/raw_snapshots/alerts_20260402T035155Z.pb,TTC-PULSE/alerts/raw_snapshots/alerts_20260402T035155Z.pb,2864,1200acb7e936df57abe1b2d0d852afa16583626f0d1aeba8c040cdaecf325ecb,
alerts_sidecar_20260402T035225Z,2026-04-02T03:52:26Z,2026-04-02T03:52:25Z,2026-04-02T03:30:00Z,2026-04-02T04:00:00Z,live,ok,live_endpoint,,TTC-PULSE/alerts/raw_snapshots/alerts_20260402T035225Z.pb,TTC-PULSE/alerts/raw_snapshots/alerts_20260402T035225Z.pb,9884,683c1458325401dc017354f22181d3d244432d1cd11c0a23cc1af6f6a6f9b0f5,
alerts_sidecar_20260402T035225Z,2026-04-02T03:52:26Z,2026-04-02T03:52:25Z,2026-04-02T03:30:00Z,2026-04-02T04:00:00Z,live,ok,live_endpoint,,TTC-PULSE/alerts/raw_snapshots/alerts_20260402T035225Z.pb,TTC-PULSE/alerts/raw_snapshots/alerts_20260402T035225Z.pb,2269,1eed385ddb3e2912f72a4a9dd9994cedd97fe18e83ac76356518ccb225056b5d,
alerts_sidecar_20260402T035225Z,2026-04-02T03:52:27Z,2026-04-02T03:52:25Z,2026-04-02T03:30:00Z,2026-04-02T04:00:00Z,live,ok,live_endpoint,,TTC-PULSE/alerts/raw_snapshots/alerts_20260402T035225Z.pb,TTC-PULSE/alerts/raw_snapshots/alerts_20260402T035225Z.pb,2864,2b574792aab8469678b6c88dcf577308a2e4cbc45e6b3ddd08d10253a2e0bab7,
alerts_sidecar_20260402T035255Z,2026-04-02T03:52:56Z,2026-04-02T03:52:55Z,2026-04-02T03:30:00Z,2026-04-02T04:00:00Z,live,ok,live_endpoint,,TTC-PULSE/alerts/raw_snapshots/alerts_20260402T035255Z.pb,TTC-PULSE/alerts/raw_snapshots/alerts_20260402T035255Z.pb,9884,e94fdba4c1278a1456b07dbb734609e13e5171554ccf17518b4afc5a76a33279,
alerts_sidecar_20260402T035255Z,2026-04-02T03:52:56Z,2026-04-02T03:52:55Z,2026-04-02T03:30:00Z,2026-04-02T04:00:00Z,live,ok,live_endpoint,,TTC-PULSE/alerts/raw_snapshots/alerts_20260402T035255Z.pb,TTC-PULSE/alerts/raw_snapshots/alerts_20260402T035255Z.pb,2269,df165c33fd70485a943f8b04c88a09a533029cf91d2836ef505d46077b6ba41b,
alerts_sidecar_20260402T035255Z,2026-04-02T03:52:57Z,2026-04-02T03:52:55Z,2026-04-02T03:30:00Z,2026-04-02T04:00:00Z,live,ok,live_endpoint,,TTC-PULSE/alerts/raw_snapshots/alerts_20260402T035255Z.pb,TTC-PULSE/alerts/raw_snapshots/alerts_20260402T035255Z.pb,2864,781093b537e56c9de9b4be1384da8283f2ac7c797f8a214327141e408b619ca4,
alerts_sidecar_20260402T035325Z,2026-04-02T03:53:26Z,2026-04-02T03:53:25Z,2026-04-02T03:30:00Z,2026-04-02T04:00:00Z,live,ok,live_endpoint,,TTC-PULSE/alerts/raw_snapshots/alerts_20260402T035325Z.pb,TTC-PULSE/alerts/raw_snapshots/alerts_20260402T035325Z.pb,9884,a2a63db774830482ea2736e93a18360e51c627ce1120bf729aac1673dea77cc7,
alerts_sidecar_20260402T035325Z,2026-04-02T03:53:26Z,2026-04-02T03:53:25Z,2026-04-02T03:30:00Z,2026-04-02T04:00:00Z,live,ok,live_endpoint,,TTC-PULSE/alerts/raw_snapshots/alerts_20260402T035325Z.pb,TTC-PULSE/alerts/raw_snapshots/alerts_20260402T035325Z.pb,2269,ff8c3938a3616040612d5aaa0c3dde5a9cf1cbe598901a51d1f1874c3c790925,
alerts_sidecar_20260402T035325Z,2026-04-02T03:53:27Z,2026-04-02T03:53:25Z,2026-04-02T03:30:00Z,2026-04-02T04:00:00Z,live,ok,live_endpoint,,TTC-PULSE/alerts/raw_snapshots/alerts_20260402T035325Z.pb,TTC-PULSE/alerts/raw_snapshots/alerts_20260402T035325Z.pb,2864,ae9b649f9dbacffa96d4ac91425e06919e20bfb7a52e7ff03eebec18a1b9ec63,
alerts_sidecar_20260402T035355Z,2026-04-02T03:53:56Z,2026-04-02T03:53:55Z,2026-04-02T03:30:00Z,2026-04-02T04:00:00Z,live,ok,live_endpoint,,TTC-PULSE/alerts/raw_snapshots/alerts_20260402T035355Z.pb,TTC-PULSE/alerts/raw_snapshots/alerts_20260402T035355Z.pb,9884,4993a161b5b335f1ccce84cf39ef513b140abe4b05dbb139bb2029ecdc9b56b7,
alerts_sidecar_20260402T035355Z,2026-04-02T03:53:56Z,2026-04-02T03:53:55Z,2026-04-02T03:30:00Z,2026-04-02T04:00:00Z,live,ok,live_endpoint,,TTC-PULSE/alerts/raw_snapshots/alerts_20260402T035355Z.pb,TTC-PULSE/alerts/raw_snapshots/alerts_20260402T035355Z.pb,2269,95d3d72dda1edc2471c057ddc78a1d4f59c537925fd5b81a0f04d03481caa98d,
alerts_sidecar_20260402T035355Z,2026-04-02T03:53:56Z,2026-04-02T03:53:55Z,2026-04-02T03:30:00Z,2026-04-02T04:00:00Z,live,ok,live_endpoint,,TTC-PULSE/alerts/raw_snapshots/alerts_20260402T035355Z.pb,TTC-PULSE/alerts/raw_snapshots/alerts_20260402T035355Z.pb,2864,345b3aef3862dbeb7d33d205cc2ba847735d5958063f5b77be83454861c596f7,
alerts_sidecar_20260402T035425Z,2026-04-02T03:54:26Z,2026-04-02T03:54:25Z,2026-04-02T03:30:00Z,2026-04-02T04:00:00Z,live,ok,live_endpoint,,TTC-PULSE/alerts/raw_snapshots/alerts_20260402T035425Z.pb,TTC-PULSE/alerts/raw_snapshots/alerts_20260402T035425Z.pb,9884,fe7fdf68a1a724c306d08bb6a166a7efa352db93f96d34485e336779d11a8836,
alerts_sidecar_20260402T035425Z,2026-04-02T03:54:27Z,2026-04-02T03:54:25Z,2026-04-02T03:30:00Z,2026-04-02T04:00:00Z,live,ok,live_endpoint,,TTC-PULSE/alerts/raw_snapshots/alerts_20260402T035425Z.pb,TTC-PULSE/alerts/raw_snapshots/alerts_20260402T035425Z.pb,2269,d0da296643bc10dea178fdfadea6c7e37e45d87795af2512cae0bef0c00f434d,
alerts_sidecar_20260402T035425Z,2026-04-02T03:54:27Z,2026-04-02T03:54:25Z,2026-04-02T03:30:00Z,2026-04-02T04:00:00Z,live,ok,live_endpoint,,TTC-PULSE/alerts/raw_snapshots/alerts_20260402T035425Z.pb,TTC-PULSE/alerts/raw_snapshots/alerts_20260402T035425Z.pb,2864,2f5804b95ab0a9a2ff34bfbe642df64c2c6e8b5a3f1e5ccfaf8e3b4cdeacfff0,
alerts_sidecar_20260402T035455Z,2026-04-02T03:54:56Z,2026-04-02T03:54:55Z,2026-04-02T03:30:00Z,2026-04-02T04:00:00Z,live,ok,live_endpoint,,TTC-PULSE/alerts/raw_snapshots/alerts_20260402T035455Z.pb,TTC-PULSE/alerts/raw_snapshots/alerts_20260402T035455Z.pb,9884,e239824b0ecfabfea9f8d44e4dbf041662096c1f4551ce6291dbcd25f0e462ab,
alerts_sidecar_20260402T035455Z,2026-04-02T03:54:56Z,2026-04-02T03:54:55Z,2026-04-02T03:30:00Z,2026-04-02T04:00:00Z,live,ok,live_endpoint,,TTC-PULSE/alerts/raw_snapshots/alerts_20260402T035455Z.pb,TTC-PULSE/alerts/raw_snapshots/alerts_20260402T035455Z.pb,2269,841d46575e263db2b40662a7f0408e1efadf19d28dca3e66ea89424f748a1c67,
alerts_sidecar_20260402T035455Z,2026-04-02T03:54:57Z,2026-04-02T03:54:55Z,2026-04-02T03:30:00Z,2026-04-02T04:00:00Z,live,ok,live_endpoint,,TTC-PULSE/alerts/raw_snapshots/alerts_20260402T035455Z.pb,TTC-PULSE/alerts/raw_snapshots/alerts_20260402T035455Z.pb,2864,96f0ac40663c244a5ac2164512a92978dc1f980502962feebbde7540ab925dca,
alerts_sidecar_20260402T035525Z,2026-04-02T03:55:26Z,2026-04-02T03:55:25Z,2026-04-02T03:30:00Z,2026-04-02T04:00:00Z,live,ok,live_endpoint,,TTC-PULSE/alerts/raw_snapshots/alerts_20260402T035525Z.pb,TTC-PULSE/alerts/raw_snapshots/alerts_20260402T035525Z.pb,9884,330f1e9f68e05e26608223d8d0503bc5c98f1d0a64ab504290ad84d675499838,
alerts_sidecar_20260402T035525Z,2026-04-02T03:55:26Z,2026-04-02T03:55:25Z,2026-04-02T03:30:00Z,2026-04-02T04:00:00Z,live,ok,live_endpoint,,TTC-PULSE/alerts/raw_snapshots/alerts_20260402T035525Z.pb,TTC-PULSE/alerts/raw_snapshots/alerts_20260402T035525Z.pb,2269,f94d12496606ea94809c395eeed345701eda47d303fcf6daeda3d2fbfb439f7c,
alerts_sidecar_20260402T035525Z,2026-04-02T03:55:27Z,2026-04-02T03:55:25Z,2026-04-02T03:30:00Z,2026-04-02T04:00:00Z,live,ok,live_endpoint,,TTC-PULSE/alerts/raw_snapshots/alerts_20260402T035525Z.pb,TTC-PULSE/alerts/raw_snapshots/alerts_20260402T035525Z.pb,2864,eb8d452e7e298db76e4919fe4bde8e28d88d76d2ae8ced4ed6f48d021dee2106,
alerts_sidecar_20260402T120540Z,2026-04-02T12:05:41Z,2026-04-02T12:05:40Z,2026-04-02T12:00:00Z,2026-04-02T12:30:00Z,live,ok,live_endpoint,,TTC-PULSE/alerts/raw_snapshots/alerts_20260402T120540Z.pb,TTC-PULSE/alerts/raw_snapshots/alerts_20260402T120540Z.pb,8716,d9066f72d280448840977e1bd17903f62f0a4b292f1bf1c5f39fd32d48126c87,
alerts_sidecar_20260402T120540Z,2026-04-02T12:05:41Z,2026-04-02T12:05:40Z,2026-04-02T12:00:00Z,2026-04-02T12:30:00Z,live,ok,live_endpoint,,TTC-PULSE/alerts/raw_snapshots/alerts_20260402T120540Z.pb,TTC-PULSE/alerts/raw_snapshots/alerts_20260402T120540Z.pb,1843,d99312b5b5d41ae231af390cd9337c39f0332417a3e96d78138c937318183f70,
alerts_sidecar_20260402T120540Z,2026-04-02T12:05:41Z,2026-04-02T12:05:40Z,2026-04-02T12:00:00Z,2026-04-02T12:30:00Z,live,ok,live_endpoint,,TTC-PULSE/alerts/raw_snapshots/alerts_20260402T120540Z.pb,TTC-PULSE/alerts/raw_snapshots/alerts_20260402T120540Z.pb,2152,cba3497eb3991b178dcdc685ff29c81433ae9a36219b4940f9a1c1b2b9852ff8,
alerts_sidecar_20260402T120610Z,2026-04-02T12:06:11Z,2026-04-02T12:06:10Z,2026-04-02T12:00:00Z,2026-04-02T12:30:00Z,live,ok,live_endpoint,,TTC-PULSE/alerts/raw_snapshots/alerts_20260402T120610Z.pb,TTC-PULSE/alerts/raw_snapshots/alerts_20260402T120610Z.pb,8716,c20d09eb75792147a91f43d64e18acd73397078f0401c8508d43b9c2fc8836c8,
alerts_sidecar_20260402T120610Z,2026-04-02T12:06:11Z,2026-04-02T12:06:10Z,2026-04-02T12:00:00Z,2026-04-02T12:30:00Z,live,ok,live_endpoint,,TTC-PULSE/alerts/raw_snapshots/alerts_20260402T120610Z.pb,TTC-PULSE/alerts/raw_snapshots/alerts_20260402T120610Z.pb,1843,394c283485ebcbc6f055083123417165c5dc938561b73c73a859acb046a37335,
alerts_sidecar_20260402T120610Z,2026-04-02T12:06:11Z,2026-04-02T12:06:10Z,2026-04-02T12:00:00Z,2026-04-02T12:30:00Z,live,ok,live_endpoint,,TTC-PULSE/alerts/raw_snapshots/alerts_20260402T120610Z.pb,TTC-PULSE/alerts/raw_snapshots/alerts_20260402T120610Z.pb,2152,82e1b73341b43461033d264512f2db5f2ed572690ad930bc944a7f89ecdd1ae2,
alerts_sidecar_20260402T120640Z,2026-04-02T12:06:41Z,2026-04-02T12:06:40Z,2026-04-02T12:00:00Z,2026-04-02T12:30:00Z,live,ok,live_endpoint,,TTC-PULSE/alerts/raw_snapshots/alerts_20260402T120640Z.pb,TTC-PULSE/alerts/raw_snapshots/alerts_20260402T120640Z.pb,8716,8abfbf5c4b9679e55867fd1b47fa6b185a5c22f7c24fb80298ac841dc958b4f5,
alerts_sidecar_20260402T120640Z,2026-04-02T12:06:41Z,2026-04-02T12:06:40Z,2026-04-02T12:00:00Z,2026-04-02T12:30:00Z,live,ok,live_endpoint,,TTC-PULSE/alerts/raw_snapshots/alerts_20260402T120640Z.pb,TTC-PULSE/alerts/raw_snapshots/alerts_20260402T120640Z.pb,1843,5ce5c5de9794163ce10903e693cb91cf34fce760ff6a79e85cfb158d23397bcf,
alerts_sidecar_20260402T120640Z,2026-04-02T12:06:42Z,2026-04-02T12:06:40Z,2026-04-02T12:00:00Z,2026-04-02T12:30:00Z,live,ok,live_endpoint,,TTC-PULSE/alerts/raw_snapshots/alerts_20260402T120640Z.pb,TTC-PULSE/alerts/raw_snapshots/alerts_20260402T120640Z.pb,2152,15c92d5c539ca9cf87e5601f6f08458a86e0aa5547e99abcdd5cb1508e35a296,
alerts_sidecar_20260402T120710Z,2026-04-02T12:07:11Z,2026-04-02T12:07:10Z,2026-04-02T12:00:00Z,2026-04-02T12:30:00Z,live,ok,live_endpoint,,TTC-PULSE/alerts/raw_snapshots/alerts_20260402T120710Z.pb,TTC-PULSE/alerts/raw_snapshots/alerts_20260402T120710Z.pb,8716,2c1ba1a6fbd18a93854e06a2d243adf598cb59a1a8b1e1e4b0cd14633f979680,
alerts_sidecar_20260402T120710Z,2026-04-02T12:07:11Z,2026-04-02T12:07:10Z,2026-04-02T12:00:00Z,2026-04-02T12:30:00Z,live,ok,live_endpoint,,TTC-PULSE/alerts/raw_snapshots/alerts_20260402T120710Z.pb,TTC-PULSE/alerts/raw_snapshots/alerts_20260402T120710Z.pb,1843,b35fda401bf8de88b8e1a48bd26634d9586848820fbeb523d53c2f43418931ed,
alerts_sidecar_20260402T120710Z,2026-04-02T12:07:11Z,2026-04-02T12:07:10Z,2026-04-02T12:00:00Z,2026-04-02T12:30:00Z,live,ok,live_endpoint,,TTC-PULSE/alerts/raw_snapshots/alerts_20260402T120710Z.pb,TTC-PULSE/alerts/raw_snapshots/alerts_20260402T120710Z.pb,2152,ca043d8fe1a4452bcecf2fde6d4e7abc18be55d935fdb46dac6af508ec0356d4,
alerts_sidecar_20260402T120740Z,2026-04-02T12:07:41Z,2026-04-02T12:07:40Z,2026-04-02T12:00:00Z,2026-04-02T12:30:00Z,live,ok,live_endpoint,,TTC-PULSE/alerts/raw_snapshots/alerts_20260402T120740Z.pb,TTC-PULSE/alerts/raw_snapshots/alerts_20260402T120740Z.pb,8716,6f39b0921cab3cae526a4c9abe4549cef5fe66bda15052c364b3054bd71c69a1,
alerts_sidecar_20260402T120740Z,2026-04-02T12:07:41Z,2026-04-02T12:07:40Z,2026-04-02T12:00:00Z,2026-04-02T12:30:00Z,live,ok,live_endpoint,,TTC-PULSE/alerts/raw_snapshots/alerts_20260402T120740Z.pb,TTC-PULSE/alerts/raw_snapshots/alerts_20260402T120740Z.pb,1843,4083f4c448549be491491644b6bac0109a60a65a4a8a51ea2e25a7bd75f042d5,
alerts_sidecar_20260402T120740Z,2026-04-02T12:07:41Z,2026-04-02T12:07:40Z,2026-04-02T12:00:00Z,2026-04-02T12:30:00Z,live,ok,live_endpoint,,TTC-PULSE/alerts/raw_snapshots/alerts_20260402T120740Z.pb,TTC-PULSE/alerts/raw_snapshots/alerts_20260402T120740Z.pb,2152,dfe77330d846d048efcd8fd97d4e9f9e1680bf78d537f444e6c8b07dfc437d2c,
alerts_sidecar_20260402T120810Z,2026-04-02T12:08:11Z,2026-04-02T12:08:10Z,2026-04-02T12:00:00Z,2026-04-02T12:30:00Z,live,ok,live_endpoint,,TTC-PULSE/alerts/raw_snapshots/alerts_20260402T120810Z.pb,TTC-PULSE/alerts/raw_snapshots/alerts_20260402T120810Z.pb,8716,36423355e53433e887d56d353201b3d7e4d5bcac91f76b5f86f9ede723c7f1ee,
alerts_sidecar_20260402T120810Z,2026-04-02T12:08:11Z,2026-04-02T12:08:10Z,2026-04-02T12:00:00Z,2026-04-02T12:30:00Z,live,ok,live_endpoint,,TTC-PULSE/alerts/raw_snapshots/alerts_20260402T120810Z.pb,TTC-PULSE/alerts/raw_snapshots/alerts_20260402T120810Z.pb,1843,4577e8b1e5cf4141738670640fae77ec267576f12e84824abedf081296ea3db0,
alerts_sidecar_20260402T120810Z,2026-04-02T12:08:11Z,2026-04-02T12:08:10Z,2026-04-02T12:00:00Z,2026-04-02T12:30:00Z,live,ok,live_endpoint,,TTC-PULSE/alerts/raw_snapshots/alerts_20260402T120810Z.pb,TTC-PULSE/alerts/raw_snapshots/alerts_20260402T120810Z.pb,2152,94d6208fb62461a2513c7e1429d42bd5b2b17acaba2045e98f08fa7006079868,
alerts_sidecar_20260402T120840Z,2026-04-02T12:08:41Z,2026-04-02T12:08:40Z,2026-04-02T12:00:00Z,2026-04-02T12:30:00Z,live,ok,live_endpoint,,TTC-PULSE/alerts/raw_snapshots/alerts_20260402T120840Z.pb,TTC-PULSE/alerts/raw_snapshots/alerts_20260402T120840Z.pb,8716,31f7ec01d5c22b7abb43796bec5effb659ecc820e3a66bdfbab45caf7bbea8f2,
alerts_sidecar_20260402T120840Z,2026-04-02T12:08:41Z,2026-04-02T12:08:40Z,2026-04-02T12:00:00Z,2026-04-02T12:30:00Z,live,ok,live_endpoint,,TTC-PULSE/alerts/raw_snapshots/alerts_20260402T120840Z.pb,TTC-PULSE/alerts/raw_snapshots/alerts_20260402T120840Z.pb,1843,3c8f0e10c6ed3d17b7480db0ca5b7b0228167315a9b4aabbe5fe2b58b7684f0d,
alerts_sidecar_20260402T120840Z,2026-04-02T12:08:41Z,2026-04-02T12:08:40Z,2026-04-02T12:00:00Z,2026-04-02T12:30:00Z,live,ok,live_endpoint,,TTC-PULSE/alerts/raw_snapshots/alerts_20260402T120840Z.pb,TTC-PULSE/alerts/raw_snapshots/alerts_20260402T120840Z.pb,2152,cc128f2327265aed0f2a522fbc344951e5c7df35dd58983bb84a571e93e40057,
alerts_sidecar_20260402T120910Z,2026-04-02T12:09:11Z,2026-04-02T12:09:10Z,2026-04-02T12:00:00Z,2026-04-02T12:30:00Z,live,ok,live_endpoint,,TTC-PULSE/alerts/raw_snapshots/alerts_20260402T120910Z.pb,TTC-PULSE/alerts/raw_snapshots/alerts_20260402T120910Z.pb,8716,cd8b19c558594a40b9729442fa1129e1abe3dcf8fa9bfa63f3b8491031b9949f,
alerts_sidecar_20260402T120910Z,2026-04-02T12:09:11Z,2026-04-02T12:09:10Z,2026-04-02T12:00:00Z,2026-04-02T12:30:00Z,live,ok,live_endpoint,,TTC-PULSE/alerts/raw_snapshots/alerts_20260402T120910Z.pb,TTC-PULSE/alerts/raw_snapshots/alerts_20260402T120910Z.pb,1843,9b52e367d4e90e9153f5dc3b43f8008d32b7a2246c074cba6108ce937d2d5ef4,
alerts_sidecar_20260402T120910Z,2026-04-02T12:09:11Z,2026-04-02T12:09:10Z,2026-04-02T12:00:00Z,2026-04-02T12:30:00Z,live,ok,live_endpoint,,TTC-PULSE/alerts/raw_snapshots/alerts_20260402T120910Z.pb,TTC-PULSE/alerts/raw_snapshots/alerts_20260402T120910Z.pb,2152,39406b5dacead030c5240b115588901f247ad532404421b9e1380a0f7784660f,
alerts_sidecar_20260402T120940Z,2026-04-02T12:09:41Z,2026-04-02T12:09:40Z,2026-04-02T12:00:00Z,2026-04-02T12:30:00Z,live,ok,live_endpoint,,TTC-PULSE/alerts/raw_snapshots/alerts_20260402T120940Z.pb,TTC-PULSE/alerts/raw_snapshots/alerts_20260402T120940Z.pb,8716,2efde6518bc4628a1ba3e228050ff54007e1d32fae9a134ce1940c7949f6a16c,
alerts_sidecar_20260402T120940Z,2026-04-02T12:09:41Z,2026-04-02T12:09:40Z,2026-04-02T12:00:00Z,2026-04-02T12:30:00Z,live,ok,live_endpoint,,TTC-PULSE/alerts/raw_snapshots/alerts_20260402T120940Z.pb,TTC-PULSE/alerts/raw_snapshots/alerts_20260402T120940Z.pb,1843,d7486d7a25819c30ad593a9fee88edee8af1366dcd8adf760ee17911a9f6b632,
alerts_sidecar_20260402T120940Z,2026-04-02T12:09:41Z,2026-04-02T12:09:40Z,2026-04-02T12:00:00Z,2026-04-02T12:30:00Z,live,ok,live_endpoint,,TTC-PULSE/alerts/raw_snapshots/alerts_20260402T120940Z.pb,TTC-PULSE/alerts/raw_snapshots/alerts_20260402T120940Z.pb,2152,0ff5d9a08fbf5427af41916d02851ffb1589c87f992b7eae158ccba8a35543f1,
alerts_sidecar_20260402T121010Z,2026-04-02T12:10:11Z,2026-04-02T12:10:10Z,2026-04-02T12:00:00Z,2026-04-02T12:30:00Z,live,ok,live_endpoint,,TTC-PULSE/alerts/raw_snapshots/alerts_20260402T121010Z.pb,TTC-PULSE/alerts/raw_snapshots/alerts_20260402T121010Z.pb,8716,4c9ac180dfd6f3395fa1f2743a1f95d44e75488d294e3a36bde04a771e22c267,
alerts_sidecar_20260402T121010Z,2026-04-02T12:10:11Z,2026-04-02T12:10:10Z,2026-04-02T12:00:00Z,2026-04-02T12:30:00Z,live,ok,live_endpoint,,TTC-PULSE/alerts/raw_snapshots/alerts_20260402T121010Z.pb,TTC-PULSE/alerts/raw_snapshots/alerts_20260402T121010Z.pb,1843,e732baebcdbb3cc231eeab54a585ddebe9b4c077446fa5883525eb94e41a5417,
alerts_sidecar_20260402T121010Z,2026-04-02T12:10:11Z,2026-04-02T12:10:10Z,2026-04-02T12:00:00Z,2026-04-02T12:30:00Z,live,ok,live_endpoint,,TTC-PULSE/alerts/raw_snapshots/alerts_20260402T121010Z.pb,TTC-PULSE/alerts/raw_snapshots/alerts_20260402T121010Z.pb,3752,56b0b7cbeca4d12769f89facea3ba36fc24c3e0c53dad0a886c713e5f1c32049,
alerts_sidecar_20260402T121040Z,2026-04-02T12:10:41Z,2026-04-02T12:10:40Z,2026-04-02T12:00:00Z,2026-04-02T12:30:00Z,live,ok,live_endpoint,,TTC-PULSE/alerts/raw_snapshots/alerts_20260402T121040Z.pb,TTC-PULSE/alerts/raw_snapshots/alerts_20260402T121040Z.pb,8716,8bf7ce32575f92c1c82485d38569bd30c54afbc34d495d0a532df7e9082384ad,
alerts_sidecar_20260402T121040Z,2026-04-02T12:10:41Z,2026-04-02T12:10:40Z,2026-04-02T12:00:00Z,2026-04-02T12:30:00Z,live,ok,live_endpoint,,TTC-PULSE/alerts/raw_snapshots/alerts_20260402T121040Z.pb,TTC-PULSE/alerts/raw_snapshots/alerts_20260402T121040Z.pb,1843,3449298b8edeb3508ad826b5c17db00899c11ea3c0a4481fca0e1b587ce774d4,
alerts_sidecar_20260402T121040Z,2026-04-02T12:10:42Z,2026-04-02T12:10:40Z,2026-04-02T12:00:00Z,2026-04-02T12:30:00Z,live,ok,live_endpoint,,TTC-PULSE/alerts/raw_snapshots/alerts_20260402T121040Z.pb,TTC-PULSE/alerts/raw_snapshots/alerts_20260402T121040Z.pb,3752,8d4f0c84c7839aec1a99a99b3b93a1360c20a0c7f24e25c229a294554fca0a6d,
alerts_sidecar_20260402T121110Z,2026-04-02T12:11:11Z,2026-04-02T12:11:10Z,2026-04-02T12:00:00Z,2026-04-02T12:30:00Z,live,ok,live_endpoint,,TTC-PULSE/alerts/raw_snapshots/alerts_20260402T121110Z.pb,TTC-PULSE/alerts/raw_snapshots/alerts_20260402T121110Z.pb,8716,d25b34519765ede04043a360da07644a614e77104fb64b9589c8545d4a063f2b,
alerts_sidecar_20260402T121110Z,2026-04-02T12:11:11Z,2026-04-02T12:11:10Z,2026-04-02T12:00:00Z,2026-04-02T12:30:00Z,live,ok,live_endpoint,,TTC-PULSE/alerts/raw_snapshots/alerts_20260402T121110Z.pb,TTC-PULSE/alerts/raw_snapshots/alerts_20260402T121110Z.pb,1843,ac566a7db1e7a9a113cc3624dcd2567c3ac54496dd85d2b570a99f77b6546854,
alerts_sidecar_20260402T121110Z,2026-04-02T12:11:11Z,2026-04-02T12:11:10Z,2026-04-02T12:00:00Z,2026-04-02T12:30:00Z,live,ok,live_endpoint,,TTC-PULSE/alerts/raw_snapshots/alerts_20260402T121110Z.pb,TTC-PULSE/alerts/raw_snapshots/alerts_20260402T121110Z.pb,3752,544b3cc4b0ca004148fc4f8d2f6c45db6456fa96c3f9c08ea636916351ed1063,
alerts_sidecar_20260402T121140Z,2026-04-02T12:11:41Z,2026-04-02T12:11:40Z,2026-04-02T12:00:00Z,2026-04-02T12:30:00Z,live,ok,live_endpoint,,TTC-PULSE/alerts/raw_snapshots/alerts_20260402T121140Z.pb,TTC-PULSE/alerts/raw_snapshots/alerts_20260402T121140Z.pb,8716,4eeff3782d97164d93837175e4ebcf48b54ac0f1b074834c9390fa995a25d853,
alerts_sidecar_20260402T121140Z,2026-04-02T12:11:41Z,2026-04-02T12:11:40Z,2026-04-02T12:00:00Z,2026-04-02T12:30:00Z,live,ok,live_endpoint,,TTC-PULSE/alerts/raw_snapshots/alerts_20260402T121140Z.pb,TTC-PULSE/alerts/raw_snapshots/alerts_20260402T121140Z.pb,1843,53885ec83df1d54ca428e72fbeafad5f1ee93d4d12867f8e8203709eb7c8e78e,
alerts_sidecar_20260402T121140Z,2026-04-02T12:11:41Z,2026-04-02T12:11:40Z,2026-04-02T12:00:00Z,2026-04-02T12:30:00Z,live,ok,live_endpoint,,TTC-PULSE/alerts/raw_snapshots/alerts_20260402T121140Z.pb,TTC-PULSE/alerts/raw_snapshots/alerts_20260402T121140Z.pb,3752,6edf33f32ff7a49146f011e02ce854f3345c93404ed2b948a8e4a66b356c577d,
alerts_sidecar_20260402T121210Z,2026-04-02T12:12:11Z,2026-04-02T12:12:10Z,2026-04-02T12:00:00Z,2026-04-02T12:30:00Z,live,ok,live_endpoint,,TTC-PULSE/alerts/raw_snapshots/alerts_20260402T121210Z.pb,TTC-PULSE/alerts/raw_snapshots/alerts_20260402T121210Z.pb,8716,6cdb1eaf15b54461366ff823b39ea845e157fa83bb07f806a0904e2c2745c48b,
alerts_sidecar_20260402T121210Z,2026-04-02T12:12:11Z,2026-04-02T12:12:10Z,2026-04-02T12:00:00Z,2026-04-02T12:30:00Z,live,ok,live_endpoint,,TTC-PULSE/alerts/raw_snapshots/alerts_20260402T121210Z.pb,TTC-PULSE/alerts/raw_snapshots/alerts_20260402T121210Z.pb,1843,946564f58478d9066f9546c2c6914fa4029a9a397ac0b64ca34cc8616d7ebdcc,
alerts_sidecar_20260402T121210Z,2026-04-02T12:12:11Z,2026-04-02T12:12:10Z,2026-04-02T12:00:00Z,2026-04-02T12:30:00Z,live,ok,live_endpoint,,TTC-PULSE/alerts/raw_snapshots/alerts_20260402T121210Z.pb,TTC-PULSE/alerts/raw_snapshots/alerts_20260402T121210Z.pb,3752,e92759e7f81e5127d7ac1eb1fbc9fb5bb63e284a5a24712d77a542d26968609b,
alerts_sidecar_20260402T121240Z,2026-04-02T12:12:41Z,2026-04-02T12:12:40Z,2026-04-02T12:00:00Z,2026-04-02T12:30:00Z,live,ok,live_endpoint,,TTC-PULSE/alerts/raw_snapshots/alerts_20260402T121240Z.pb,TTC-PULSE/alerts/raw_snapshots/alerts_20260402T121240Z.pb,8716,7fc3d209342d4be47d52d2fcdd0268e14ec86745de9183cae316eb81eb4d56ec,
alerts_sidecar_20260402T121240Z,2026-04-02T12:12:41Z,2026-04-02T12:12:40Z,2026-04-02T12:00:00Z,2026-04-02T12:30:00Z,live,ok,live_endpoint,,TTC-PULSE/alerts/raw_snapshots/alerts_20260402T121240Z.pb,TTC-PULSE/alerts/raw_snapshots/alerts_20260402T121240Z.pb,1843,ba569cf51fb8b506a37105c4cf5ad7d43670887d3d9781c67aee96d81fec77ab,
alerts_sidecar_20260402T121240Z,2026-04-02T12:12:41Z,2026-04-02T12:12:40Z,2026-04-02T12:00:00Z,2026-04-02T12:30:00Z,live,ok,live_endpoint,,TTC-PULSE/alerts/raw_snapshots/alerts_20260402T121240Z.pb,TTC-PULSE/alerts/raw_snapshots/alerts_20260402T121240Z.pb,3752,5a994064fcaa9228976f33011de2aacf3c625e227c89824664255b2d44c26ea6,
alerts_sidecar_20260402T121310Z,2026-04-02T12:13:11Z,2026-04-02T12:13:10Z,2026-04-02T12:00:00Z,2026-04-02T12:30:00Z,live,ok,live_endpoint,,TTC-PULSE/alerts/raw_snapshots/alerts_20260402T121310Z.pb,TTC-PULSE/alerts/raw_snapshots/alerts_20260402T121310Z.pb,8716,e0b14c875d09aeea19387c045500f4a3399aaa6869afe96bcdb40b7ae5fa9cbc,
alerts_sidecar_20260402T121310Z,2026-04-02T12:13:11Z,2026-04-02T12:13:10Z,2026-04-02T12:00:00Z,2026-04-02T12:30:00Z,live,ok,live_endpoint,,TTC-PULSE/alerts/raw_snapshots/alerts_20260402T121310Z.pb,TTC-PULSE/alerts/raw_snapshots/alerts_20260402T121310Z.pb,1843,5e4dbe8d2ef9e07ab564f4b89ccc6ea7f88c927c2fc7056bf202fcf9a3d6ff8b,
alerts_sidecar_20260402T121310Z,2026-04-02T12:13:11Z,2026-04-02T12:13:10Z,2026-04-02T12:00:00Z,2026-04-02T12:30:00Z,live,ok,live_endpoint,,TTC-PULSE/alerts/raw_snapshots/alerts_20260402T121310Z.pb,TTC-PULSE/alerts/raw_snapshots/alerts_20260402T121310Z.pb,3752,0a8636199198da0227446b0966e6f996ca39941b6fac3883f3b032285150fde8,
alerts_sidecar_20260402T121340Z,2026-04-02T12:13:41Z,2026-04-02T12:13:40Z,2026-04-02T12:00:00Z,2026-04-02T12:30:00Z,live,ok,live_endpoint,,TTC-PULSE/alerts/raw_snapshots/alerts_20260402T121340Z.pb,TTC-PULSE/alerts/raw_snapshots/alerts_20260402T121340Z.pb,8716,c070b74f43ee3e24fa92df3258477c4ba64bae30c283cf00f92dae5a69f504bb,
alerts_sidecar_20260402T121340Z,2026-04-02T12:13:41Z,2026-04-02T12:13:40Z,2026-04-02T12:00:00Z,2026-04-02T12:30:00Z,live,ok,live_endpoint,,TTC-PULSE/alerts/raw_snapshots/alerts_20260402T121340Z.pb,TTC-PULSE/alerts/raw_snapshots/alerts_20260402T121340Z.pb,1843,b9f8ddbeb27589f12c5428b3af70c2602b6b41cb05e165a3ff2cf6f9116830c4,
alerts_sidecar_20260402T121340Z,2026-04-02T12:13:41Z,2026-04-02T12:13:40Z,2026-04-02T12:00:00Z,2026-04-02T12:30:00Z,live,ok,live_endpoint,,TTC-PULSE/alerts/raw_snapshots/alerts_20260402T121340Z.pb,TTC-PULSE/alerts/raw_snapshots/alerts_20260402T121340Z.pb,3752,0ef3988d9dac479c5918acf30417c088d4f15aed395dcddadb2242ce24ea1d89,
alerts_sidecar_20260402T121410Z,2026-04-02T12:14:11Z,2026-04-02T12:14:10Z,2026-04-02T12:00:00Z,2026-04-02T12:30:00Z,live,ok,live_endpoint,,TTC-PULSE/alerts/raw_snapshots/alerts_20260402T121410Z.pb,TTC-PULSE/alerts/raw_snapshots/alerts_20260402T121410Z.pb,8716,542ce86487b222fd566b531816829340b1b46fa860286359fee7cef64d608ac2,
alerts_sidecar_20260402T121410Z,2026-04-02T12:14:11Z,2026-04-02T12:14:10Z,2026-04-02T12:00:00Z,2026-04-02T12:30:00Z,live,ok,live_endpoint,,TTC-PULSE/alerts/raw_snapshots/alerts_20260402T121410Z.pb,TTC-PULSE/alerts/raw_snapshots/alerts_20260402T121410Z.pb,1843,89e60927eb08bbd97ada5daa2d7a9c767a99198b6bbb51d3a5531f77f68c9f29,
alerts_sidecar_20260402T121410Z,2026-04-02T12:14:11Z,2026-04-02T12:14:10Z,2026-04-02T12:00:00Z,2026-04-02T12:30:00Z,live,ok,live_endpoint,,TTC-PULSE/alerts/raw_snapshots/alerts_20260402T121410Z.pb,TTC-PULSE/alerts/raw_snapshots/alerts_20260402T121410Z.pb,3752,8d194e5b7c340e9105c78c244065dacd4342148355661556d355382ab27dd968,
alerts_sidecar_20260402T121440Z,2026-04-02T12:14:41Z,2026-04-02T12:14:40Z,2026-04-02T12:00:00Z,2026-04-02T12:30:00Z,live,ok,live_endpoint,,TTC-PULSE/alerts/raw_snapshots/alerts_20260402T121440Z.pb,TTC-PULSE/alerts/raw_snapshots/alerts_20260402T121440Z.pb,8716,11e4e8e3e93ad7ec287a85be74430cbe761dd77611a66dac68b9335fcc4172bc,
alerts_sidecar_20260402T121440Z,2026-04-02T12:14:42Z,2026-04-02T12:14:40Z,2026-04-02T12:00:00Z,2026-04-02T12:30:00Z,live,ok,live_endpoint,,TTC-PULSE/alerts/raw_snapshots/alerts_20260402T121440Z.pb,TTC-PULSE/alerts/raw_snapshots/alerts_20260402T121440Z.pb,1843,966f22f68557ad7a172f76cd8cbf8cfe6bd2306b3326a2aa1ee29f1279d77719,
alerts_sidecar_20260402T121440Z,2026-04-02T12:14:42Z,2026-04-02T12:14:40Z,2026-04-02T12:00:00Z,2026-04-02T12:30:00Z,live,ok,live_endpoint,,TTC-PULSE/alerts/raw_snapshots/alerts_20260402T121440Z.pb,TTC-PULSE/alerts/raw_snapshots/alerts_20260402T121440Z.pb,3752,e5a660741c46e94394e738c3710227c974c54a1e8f3cebf670b6b3522985e333,
alerts_sidecar_20260402T121510Z,2026-04-02T12:15:11Z,2026-04-02T12:15:10Z,2026-04-02T12:00:00Z,2026-04-02T12:30:00Z,live,ok,live_endpoint,,TTC-PULSE/alerts/raw_snapshots/alerts_20260402T121510Z.pb,TTC-PULSE/alerts/raw_snapshots/alerts_20260402T121510Z.pb,8716,3c78dad17b71cc4e0abde846c9bf245fbbfcc76c8367369e44b692f8495b20dc,
alerts_sidecar_20260402T121510Z,2026-04-02T12:15:11Z,2026-04-02T12:15:10Z,2026-04-02T12:00:00Z,2026-04-02T12:30:00Z,live,ok,live_endpoint,,TTC-PULSE/alerts/raw_snapshots/alerts_20260402T121510Z.pb,TTC-PULSE/alerts/raw_snapshots/alerts_20260402T121510Z.pb,1843,365512a645b7b4f026ea0030d39bc51bd4990abc3c3979b1e0035dd6c22b131a,
alerts_sidecar_20260402T121510Z,2026-04-02T12:15:11Z,2026-04-02T12:15:10Z,2026-04-02T12:00:00Z,2026-04-02T12:30:00Z,live,ok,live_endpoint,,TTC-PULSE/alerts/raw_snapshots/alerts_20260402T121510Z.pb,TTC-PULSE/alerts/raw_snapshots/alerts_20260402T121510Z.pb,3752,9465efd99b1530d8bbf61d285ddea509226e21b8670c642f06e878910c46fa6a,
alerts_sidecar_20260402T121540Z,2026-04-02T12:15:41Z,2026-04-02T12:15:40Z,2026-04-02T12:00:00Z,2026-04-02T12:30:00Z,live,ok,live_endpoint,,TTC-PULSE/alerts/raw_snapshots/alerts_20260402T121540Z.pb,TTC-PULSE/alerts/raw_snapshots/alerts_20260402T121540Z.pb,8716,36ffe90b907976cf349671c4fd4bf79cfab7ba7f21e561fff0ac7663b738743c,
alerts_sidecar_20260402T121540Z,2026-04-02T12:15:41Z,2026-04-02T12:15:40Z,2026-04-02T12:00:00Z,2026-04-02T12:30:00Z,live,ok,live_endpoint,,TTC-PULSE/alerts/raw_snapshots/alerts_20260402T121540Z.pb,TTC-PULSE/alerts/raw_snapshots/alerts_20260402T121540Z.pb,1843,3310da2a9ba23c51295dc296fec846c30ea533d915ac0dcb012c43029d1e52b2,
alerts_sidecar_20260402T121540Z,2026-04-02T12:15:41Z,2026-04-02T12:15:40Z,2026-04-02T12:00:00Z,2026-04-02T12:30:00Z,live,ok,live_endpoint,,TTC-PULSE/alerts/raw_snapshots/alerts_20260402T121540Z.pb,TTC-PULSE/alerts/raw_snapshots/alerts_20260402T121540Z.pb,3752,a10e5064b3c965483e9f5c94d88708dce28026b0c32bf15327c4a0f31c2e7be8,
alerts_sidecar_20260402T121610Z,2026-04-02T12:16:11Z,2026-04-02T12:16:10Z,2026-04-02T12:00:00Z,2026-04-02T12:30:00Z,live,ok,live_endpoint,,TTC-PULSE/alerts/raw_snapshots/alerts_20260402T121610Z.pb,TTC-PULSE/alerts/raw_snapshots/alerts_20260402T121610Z.pb,8716,b18e0ef39bbd2c9339ea66b8506b6ff3b848ed57ea8013fd0b816faf5a61777e,
alerts_sidecar_20260402T121610Z,2026-04-02T12:16:11Z,2026-04-02T12:16:10Z,2026-04-02T12:00:00Z,2026-04-02T12:30:00Z,live,ok,live_endpoint,,TTC-PULSE/alerts/raw_snapshots/alerts_20260402T121610Z.pb,TTC-PULSE/alerts/raw_snapshots/alerts_20260402T121610Z.pb,1843,6a8b0d078e49bbff42ec746b5798ee6cbb459bad350053e8cf7229746bb277fb,
alerts_sidecar_20260402T121610Z,2026-04-02T12:16:11Z,2026-04-02T12:16:10Z,2026-04-02T12:00:00Z,2026-04-02T12:30:00Z,live,ok,live_endpoint,,TTC-PULSE/alerts/raw_snapshots/alerts_20260402T121610Z.pb,TTC-PULSE/alerts/raw_snapshots/alerts_20260402T121610Z.pb,3752,83687fab7c81375f11b97233beb43c000444556e26ffc8ecaee4e9b60d08ea22,
alerts_sidecar_20260402T121640Z,2026-04-02T12:16:41Z,2026-04-02T12:16:40Z,2026-04-02T12:00:00Z,2026-04-02T12:30:00Z,live,ok,live_endpoint,,TTC-PULSE/alerts/raw_snapshots/alerts_20260402T121640Z.pb,TTC-PULSE/alerts/raw_snapshots/alerts_20260402T121640Z.pb,8716,a77b38c4789ab4e5ecd9930944518c552d0db09869e235cfe30a1d43b1e4f084,
alerts_sidecar_20260402T121640Z,2026-04-02T12:16:41Z,2026-04-02T12:16:40Z,2026-04-02T12:00:00Z,2026-04-02T12:30:00Z,live,ok,live_endpoint,,TTC-PULSE/alerts/raw_snapshots/alerts_20260402T121640Z.pb,TTC-PULSE/alerts/raw_snapshots/alerts_20260402T121640Z.pb,1843,01e757f98d6936187845edfa088144c2d7d9e2b869e5a6a9b2cb0badce517454,
alerts_sidecar_20260402T121640Z,2026-04-02T12:16:41Z,2026-04-02T12:16:40Z,2026-04-02T12:00:00Z,2026-04-02T12:30:00Z,live,ok,live_endpoint,,TTC-PULSE/alerts/raw_snapshots/alerts_20260402T121640Z.pb,TTC-PULSE/alerts/raw_snapshots/alerts_20260402T121640Z.pb,3752,fcf1b7f3c7a3cc4c252e6100b1d5392397761a344517392ac33bbdd4ecd9a3c4,
alerts_sidecar_20260402T121710Z,2026-04-02T12:17:11Z,2026-04-02T12:17:10Z,2026-04-02T12:00:00Z,2026-04-02T12:30:00Z,live,ok,live_endpoint,,TTC-PULSE/alerts/raw_snapshots/alerts_20260402T121710Z.pb,TTC-PULSE/alerts/raw_snapshots/alerts_20260402T121710Z.pb,8716,57be88d97a1e6bda1a621b1ad9f84f4fcca9074297bb0a5b4b71aab1884e0ef3,
alerts_sidecar_20260402T121710Z,2026-04-02T12:17:11Z,2026-04-02T12:17:10Z,2026-04-02T12:00:00Z,2026-04-02T12:30:00Z,live,ok,live_endpoint,,TTC-PULSE/alerts/raw_snapshots/alerts_20260402T121710Z.pb,TTC-PULSE/alerts/raw_snapshots/alerts_20260402T121710Z.pb,1843,53ceaff0955b7aa7f34f72f52d025c82895da451955316881880addd253ee35e,
alerts_sidecar_20260402T121710Z,2026-04-02T12:17:11Z,2026-04-02T12:17:10Z,2026-04-02T12:00:00Z,2026-04-02T12:30:00Z,live,ok,live_endpoint,,TTC-PULSE/alerts/raw_snapshots/alerts_20260402T121710Z.pb,TTC-PULSE/alerts/raw_snapshots/alerts_20260402T121710Z.pb,3752,8af298093141c981fc73f5978875eb03b880086015326e712a4bd8cace9a44eb,
alerts_sidecar_20260402T121740Z,2026-04-02T12:17:41Z,2026-04-02T12:17:40Z,2026-04-02T12:00:00Z,2026-04-02T12:30:00Z,live,ok,live_endpoint,,TTC-PULSE/alerts/raw_snapshots/alerts_20260402T121740Z.pb,TTC-PULSE/alerts/raw_snapshots/alerts_20260402T121740Z.pb,8716,a093d682519a495e67971ae7bfe17c5f13692bb9b4d65157af3e37447a109717,
alerts_sidecar_20260402T121740Z,2026-04-02T12:17:41Z,2026-04-02T12:17:40Z,2026-04-02T12:00:00Z,2026-04-02T12:30:00Z,live,ok,live_endpoint,,TTC-PULSE/alerts/raw_snapshots/alerts_20260402T121740Z.pb,TTC-PULSE/alerts/raw_snapshots/alerts_20260402T121740Z.pb,1843,c557445096029310f0d92a1d324c4ac40ae310085c969851187305d335ebb210,
alerts_sidecar_20260402T121740Z,2026-04-02T12:17:41Z,2026-04-02T12:17:40Z,2026-04-02T12:00:00Z,2026-04-02T12:30:00Z,live,ok,live_endpoint,,TTC-PULSE/alerts/raw_snapshots/alerts_20260402T121740Z.pb,TTC-PULSE/alerts/raw_snapshots/alerts_20260402T121740Z.pb,3752,74ceed41616f3c5708841ebdb63cb7a13f6549f34cf6d5b882b6ed84eca9316b,
alerts_sidecar_20260402T121810Z,2026-04-02T12:18:11Z,2026-04-02T12:18:10Z,2026-04-02T12:00:00Z,2026-04-02T12:30:00Z,live,ok,live_endpoint,,TTC-PULSE/alerts/raw_snapshots/alerts_20260402T121810Z.pb,TTC-PULSE/alerts/raw_snapshots/alerts_20260402T121810Z.pb,8716,e2daa2ae2fe27f60e13cf932caee82d44fa226143c5ecdbf43c6ba721ee320ed,
alerts_sidecar_20260402T121810Z,2026-04-02T12:18:11Z,2026-04-02T12:18:10Z,2026-04-02T12:00:00Z,2026-04-02T12:30:00Z,live,ok,live_endpoint,,TTC-PULSE/alerts/raw_snapshots/alerts_20260402T121810Z.pb,TTC-PULSE/alerts/raw_snapshots/alerts_20260402T121810Z.pb,1843,c2a0ff305fafb37276fb0620ea6be18ccf445b80833ca21409d9129f6f2c04f1,
alerts_sidecar_20260402T121810Z,2026-04-02T12:18:11Z,2026-04-02T12:18:10Z,2026-04-02T12:00:00Z,2026-04-02T12:30:00Z,live,ok,live_endpoint,,TTC-PULSE/alerts/raw_snapshots/alerts_20260402T121810Z.pb,TTC-PULSE/alerts/raw_snapshots/alerts_20260402T121810Z.pb,3752,095d337bb68269d53f6b5ca5d1b76f27f331c301bfff3971fb6a5d0822c8c62f,
alerts_sidecar_20260402T121840Z,2026-04-02T12:18:41Z,2026-04-02T12:18:40Z,2026-04-02T12:00:00Z,2026-04-02T12:30:00Z,live,ok,live_endpoint,,TTC-PULSE/alerts/raw_snapshots/alerts_20260402T121840Z.pb,TTC-PULSE/alerts/raw_snapshots/alerts_20260402T121840Z.pb,8716,1cdc742182ddbe01f406524c514bcec48914d581f55a10c48649534b699580c7,
alerts_sidecar_20260402T121840Z,2026-04-02T12:18:41Z,2026-04-02T12:18:40Z,2026-04-02T12:00:00Z,2026-04-02T12:30:00Z,live,ok,live_endpoint,,TTC-PULSE/alerts/raw_snapshots/alerts_20260402T121840Z.pb,TTC-PULSE/alerts/raw_snapshots/alerts_20260402T121840Z.pb,1843,addf082ca5bddc862561ae495064b95e12b9d243cdd15e9a05f7c1a706c5e217,
alerts_sidecar_20260402T121840Z,2026-04-02T12:18:41Z,2026-04-02T12:18:40Z,2026-04-02T12:00:00Z,2026-04-02T12:30:00Z,live,ok,live_endpoint,,TTC-PULSE/alerts/raw_snapshots/alerts_20260402T121840Z.pb,TTC-PULSE/alerts/raw_snapshots/alerts_20260402T121840Z.pb,3752,fd9a4e418def31003f87e0624d90ab74573d746c7912134228a0539d223051bf,
alerts_sidecar_20260402T121910Z,2026-04-02T12:19:11Z,2026-04-02T12:19:10Z,2026-04-02T12:00:00Z,2026-04-02T12:30:00Z,live,ok,live_endpoint,,TTC-PULSE/alerts/raw_snapshots/alerts_20260402T121910Z.pb,TTC-PULSE/alerts/raw_snapshots/alerts_20260402T121910Z.pb,8716,c10d3502cde57fed00b2a5c7e7a66c538dfddaea4082e76334c64c5ec995de7a,
alerts_sidecar_20260402T121910Z,2026-04-02T12:19:11Z,2026-04-02T12:19:10Z,2026-04-02T12:00:00Z,2026-04-02T12:30:00Z,live,ok,live_endpoint,,TTC-PULSE/alerts/raw_snapshots/alerts_20260402T121910Z.pb,TTC-PULSE/alerts/raw_snapshots/alerts_20260402T121910Z.pb,1843,92cb2af3713f93acecce13ecb103dd6eacd323bcb0165d3b724fbacc804a5676,
alerts_sidecar_20260402T121910Z,2026-04-02T12:19:12Z,2026-04-02T12:19:10Z,2026-04-02T12:00:00Z,2026-04-02T12:30:00Z,live,ok,live_endpoint,,TTC-PULSE/alerts/raw_snapshots/alerts_20260402T121910Z.pb,TTC-PULSE/alerts/raw_snapshots/alerts_20260402T121910Z.pb,3752,0ae2d21d7a1ef0d77e835e16502bfe8b389cb41148d98c718deb363fe00f6f7e,
alerts_sidecar_20260402T121940Z,2026-04-02T12:19:41Z,2026-04-02T12:19:40Z,2026-04-02T12:00:00Z,2026-04-02T12:30:00Z,live,ok,live_endpoint,,TTC-PULSE/alerts/raw_snapshots/alerts_20260402T121940Z.pb,TTC-PULSE/alerts/raw_snapshots/alerts_20260402T121940Z.pb,8716,1f99a719adaf3132ac4c849fe2462a73640ae3a7ff988716b76fa6baed9736b8,
alerts_sidecar_20260402T121940Z,2026-04-02T12:19:41Z,2026-04-02T12:19:40Z,2026-04-02T12:00:00Z,2026-04-02T12:30:00Z,live,ok,live_endpoint,,TTC-PULSE/alerts/raw_snapshots/alerts_20260402T121940Z.pb,TTC-PULSE/alerts/raw_snapshots/alerts_20260402T121940Z.pb,1843,366b859d6a9d2badd203eab313b85077fafca6eec0bb6f459980a13b9714aef2,
alerts_sidecar_20260402T121940Z,2026-04-02T12:19:41Z,2026-04-02T12:19:40Z,2026-04-02T12:00:00Z,2026-04-02T12:30:00Z,live,ok,live_endpoint,,TTC-PULSE/alerts/raw_snapshots/alerts_20260402T121940Z.pb,TTC-PULSE/alerts/raw_snapshots/alerts_20260402T121940Z.pb,3752,ab6978f77a2d62f0fc4a212c107d6b289ba85c848cc83fa31dc1c6237d902eec,
alerts_sidecar_20260402T122010Z,2026-04-02T12:20:11Z,2026-04-02T12:20:10Z,2026-04-02T12:00:00Z,2026-04-02T12:30:00Z,live,ok,live_endpoint,,TTC-PULSE/alerts/raw_snapshots/alerts_20260402T122010Z.pb,TTC-PULSE/alerts/raw_snapshots/alerts_20260402T122010Z.pb,8716,14e8a62c074d188e4fffc4c1e3ddf120f35348bad3a9e25eb2fa45e588d21d8a,
alerts_sidecar_20260402T122010Z,2026-04-02T12:20:11Z,2026-04-02T12:20:10Z,2026-04-02T12:00:00Z,2026-04-02T12:30:00Z,live,ok,live_endpoint,,TTC-PULSE/alerts/raw_snapshots/alerts_20260402T122010Z.pb,TTC-PULSE/alerts/raw_snapshots/alerts_20260402T122010Z.pb,1843,530feb0ff5668fa4735c6758a9ac97b357c3d3e811021ae66ba3ba81016830cb,
alerts_sidecar_20260402T122010Z,2026-04-02T12:20:11Z,2026-04-02T12:20:10Z,2026-04-02T12:00:00Z,2026-04-02T12:30:00Z,live,ok,live_endpoint,,TTC-PULSE/alerts/raw_snapshots/alerts_20260402T122010Z.pb,TTC-PULSE/alerts/raw_snapshots/alerts_20260402T122010Z.pb,3752,4fc18c8cfb21fed2593481ba57cc85d5044e1d9b3bb47c28d91a61b44028ac14,
alerts_sidecar_20260402T122040Z,2026-04-02T12:20:41Z,2026-04-02T12:20:40Z,2026-04-02T12:00:00Z,2026-04-02T12:30:00Z,live,ok,live_endpoint,,TTC-PULSE/alerts/raw_snapshots/alerts_20260402T122040Z.pb,TTC-PULSE/alerts/raw_snapshots/alerts_20260402T122040Z.pb,8716,bfd1eeef94c2d4e212ab5defd6569a7a2aeceb9ef0c5294f3ebed40f38bc5cfe,
alerts_sidecar_20260402T122040Z,2026-04-02T12:20:41Z,2026-04-02T12:20:40Z,2026-04-02T12:00:00Z,2026-04-02T12:30:00Z,live,ok,live_endpoint,,TTC-PULSE/alerts/raw_snapshots/alerts_20260402T122040Z.pb,TTC-PULSE/alerts/raw_snapshots/alerts_20260402T122040Z.pb,1843,b2db602d70238cdbef3e3c176454932cad92d2d2dec52d920da961a3e36b3265,
alerts_sidecar_20260402T122040Z,2026-04-02T12:20:41Z,2026-04-02T12:20:40Z,2026-04-02T12:00:00Z,2026-04-02T12:30:00Z,live,ok,live_endpoint,,TTC-PULSE/alerts/raw_snapshots/alerts_20260402T122040Z.pb,TTC-PULSE/alerts/raw_snapshots/alerts_20260402T122040Z.pb,2152,9be95bd095258c0720187f2cb987373d95963e4cc3ee721688e7c2a7b633ec44,
alerts_sidecar_20260402T122110Z,2026-04-02T12:21:11Z,2026-04-02T12:21:10Z,2026-04-02T12:00:00Z,2026-04-02T12:30:00Z,live,ok,live_endpoint,,TTC-PULSE/alerts/raw_snapshots/alerts_20260402T122110Z.pb,TTC-PULSE/alerts/raw_snapshots/alerts_20260402T122110Z.pb,8716,74ae992e9660fc918d9397ba030c9097a1e323eb372729738545c89a2a3e0741,
alerts_sidecar_20260402T122110Z,2026-04-02T12:21:11Z,2026-04-02T12:21:10Z,2026-04-02T12:00:00Z,2026-04-02T12:30:00Z,live,ok,live_endpoint,,TTC-PULSE/alerts/raw_snapshots/alerts_20260402T122110Z.pb,TTC-PULSE/alerts/raw_snapshots/alerts_20260402T122110Z.pb,1843,3b06979ba9f48998d7064da689d5e61a4b61fc82f6191e1d086a2d4651cd6e09,
alerts_sidecar_20260402T122110Z,2026-04-02T12:21:11Z,2026-04-02T12:21:10Z,2026-04-02T12:00:00Z,2026-04-02T12:30:00Z,live,ok,live_endpoint,,TTC-PULSE/alerts/raw_snapshots/alerts_20260402T122110Z.pb,TTC-PULSE/alerts/raw_snapshots/alerts_20260402T122110Z.pb,2152,7f2b9e0047ee86b9ddb58a1add1fe61a3260bd1153a6955dcc9e6d1ae99ee91e,
alerts_sidecar_20260402T122140Z,2026-04-02T12:21:41Z,2026-04-02T12:21:40Z,2026-04-02T12:00:00Z,2026-04-02T12:30:00Z,live,ok,live_endpoint,,TTC-PULSE/alerts/raw_snapshots/alerts_20260402T122140Z.pb,TTC-PULSE/alerts/raw_snapshots/alerts_20260402T122140Z.pb,8716,f58c3df4b6bb6be0b4e3c52473b630d718a5083779eb0f5f97a3438163c61259,
alerts_sidecar_20260402T122140Z,2026-04-02T12:21:41Z,2026-04-02T12:21:40Z,2026-04-02T12:00:00Z,2026-04-02T12:30:00Z,live,ok,live_endpoint,,TTC-PULSE/alerts/raw_snapshots/alerts_20260402T122140Z.pb,TTC-PULSE/alerts/raw_snapshots/alerts_20260402T122140Z.pb,1843,30a04cb009139a8486491886c0a355459a39dc9cd2be9fa08ce9cc06a81a7673,
alerts_sidecar_20260402T122140Z,2026-04-02T12:21:41Z,2026-04-02T12:21:40Z,2026-04-02T12:00:00Z,2026-04-02T12:30:00Z,live,ok,live_endpoint,,TTC-PULSE/alerts/raw_snapshots/alerts_20260402T122140Z.pb,TTC-PULSE/alerts/raw_snapshots/alerts_20260402T122140Z.pb,2152,f775cc82b0f7e424c71e426af37c9d37f5744bb5e508461b396d002f25e6c6f7,
alerts_sidecar_20260402T122210Z,2026-04-02T12:22:11Z,2026-04-02T12:22:10Z,2026-04-02T12:00:00Z,2026-04-02T12:30:00Z,live,ok,live_endpoint,,TTC-PULSE/alerts/raw_snapshots/alerts_20260402T122210Z.pb,TTC-PULSE/alerts/raw_snapshots/alerts_20260402T122210Z.pb,8716,80b4ee96ea86c78e9f445736de085a243f7b08a2dac7b391975dc7a98e4a3114,
alerts_sidecar_20260402T122210Z,2026-04-02T12:22:11Z,2026-04-02T12:22:10Z,2026-04-02T12:00:00Z,2026-04-02T12:30:00Z,live,ok,live_endpoint,,TTC-PULSE/alerts/raw_snapshots/alerts_20260402T122210Z.pb,TTC-PULSE/alerts/raw_snapshots/alerts_20260402T122210Z.pb,1843,49bb9dcdf5f5c4fb9db89ebc08ee1fb98e889ca8b24d664c491d1c6fa8d7ce9e,
alerts_sidecar_20260402T122210Z,2026-04-02T12:22:11Z,2026-04-02T12:22:10Z,2026-04-02T12:00:00Z,2026-04-02T12:30:00Z,live,ok,live_endpoint,,TTC-PULSE/alerts/raw_snapshots/alerts_20260402T122210Z.pb,TTC-PULSE/alerts/raw_snapshots/alerts_20260402T122210Z.pb,2152,15cea3ba154217a54d73cf4e7dd71ada630ff77154c29dfcda76a4d87b17b59e,
alerts_sidecar_20260402T122240Z,2026-04-02T12:22:41Z,2026-04-02T12:22:40Z,2026-04-02T12:00:00Z,2026-04-02T12:30:00Z,live,ok,live_endpoint,,TTC-PULSE/alerts/raw_snapshots/alerts_20260402T122240Z.pb,TTC-PULSE/alerts/raw_snapshots/alerts_20260402T122240Z.pb,8716,852548e9ad20c6d3de819b3d25199a825697c27387611099b25f43b155fca984,
alerts_sidecar_20260402T122240Z,2026-04-02T12:22:41Z,2026-04-02T12:22:40Z,2026-04-02T12:00:00Z,2026-04-02T12:30:00Z,live,ok,live_endpoint,,TTC-PULSE/alerts/raw_snapshots/alerts_20260402T122240Z.pb,TTC-PULSE/alerts/raw_snapshots/alerts_20260402T122240Z.pb,1843,9c7b5086c6440b3f3d733257c57d8b2da434e756689f8abf0c8f622504f4e657,
alerts_sidecar_20260402T122240Z,2026-04-02T12:22:41Z,2026-04-02T12:22:40Z,2026-04-02T12:00:00Z,2026-04-02T12:30:00Z,live,ok,live_endpoint,,TTC-PULSE/alerts/raw_snapshots/alerts_20260402T122240Z.pb,TTC-PULSE/alerts/raw_snapshots/alerts_20260402T122240Z.pb,2152,08838609462a1085878ed9e1a9b046bd34045c79ac6dd8c27a16a907410d9a00,
alerts_sidecar_20260402T122310Z,2026-04-02T12:23:11Z,2026-04-02T12:23:10Z,2026-04-02T12:00:00Z,2026-04-02T12:30:00Z,live,ok,live_endpoint,,TTC-PULSE/alerts/raw_snapshots/alerts_20260402T122310Z.pb,TTC-PULSE/alerts/raw_snapshots/alerts_20260402T122310Z.pb,8716,7ff7bc32c54fad3694252f64904efbf384abf08504b0a250435bf83508990340,
alerts_sidecar_20260402T122310Z,2026-04-02T12:23:11Z,2026-04-02T12:23:10Z,2026-04-02T12:00:00Z,2026-04-02T12:30:00Z,live,ok,live_endpoint,,TTC-PULSE/alerts/raw_snapshots/alerts_20260402T122310Z.pb,TTC-PULSE/alerts/raw_snapshots/alerts_20260402T122310Z.pb,1843,bb2b1699223fe4079fe02c15e26bf4ad900280ba5e7db014c8cabe656c744947,
alerts_sidecar_20260402T122310Z,2026-04-02T12:23:11Z,2026-04-02T12:23:10Z,2026-04-02T12:00:00Z,2026-04-02T12:30:00Z,live,ok,live_endpoint,,TTC-PULSE/alerts/raw_snapshots/alerts_20260402T122310Z.pb,TTC-PULSE/alerts/raw_snapshots/alerts_20260402T122310Z.pb,2152,6d67dda81dd73d45ca443e5be49d5305d7f8172aa26703d671f2642a26d1346c,
alerts_sidecar_20260402T122340Z,2026-04-02T12:23:41Z,2026-04-02T12:23:40Z,2026-04-02T12:00:00Z,2026-04-02T12:30:00Z,live,ok,live_endpoint,,TTC-PULSE/alerts/raw_snapshots/alerts_20260402T122340Z.pb,TTC-PULSE/alerts/raw_snapshots/alerts_20260402T122340Z.pb,8716,021cbf86d67cf8199492aa4c96851508f239cb6c00bf91ba5e65a2a3ccf06a8c,
alerts_sidecar_20260402T122340Z,2026-04-02T12:23:41Z,2026-04-02T12:23:40Z,2026-04-02T12:00:00Z,2026-04-02T12:30:00Z,live,ok,live_endpoint,,TTC-PULSE/alerts/raw_snapshots/alerts_20260402T122340Z.pb,TTC-PULSE/alerts/raw_snapshots/alerts_20260402T122340Z.pb,1843,f000c6eb87e258415911942fae3ead76e24a38128bac9e6b6925028c48a2d12e,
alerts_sidecar_20260402T122340Z,2026-04-02T12:23:41Z,2026-04-02T12:23:40Z,2026-04-02T12:00:00Z,2026-04-02T12:30:00Z,live,ok,live_endpoint,,TTC-PULSE/alerts/raw_snapshots/alerts_20260402T122340Z.pb,TTC-PULSE/alerts/raw_snapshots/alerts_20260402T122340Z.pb,2152,032fa4effdf6ef3e2d36b85fbb613ccdf18216040230ef5ee6a320de94b2b27b,
alerts_sidecar_20260402T122410Z,2026-04-02T12:24:11Z,2026-04-02T12:24:10Z,2026-04-02T12:00:00Z,2026-04-02T12:30:00Z,live,ok,live_endpoint,,TTC-PULSE/alerts/raw_snapshots/alerts_20260402T122410Z.pb,TTC-PULSE/alerts/raw_snapshots/alerts_20260402T122410Z.pb,8716,86fa9915ff544135af0c26731e30f7f784116138d04ef6645f38c99e7d6f0c82,
alerts_sidecar_20260402T122410Z,2026-04-02T12:24:11Z,2026-04-02T12:24:10Z,2026-04-02T12:00:00Z,2026-04-02T12:30:00Z,live,ok,live_endpoint,,TTC-PULSE/alerts/raw_snapshots/alerts_20260402T122410Z.pb,TTC-PULSE/alerts/raw_snapshots/alerts_20260402T122410Z.pb,1843,f74e77824efd149cef2405cc6f06594dbd584e82581c65537ec4448e6cfb8f14,
alerts_sidecar_20260402T122410Z,2026-04-02T12:24:11Z,2026-04-02T12:24:10Z,2026-04-02T12:00:00Z,2026-04-02T12:30:00Z,live,ok,live_endpoint,,TTC-PULSE/alerts/raw_snapshots/alerts_20260402T122410Z.pb,TTC-PULSE/alerts/raw_snapshots/alerts_20260402T122410Z.pb,2152,305fb1dcd7ee3deae3e28672c0c734ea88a03bfae699dba5a171489fceee679f,
alerts_sidecar_20260402T122440Z,2026-04-02T12:24:41Z,2026-04-02T12:24:40Z,2026-04-02T12:00:00Z,2026-04-02T12:30:00Z,live,ok,live_endpoint,,TTC-PULSE/alerts/raw_snapshots/alerts_20260402T122440Z.pb,TTC-PULSE/alerts/raw_snapshots/alerts_20260402T122440Z.pb,8716,dcb2e8da91ca63a6443a354b311089550e2b849fb1bcef6e8f6b230687f32dcb,
alerts_sidecar_20260402T122440Z,2026-04-02T12:24:41Z,2026-04-02T12:24:40Z,2026-04-02T12:00:00Z,2026-04-02T12:30:00Z,live,ok,live_endpoint,,TTC-PULSE/alerts/raw_snapshots/alerts_20260402T122440Z.pb,TTC-PULSE/alerts/raw_snapshots/alerts_20260402T122440Z.pb,1843,47e98ab9107eea8770515c0a7fae0a297695c8a72bb293ed1b01b08ad8b460db,
alerts_sidecar_20260402T122440Z,2026-04-02T12:24:41Z,2026-04-02T12:24:40Z,2026-04-02T12:00:00Z,2026-04-02T12:30:00Z,live,ok,live_endpoint,,TTC-PULSE/alerts/raw_snapshots/alerts_20260402T122440Z.pb,TTC-PULSE/alerts/raw_snapshots/alerts_20260402T122440Z.pb,2152,ce0e7a39f8a375819a20f0599e894aa6ba92fafd20f4be8a15177147f8e98e2c,
alerts_sidecar_20260402T122510Z,2026-04-02T12:25:11Z,2026-04-02T12:25:10Z,2026-04-02T12:00:00Z,2026-04-02T12:30:00Z,live,ok,live_endpoint,,TTC-PULSE/alerts/raw_snapshots/alerts_20260402T122510Z.pb,TTC-PULSE/alerts/raw_snapshots/alerts_20260402T122510Z.pb,8716,37a6e2b630d85b4e99530a34788e4f703b7969dc545fa02b4051b4d6f2427e89,
alerts_sidecar_20260402T122510Z,2026-04-02T12:25:11Z,2026-04-02T12:25:10Z,2026-04-02T12:00:00Z,2026-04-02T12:30:00Z,live,ok,live_endpoint,,TTC-PULSE/alerts/raw_snapshots/alerts_20260402T122510Z.pb,TTC-PULSE/alerts/raw_snapshots/alerts_20260402T122510Z.pb,1843,5f7b078203aaa6d4003df07dd30f66f6b40e405643dcf6ae06b8fa41d39159e3,
alerts_sidecar_20260402T122510Z,2026-04-02T12:25:11Z,2026-04-02T12:25:10Z,2026-04-02T12:00:00Z,2026-04-02T12:30:00Z,live,ok,live_endpoint,,TTC-PULSE/alerts/raw_snapshots/alerts_20260402T122510Z.pb,TTC-PULSE/alerts/raw_snapshots/alerts_20260402T122510Z.pb,2152,7afae60b4339c6ea6347e2b705206aebb63eb14c6ddf6c58ad5ab4c6af5ddb50,
alerts_sidecar_20260402T122540Z,2026-04-02T12:25:41Z,2026-04-02T12:25:40Z,2026-04-02T12:00:00Z,2026-04-02T12:30:00Z,live,ok,live_endpoint,,TTC-PULSE/alerts/raw_snapshots/alerts_20260402T122540Z.pb,TTC-PULSE/alerts/raw_snapshots/alerts_20260402T122540Z.pb,8716,27a14d3bcdbcf56c598c32621a913c0bdab4ecd534079bea278a53dde610d0ea,
alerts_sidecar_20260402T122540Z,2026-04-02T12:25:41Z,2026-04-02T12:25:40Z,2026-04-02T12:00:00Z,2026-04-02T12:30:00Z,live,ok,live_endpoint,,TTC-PULSE/alerts/raw_snapshots/alerts_20260402T122540Z.pb,TTC-PULSE/alerts/raw_snapshots/alerts_20260402T122540Z.pb,1843,38995757979a378684ba5c556784df75ce2eec3e101eedac0ab1c8f4cbb7f418,
alerts_sidecar_20260402T122540Z,2026-04-02T12:25:41Z,2026-04-02T12:25:40Z,2026-04-02T12:00:00Z,2026-04-02T12:30:00Z,live,ok,live_endpoint,,TTC-PULSE/alerts/raw_snapshots/alerts_20260402T122540Z.pb,TTC-PULSE/alerts/raw_snapshots/alerts_20260402T122540Z.pb,2152,eb6269f6db7b84743b3aadad2896125c9611f9f9169693291d614ac06708bc18,
alerts_sidecar_20260402T122610Z,2026-04-02T12:26:11Z,2026-04-02T12:26:10Z,2026-04-02T12:00:00Z,2026-04-02T12:30:00Z,live,ok,live_endpoint,,TTC-PULSE/alerts/raw_snapshots/alerts_20260402T122610Z.pb,TTC-PULSE/alerts/raw_snapshots/alerts_20260402T122610Z.pb,8716,02f8327d1b7d70ff92c6063110fc4d5e0d0958e475f4e81da5bc37df36114fa2,
alerts_sidecar_20260402T122610Z,2026-04-02T12:26:11Z,2026-04-02T12:26:10Z,2026-04-02T12:00:00Z,2026-04-02T12:30:00Z,live,ok,live_endpoint,,TTC-PULSE/alerts/raw_snapshots/alerts_20260402T122610Z.pb,TTC-PULSE/alerts/raw_snapshots/alerts_20260402T122610Z.pb,1843,0544962ef5dbf8974e53a0725860ad53bd5849e677b193dd411e9627180fe590,
alerts_sidecar_20260402T122610Z,2026-04-02T12:26:11Z,2026-04-02T12:26:10Z,2026-04-02T12:00:00Z,2026-04-02T12:30:00Z,live,ok,live_endpoint,,TTC-PULSE/alerts/raw_snapshots/alerts_20260402T122610Z.pb,TTC-PULSE/alerts/raw_snapshots/alerts_20260402T122610Z.pb,2152,70208f3e820f24c97055dfb7ea0f487ce1e51419ad361da4186959246691128b,
alerts_sidecar_20260402T122640Z,2026-04-02T12:26:41Z,2026-04-02T12:26:40Z,2026-04-02T12:00:00Z,2026-04-02T12:30:00Z,live,ok,live_endpoint,,TTC-PULSE/alerts/raw_snapshots/alerts_20260402T122640Z.pb,TTC-PULSE/alerts/raw_snapshots/alerts_20260402T122640Z.pb,8716,5628517e7a0ee2e0e67494d187fab1366f95a808de6a81d9b5be93f1034fbbd1,
alerts_sidecar_20260402T122640Z,2026-04-02T12:26:42Z,2026-04-02T12:26:40Z,2026-04-02T12:00:00Z,2026-04-02T12:30:00Z,live,ok,live_endpoint,,TTC-PULSE/alerts/raw_snapshots/alerts_20260402T122640Z.pb,TTC-PULSE/alerts/raw_snapshots/alerts_20260402T122640Z.pb,1843,825778c17ed675be1285e422790e7b875bef8ae37674431672215ceb78b97419,
alerts_sidecar_20260402T122640Z,2026-04-02T12:26:42Z,2026-04-02T12:26:40Z,2026-04-02T12:00:00Z,2026-04-02T12:30:00Z,live,ok,live_endpoint,,TTC-PULSE/alerts/raw_snapshots/alerts_20260402T122640Z.pb,TTC-PULSE/alerts/raw_snapshots/alerts_20260402T122640Z.pb,2152,b829c68ed22c8e447e95643ab08b46e1f86b34c87e1ab81f0f3ad5b0352828c0,
alerts_sidecar_20260402T122710Z,2026-04-02T12:27:11Z,2026-04-02T12:27:10Z,2026-04-02T12:00:00Z,2026-04-02T12:30:00Z,live,ok,live_endpoint,,TTC-PULSE/alerts/raw_snapshots/alerts_20260402T122710Z.pb,TTC-PULSE/alerts/raw_snapshots/alerts_20260402T122710Z.pb,8716,b4a5c9cef4ffab817adde55e2c58271c5be499bf939643e995785dfbc5be2188,
alerts_sidecar_20260402T122710Z,2026-04-02T12:27:11Z,2026-04-02T12:27:10Z,2026-04-02T12:00:00Z,2026-04-02T12:30:00Z,live,ok,live_endpoint,,TTC-PULSE/alerts/raw_snapshots/alerts_20260402T122710Z.pb,TTC-PULSE/alerts/raw_snapshots/alerts_20260402T122710Z.pb,1843,590db0d8ae9df95e74d6559782e058fe4d8e5f5298a204d5f4c8c002256c5aa6,
alerts_sidecar_20260402T122710Z,2026-04-02T12:27:11Z,2026-04-02T12:27:10Z,2026-04-02T12:00:00Z,2026-04-02T12:30:00Z,live,ok,live_endpoint,,TTC-PULSE/alerts/raw_snapshots/alerts_20260402T122710Z.pb,TTC-PULSE/alerts/raw_snapshots/alerts_20260402T122710Z.pb,2152,12a6d6ccd5f5413c74e25d28c4439949bfa7813295a0366453e30dba4984847c,
alerts_sidecar_20260402T122740Z,2026-04-02T12:27:41Z,2026-04-02T12:27:40Z,2026-04-02T12:00:00Z,2026-04-02T12:30:00Z,live,ok,live_endpoint,,TTC-PULSE/alerts/raw_snapshots/alerts_20260402T122740Z.pb,TTC-PULSE/alerts/raw_snapshots/alerts_20260402T122740Z.pb,8716,d9216cd71e7997c3be3ab8cb9f833f021669bf60ac3ab0c1d455a56e7a9906e4,
alerts_sidecar_20260402T122740Z,2026-04-02T12:27:41Z,2026-04-02T12:27:40Z,2026-04-02T12:00:00Z,2026-04-02T12:30:00Z,live,ok,live_endpoint,,TTC-PULSE/alerts/raw_snapshots/alerts_20260402T122740Z.pb,TTC-PULSE/alerts/raw_snapshots/alerts_20260402T122740Z.pb,1843,6ec4ddc0090a2c52aa70e28b7605f22fcd2729abeb69ac9918e854e41f1fd74a,
alerts_sidecar_20260402T122740Z,2026-04-02T12:27:41Z,2026-04-02T12:27:40Z,2026-04-02T12:00:00Z,2026-04-02T12:30:00Z,live,ok,live_endpoint,,TTC-PULSE/alerts/raw_snapshots/alerts_20260402T122740Z.pb,TTC-PULSE/alerts/raw_snapshots/alerts_20260402T122740Z.pb,2152,388a25b3f1ae18094655716103ef37832915db2c884f97a73d63c7a2d71a17ed,
alerts_sidecar_20260402T122810Z,2026-04-02T12:28:11Z,2026-04-02T12:28:10Z,2026-04-02T12:00:00Z,2026-04-02T12:30:00Z,live,ok,live_endpoint,,TTC-PULSE/alerts/raw_snapshots/alerts_20260402T122810Z.pb,TTC-PULSE/alerts/raw_snapshots/alerts_20260402T122810Z.pb,8716,b6a4010f76f6478ec0517b2a1067f3ad74f1429e1a1da8ced73efc9432cf888b,
alerts_sidecar_20260402T122810Z,2026-04-02T12:28:11Z,2026-04-02T12:28:10Z,2026-04-02T12:00:00Z,2026-04-02T12:30:00Z,live,ok,live_endpoint,,TTC-PULSE/alerts/raw_snapshots/alerts_20260402T122810Z.pb,TTC-PULSE/alerts/raw_snapshots/alerts_20260402T122810Z.pb,1843,d7ec0c1e2ac5c59ea460053e96ba911cb6c474896c08147b16dad3b4afc2be90,
alerts_sidecar_20260402T122810Z,2026-04-02T12:28:11Z,2026-04-02T12:28:10Z,2026-04-02T12:00:00Z,2026-04-02T12:30:00Z,live,ok,live_endpoint,,TTC-PULSE/alerts/raw_snapshots/alerts_20260402T122810Z.pb,TTC-PULSE/alerts/raw_snapshots/alerts_20260402T122810Z.pb,2152,b25bf76679a97c17c3040864e4b0191f850e5228c091799411ec958137d483bc,
alerts_sidecar_20260402T122840Z,2026-04-02T12:28:41Z,2026-04-02T12:28:40Z,2026-04-02T12:00:00Z,2026-04-02T12:30:00Z,live,ok,live_endpoint,,TTC-PULSE/alerts/raw_snapshots/alerts_20260402T122840Z.pb,TTC-PULSE/alerts/raw_snapshots/alerts_20260402T122840Z.pb,8716,93626aa1c9709e3c585b57bc909ab83b7be2289f164399470c4892283a881525,
alerts_sidecar_20260402T122840Z,2026-04-02T12:28:41Z,2026-04-02T12:28:40Z,2026-04-02T12:00:00Z,2026-04-02T12:30:00Z,live,ok,live_endpoint,,TTC-PULSE/alerts/raw_snapshots/alerts_20260402T122840Z.pb,TTC-PULSE/alerts/raw_snapshots/alerts_20260402T122840Z.pb,1843,c311cfdf5213072c1981a3e2f528fb8b357daf0a9005bbf44f5fbfec682d649c,
alerts_sidecar_20260402T122840Z,2026-04-02T12:28:42Z,2026-04-02T12:28:40Z,2026-04-02T12:00:00Z,2026-04-02T12:30:00Z,live,ok,live_endpoint,,TTC-PULSE/alerts/raw_snapshots/alerts_20260402T122840Z.pb,TTC-PULSE/alerts/raw_snapshots/alerts_20260402T122840Z.pb,2152,d925c9538211c0497456540abeb8a5edf917319676eed8cb6be8d66e42774e90,
alerts_sidecar_20260402T122910Z,2026-04-02T12:29:11Z,2026-04-02T12:29:10Z,2026-04-02T12:00:00Z,2026-04-02T12:30:00Z,live,ok,live_endpoint,,TTC-PULSE/alerts/raw_snapshots/alerts_20260402T122910Z.pb,TTC-PULSE/alerts/raw_snapshots/alerts_20260402T122910Z.pb,8716,4802daaffd3bc2613b315c29ea1a6d3a6e2e608fca08f9867db9539849213a28,
alerts_sidecar_20260402T122910Z,2026-04-02T12:29:11Z,2026-04-02T12:29:10Z,2026-04-02T12:00:00Z,2026-04-02T12:30:00Z,live,ok,live_endpoint,,TTC-PULSE/alerts/raw_snapshots/alerts_20260402T122910Z.pb,TTC-PULSE/alerts/raw_snapshots/alerts_20260402T122910Z.pb,1843,5b33b53135a5d843e94674b684544ebc3d54b7e2b5b9c80b79d150b2864873ce,
alerts_sidecar_20260402T122910Z,2026-04-02T12:29:11Z,2026-04-02T12:29:10Z,2026-04-02T12:00:00Z,2026-04-02T12:30:00Z,live,ok,live_endpoint,,TTC-PULSE/alerts/raw_snapshots/alerts_20260402T122910Z.pb,TTC-PULSE/alerts/raw_snapshots/alerts_20260402T122910Z.pb,2152,95c4e0196c9ff1b2b620ef6315ffd6892d452fe2f715d5c1c65074fc96ec7bf2,
alerts_sidecar_20260402T122940Z,2026-04-02T12:29:41Z,2026-04-02T12:29:40Z,2026-04-02T12:00:00Z,2026-04-02T12:30:00Z,live,ok,live_endpoint,,TTC-PULSE/alerts/raw_snapshots/alerts_20260402T122940Z.pb,TTC-PULSE/alerts/raw_snapshots/alerts_20260402T122940Z.pb,8716,caa653f2e0594749acd9e0278c3e8b167f73ed02255d9f548c076816232b99a1,
alerts_sidecar_20260402T122940Z,2026-04-02T12:29:41Z,2026-04-02T12:29:40Z,2026-04-02T12:00:00Z,2026-04-02T12:30:00Z,live,ok,live_endpoint,,TTC-PULSE/alerts/raw_snapshots/alerts_20260402T122940Z.pb,TTC-PULSE/alerts/raw_snapshots/alerts_20260402T122940Z.pb,1843,045d27f83005d4680fee64428e953a4d657472535f0904b9fb34af61d574acad,
alerts_sidecar_20260402T122940Z,2026-04-02T12:29:41Z,2026-04-02T12:29:40Z,2026-04-02T12:00:00Z,2026-04-02T12:30:00Z,live,ok,live_endpoint,,TTC-PULSE/alerts/raw_snapshots/alerts_20260402T122940Z.pb,TTC-PULSE/alerts/raw_snapshots/alerts_20260402T122940Z.pb,2152,7a4ccb66fcdadd7d0d922130ca385d618249b26a743dd46acb5094231ea8b9a5,
alerts_sidecar_20260402T123010Z,2026-04-02T12:30:11Z,2026-04-02T12:30:10Z,2026-04-02T12:30:00Z,2026-04-02T13:00:00Z,live,ok,live_endpoint,,TTC-PULSE/alerts/raw_snapshots/alerts_20260402T123010Z.pb,TTC-PULSE/alerts/raw_snapshots/alerts_20260402T123010Z.pb,8716,0a40e037ca0d8e8b640b433d9a737772731561dae0a740c11587e1583d82e0fd,
alerts_sidecar_20260402T123010Z,2026-04-02T12:30:11Z,2026-04-02T12:30:10Z,2026-04-02T12:30:00Z,2026-04-02T13:00:00Z,live,ok,live_endpoint,,TTC-PULSE/alerts/raw_snapshots/alerts_20260402T123010Z.pb,TTC-PULSE/alerts/raw_snapshots/alerts_20260402T123010Z.pb,1843,0ce68e741bc73b2280739d3e9f470628efd9322db334603207b2ddd2fad685bc,
alerts_sidecar_20260402T123010Z,2026-04-02T12:30:11Z,2026-04-02T12:30:10Z,2026-04-02T12:30:00Z,2026-04-02T13:00:00Z,live,ok,live_endpoint,,TTC-PULSE/alerts/raw_snapshots/alerts_20260402T123010Z.pb,TTC-PULSE/alerts/raw_snapshots/alerts_20260402T123010Z.pb,2152,4e5f24077939223beb351d5fc78c548e1d37a2a590a4f0277578b939cf9259ab,
alerts_sidecar_20260402T123040Z,2026-04-02T12:30:42Z,2026-04-02T12:30:40Z,2026-04-02T12:30:00Z,2026-04-02T13:00:00Z,live,ok,live_endpoint,,TTC-PULSE/alerts/raw_snapshots/alerts_20260402T123040Z.pb,TTC-PULSE/alerts/raw_snapshots/alerts_20260402T123040Z.pb,8716,685d445e449b1b9fa96d379f8fda77ef4651c14d212fa71359e64a7ed6dda693,
alerts_sidecar_20260402T123040Z,2026-04-02T12:30:42Z,2026-04-02T12:30:40Z,2026-04-02T12:30:00Z,2026-04-02T13:00:00Z,live,ok,live_endpoint,,TTC-PULSE/alerts/raw_snapshots/alerts_20260402T123040Z.pb,TTC-PULSE/alerts/raw_snapshots/alerts_20260402T123040Z.pb,1843,35b6d8b26283b607abe46a083e6a252a483a2a605f21a170fdbd1478f1e14b5f,
alerts_sidecar_20260402T123040Z,2026-04-02T12:30:42Z,2026-04-02T12:30:40Z,2026-04-02T12:30:00Z,2026-04-02T13:00:00Z,live,ok,live_endpoint,,TTC-PULSE/alerts/raw_snapshots/alerts_20260402T123040Z.pb,TTC-PULSE/alerts/raw_snapshots/alerts_20260402T123040Z.pb,2152,d0ce276190a2f1c184c9f5de4aaa451731244ddfcfdab6e8d82ceb1d26dd768f,
alerts_sidecar_20260402T123110Z,2026-04-02T12:31:11Z,2026-04-02T12:31:10Z,2026-04-02T12:30:00Z,2026-04-02T13:00:00Z,live,ok,live_endpoint,,TTC-PULSE/alerts/raw_snapshots/alerts_20260402T123110Z.pb,TTC-PULSE/alerts/raw_snapshots/alerts_20260402T123110Z.pb,8716,674a5e29910c40a77a1595095aa3640c1cad608b6f16e859d248b9a127a57642,
alerts_sidecar_20260402T123110Z,2026-04-02T12:31:11Z,2026-04-02T12:31:10Z,2026-04-02T12:30:00Z,2026-04-02T13:00:00Z,live,ok,live_endpoint,,TTC-PULSE/alerts/raw_snapshots/alerts_20260402T123110Z.pb,TTC-PULSE/alerts/raw_snapshots/alerts_20260402T123110Z.pb,1843,dd41498ec787035106f0922e2fe641a5d7d9b3349f299e3c5a14d26b5af5a3cf,
alerts_sidecar_20260402T123110Z,2026-04-02T12:31:11Z,2026-04-02T12:31:10Z,2026-04-02T12:30:00Z,2026-04-02T13:00:00Z,live,ok,live_endpoint,,TTC-PULSE/alerts/raw_snapshots/alerts_20260402T123110Z.pb,TTC-PULSE/alerts/raw_snapshots/alerts_20260402T123110Z.pb,2152,28be1a5ed1a49380020258924382eccbe0fca9801dec8e68ba185a64756f3604,
alerts_sidecar_20260402T123140Z,2026-04-02T12:31:41Z,2026-04-02T12:31:40Z,2026-04-02T12:30:00Z,2026-04-02T13:00:00Z,live,ok,live_endpoint,,TTC-PULSE/alerts/raw_snapshots/alerts_20260402T123140Z.pb,TTC-PULSE/alerts/raw_snapshots/alerts_20260402T123140Z.pb,8716,f0f601b023bb4de7135429c0f407a68868e4bcd7ac241da71723a334edec150f,
alerts_sidecar_20260402T123140Z,2026-04-02T12:31:42Z,2026-04-02T12:31:40Z,2026-04-02T12:30:00Z,2026-04-02T13:00:00Z,live,ok,live_endpoint,,TTC-PULSE/alerts/raw_snapshots/alerts_20260402T123140Z.pb,TTC-PULSE/alerts/raw_snapshots/alerts_20260402T123140Z.pb,1843,74aa5629a4e9f2b937ec78665e5fa5072cedbb39f63752e6f1a6d9af35953a78,
alerts_sidecar_20260402T123140Z,2026-04-02T12:31:42Z,2026-04-02T12:31:40Z,2026-04-02T12:30:00Z,2026-04-02T13:00:00Z,live,ok,live_endpoint,,TTC-PULSE/alerts/raw_snapshots/alerts_20260402T123140Z.pb,TTC-PULSE/alerts/raw_snapshots/alerts_20260402T123140Z.pb,2152,d4f075983a6c7af2d2d15705d0dee67e48644c2665f144adeb97c42cedb53cd6,
alerts_sidecar_20260402T123210Z,2026-04-02T12:32:11Z,2026-04-02T12:32:10Z,2026-04-02T12:30:00Z,2026-04-02T13:00:00Z,live,ok,live_endpoint,,TTC-PULSE/alerts/raw_snapshots/alerts_20260402T123210Z.pb,TTC-PULSE/alerts/raw_snapshots/alerts_20260402T123210Z.pb,8716,e8994be9816b13ed598057529171dd74d2b2e813ee9fd1c6fd06501a796d2216,
alerts_sidecar_20260402T123210Z,2026-04-02T12:32:11Z,2026-04-02T12:32:10Z,2026-04-02T12:30:00Z,2026-04-02T13:00:00Z,live,ok,live_endpoint,,TTC-PULSE/alerts/raw_snapshots/alerts_20260402T123210Z.pb,TTC-PULSE/alerts/raw_snapshots/alerts_20260402T123210Z.pb,1843,b15a58e86c07da5600bc3b0cafa7b09a5a4edb56bf61b92727149dbdefadc639,
alerts_sidecar_20260402T123210Z,2026-04-02T12:32:11Z,2026-04-02T12:32:10Z,2026-04-02T12:30:00Z,2026-04-02T13:00:00Z,live,ok,live_endpoint,,TTC-PULSE/alerts/raw_snapshots/alerts_20260402T123210Z.pb,TTC-PULSE/alerts/raw_snapshots/alerts_20260402T123210Z.pb,2152,b85d4bbdbd2210f88c92c16d54c5c3d285fa5b9f9f1407e3c8ce93d327e67a05,
alerts_sidecar_20260402T123240Z,2026-04-02T12:32:41Z,2026-04-02T12:32:40Z,2026-04-02T12:30:00Z,2026-04-02T13:00:00Z,live,ok,live_endpoint,,TTC-PULSE/alerts/raw_snapshots/alerts_20260402T123240Z.pb,TTC-PULSE/alerts/raw_snapshots/alerts_20260402T123240Z.pb,8716,821c53f38320284c062ed442065f51eea914bf5f3353ce0337b3d3a02ae0e291,
alerts_sidecar_20260402T123240Z,2026-04-02T12:32:41Z,2026-04-02T12:32:40Z,2026-04-02T12:30:00Z,2026-04-02T13:00:00Z,live,ok,live_endpoint,,TTC-PULSE/alerts/raw_snapshots/alerts_20260402T123240Z.pb,TTC-PULSE/alerts/raw_snapshots/alerts_20260402T123240Z.pb,1843,f690ba3f3ab1eb7b0a8221559d45cec3b4570f0712eea71fc3af2f4eab76e60d,
alerts_sidecar_20260402T123240Z,2026-04-02T12:32:41Z,2026-04-02T12:32:40Z,2026-04-02T12:30:00Z,2026-04-02T13:00:00Z,live,ok,live_endpoint,,TTC-PULSE/alerts/raw_snapshots/alerts_20260402T123240Z.pb,TTC-PULSE/alerts/raw_snapshots/alerts_20260402T123240Z.pb,2152,4cd04fb5756f4bdf70a0f3fb4be869613de25946eb24091082c605fc9153d207,
alerts_sidecar_20260402T123310Z,2026-04-02T12:33:11Z,2026-04-02T12:33:10Z,2026-04-02T12:30:00Z,2026-04-02T13:00:00Z,live,ok,live_endpoint,,TTC-PULSE/alerts/raw_snapshots/alerts_20260402T123310Z.pb,TTC-PULSE/alerts/raw_snapshots/alerts_20260402T123310Z.pb,8716,132c99b8c8c6830cabab2ea783735fdedf19eeb933806d0fb9f75facab57855e,
alerts_sidecar_20260402T123310Z,2026-04-02T12:33:11Z,2026-04-02T12:33:10Z,2026-04-02T12:30:00Z,2026-04-02T13:00:00Z,live,ok,live_endpoint,,TTC-PULSE/alerts/raw_snapshots/alerts_20260402T123310Z.pb,TTC-PULSE/alerts/raw_snapshots/alerts_20260402T123310Z.pb,1843,47bd8b597f6f0562f434ce34ac20b075b9083e46253122d2851e2207635152a6,
alerts_sidecar_20260402T123310Z,2026-04-02T12:33:11Z,2026-04-02T12:33:10Z,2026-04-02T12:30:00Z,2026-04-02T13:00:00Z,live,ok,live_endpoint,,TTC-PULSE/alerts/raw_snapshots/alerts_20260402T123310Z.pb,TTC-PULSE/alerts/raw_snapshots/alerts_20260402T123310Z.pb,2152,c1aa795a75e2c70ae3fe4feca3c940f3a2052239b695a28b1efad92d0ce1b2cf,
alerts_sidecar_20260402T123340Z,2026-04-02T12:33:41Z,2026-04-02T12:33:40Z,2026-04-02T12:30:00Z,2026-04-02T13:00:00Z,live,ok,live_endpoint,,TTC-PULSE/alerts/raw_snapshots/alerts_20260402T123340Z.pb,TTC-PULSE/alerts/raw_snapshots/alerts_20260402T123340Z.pb,8716,bbdf3895f5b733921e6aa7e07519abf46a6a31530a3414dceebb79603076d91d,
alerts_sidecar_20260402T123340Z,2026-04-02T12:33:41Z,2026-04-02T12:33:40Z,2026-04-02T12:30:00Z,2026-04-02T13:00:00Z,live,ok,live_endpoint,,TTC-PULSE/alerts/raw_snapshots/alerts_20260402T123340Z.pb,TTC-PULSE/alerts/raw_snapshots/alerts_20260402T123340Z.pb,1843,ef3533505240fd797237f9c892f8ea41669a6ee555523519e0cf0808811ab0bf,
alerts_sidecar_20260402T123340Z,2026-04-02T12:33:41Z,2026-04-02T12:33:40Z,2026-04-02T12:30:00Z,2026-04-02T13:00:00Z,live,ok,live_endpoint,,TTC-PULSE/alerts/raw_snapshots/alerts_20260402T123340Z.pb,TTC-PULSE/alerts/raw_snapshots/alerts_20260402T123340Z.pb,2152,21fafba513794714c91c344226a5eec55b6d5a1ea53dbb5df5acbb2a0face2ec,
alerts_sidecar_20260402T123410Z,2026-04-02T12:34:11Z,2026-04-02T12:34:10Z,2026-04-02T12:30:00Z,2026-04-02T13:00:00Z,live,ok,live_endpoint,,TTC-PULSE/alerts/raw_snapshots/alerts_20260402T123410Z.pb,TTC-PULSE/alerts/raw_snapshots/alerts_20260402T123410Z.pb,8716,5ed89e4780ded9e7199671d809a4e998ff33d66bd7b6f1b9dda1d6ec32c5b5b8,
alerts_sidecar_20260402T123410Z,2026-04-02T12:34:11Z,2026-04-02T12:34:10Z,2026-04-02T12:30:00Z,2026-04-02T13:00:00Z,live,ok,live_endpoint,,TTC-PULSE/alerts/raw_snapshots/alerts_20260402T123410Z.pb,TTC-PULSE/alerts/raw_snapshots/alerts_20260402T123410Z.pb,1843,150a81c6209c2c093526dc8c7377037b3ce2c6a7b002ced6e5afba255037037c,
alerts_sidecar_20260402T123410Z,2026-04-02T12:34:11Z,2026-04-02T12:34:10Z,2026-04-02T12:30:00Z,2026-04-02T13:00:00Z,live,ok,live_endpoint,,TTC-PULSE/alerts/raw_snapshots/alerts_20260402T123410Z.pb,TTC-PULSE/alerts/raw_snapshots/alerts_20260402T123410Z.pb,2152,8c35316fd6d14ed499d1a5011b5c5b43b71de73ed1d3e318fe619dc40ac8fb0b,
alerts_sidecar_20260402T123440Z,2026-04-02T12:34:41Z,2026-04-02T12:34:40Z,2026-04-02T12:30:00Z,2026-04-02T13:00:00Z,live,ok,live_endpoint,,TTC-PULSE/alerts/raw_snapshots/alerts_20260402T123440Z.pb,TTC-PULSE/alerts/raw_snapshots/alerts_20260402T123440Z.pb,8716,3df46483256bb7217fe4965f3194bc4c52bcbbcae9147759163c7d38b9c53365,
alerts_sidecar_20260402T123440Z,2026-04-02T12:34:42Z,2026-04-02T12:34:40Z,2026-04-02T12:30:00Z,2026-04-02T13:00:00Z,live,ok,live_endpoint,,TTC-PULSE/alerts/raw_snapshots/alerts_20260402T123440Z.pb,TTC-PULSE/alerts/raw_snapshots/alerts_20260402T123440Z.pb,1843,2a8dc73d679b89f1dfb7177df13153c81c4f69c9ad74e7295120f948c9ef77a1,
alerts_sidecar_20260402T123440Z,2026-04-02T12:34:42Z,2026-04-02T12:34:40Z,2026-04-02T12:30:00Z,2026-04-02T13:00:00Z,live,ok,live_endpoint,,TTC-PULSE/alerts/raw_snapshots/alerts_20260402T123440Z.pb,TTC-PULSE/alerts/raw_snapshots/alerts_20260402T123440Z.pb,2152,7aa2dc064092140dd1902414a3c201a4cc23d5a12b540a23868d306622c8642f,
alerts_sidecar_20260402T123510Z,2026-04-02T12:35:11Z,2026-04-02T12:35:10Z,2026-04-02T12:30:00Z,2026-04-02T13:00:00Z,live,ok,live_endpoint,,TTC-PULSE/alerts/raw_snapshots/alerts_20260402T123510Z.pb,TTC-PULSE/alerts/raw_snapshots/alerts_20260402T123510Z.pb,8716,05d64dba0af83d0ef071da07589f8b03c7eba937194cc4ec4268b656499c3fc2,
alerts_sidecar_20260402T123510Z,2026-04-02T12:35:11Z,2026-04-02T12:35:10Z,2026-04-02T12:30:00Z,2026-04-02T13:00:00Z,live,ok,live_endpoint,,TTC-PULSE/alerts/raw_snapshots/alerts_20260402T123510Z.pb,TTC-PULSE/alerts/raw_snapshots/alerts_20260402T123510Z.pb,1843,23fcd80ab8e7b217bb325247bd24e86b126e24659f344bb44568b5f9326f47c5,
alerts_sidecar_20260402T123510Z,2026-04-02T12:35:11Z,2026-04-02T12:35:10Z,2026-04-02T12:30:00Z,2026-04-02T13:00:00Z,live,ok,live_endpoint,,TTC-PULSE/alerts/raw_snapshots/alerts_20260402T123510Z.pb,TTC-PULSE/alerts/raw_snapshots/alerts_20260402T123510Z.pb,2152,2f431d092fcc348072b6bd224fec8c8231010b54d25e3feee34378a5666f058b,
alerts_sidecar_20260402T123540Z,2026-04-02T12:35:41Z,2026-04-02T12:35:40Z,2026-04-02T12:30:00Z,2026-04-02T13:00:00Z,live,ok,live_endpoint,,TTC-PULSE/alerts/raw_snapshots/alerts_20260402T123540Z.pb,TTC-PULSE/alerts/raw_snapshots/alerts_20260402T123540Z.pb,8716,85d8394b5f69a3b4ec2de9f31c17b019caaed1a8a3c5116951493a3bcb1a10a8,
alerts_sidecar_20260402T123540Z,2026-04-02T12:35:41Z,2026-04-02T12:35:40Z,2026-04-02T12:30:00Z,2026-04-02T13:00:00Z,live,ok,live_endpoint,,TTC-PULSE/alerts/raw_snapshots/alerts_20260402T123540Z.pb,TTC-PULSE/alerts/raw_snapshots/alerts_20260402T123540Z.pb,1843,98221a799044d885ecdcae7d245a8925560e6f6b1299bbc20f8e8185ff0d189c,
alerts_sidecar_20260402T123540Z,2026-04-02T12:35:41Z,2026-04-02T12:35:40Z,2026-04-02T12:30:00Z,2026-04-02T13:00:00Z,live,ok,live_endpoint,,TTC-PULSE/alerts/raw_snapshots/alerts_20260402T123540Z.pb,TTC-PULSE/alerts/raw_snapshots/alerts_20260402T123540Z.pb,2152,640ee35ef6fd05d53284e9ef6eeaf667c25122a18c509cd02c91a9cc405b76ec,
alerts_sidecar_20260402T123610Z,2026-04-02T12:36:11Z,2026-04-02T12:36:10Z,2026-04-02T12:30:00Z,2026-04-02T13:00:00Z,live,ok,live_endpoint,,TTC-PULSE/alerts/raw_snapshots/alerts_20260402T123610Z.pb,TTC-PULSE/alerts/raw_snapshots/alerts_20260402T123610Z.pb,8716,4cdd00deee60e5d020cc1cf479975cf9922a8e31597b9f46c9c0a00c04338a5b,
alerts_sidecar_20260402T123610Z,2026-04-02T12:36:11Z,2026-04-02T12:36:10Z,2026-04-02T12:30:00Z,2026-04-02T13:00:00Z,live,ok,live_endpoint,,TTC-PULSE/alerts/raw_snapshots/alerts_20260402T123610Z.pb,TTC-PULSE/alerts/raw_snapshots/alerts_20260402T123610Z.pb,1843,c0ac5b0cc6b2807e92a3e469f2c48cfac455b63c125cd11b19265b9bf5032a8f,
alerts_sidecar_20260402T123610Z,2026-04-02T12:36:11Z,2026-04-02T12:36:10Z,2026-04-02T12:30:00Z,2026-04-02T13:00:00Z,live,ok,live_endpoint,,TTC-PULSE/alerts/raw_snapshots/alerts_20260402T123610Z.pb,TTC-PULSE/alerts/raw_snapshots/alerts_20260402T123610Z.pb,2152,6574196d29b772194a660237064f6eaaebe4915d080f9d3507f21c9eea6691ba,
alerts_sidecar_20260402T123640Z,2026-04-02T12:36:41Z,2026-04-02T12:36:40Z,2026-04-02T12:30:00Z,2026-04-02T13:00:00Z,live,ok,live_endpoint,,TTC-PULSE/alerts/raw_snapshots/alerts_20260402T123640Z.pb,TTC-PULSE/alerts/raw_snapshots/alerts_20260402T123640Z.pb,8716,217a157f0a3c8c71e08b92788b8d9122009cd7c37b571fa42ad8dd40ecba398d,
alerts_sidecar_20260402T123640Z,2026-04-02T12:36:41Z,2026-04-02T12:36:40Z,2026-04-02T12:30:00Z,2026-04-02T13:00:00Z,live,ok,live_endpoint,,TTC-PULSE/alerts/raw_snapshots/alerts_20260402T123640Z.pb,TTC-PULSE/alerts/raw_snapshots/alerts_20260402T123640Z.pb,1843,7896195580662c43941d70cf9c973116c4ce36033dc4b6288b5da5a061c57802,
alerts_sidecar_20260402T123640Z,2026-04-02T12:36:41Z,2026-04-02T12:36:40Z,2026-04-02T12:30:00Z,2026-04-02T13:00:00Z,live,ok,live_endpoint,,TTC-PULSE/alerts/raw_snapshots/alerts_20260402T123640Z.pb,TTC-PULSE/alerts/raw_snapshots/alerts_20260402T123640Z.pb,2152,79bbba5d175e69f24f74aa06a95274d660dadcadca5829fbcaad8583dd6d9a22,
alerts_sidecar_20260402T123710Z,2026-04-02T12:37:11Z,2026-04-02T12:37:10Z,2026-04-02T12:30:00Z,2026-04-02T13:00:00Z,live,ok,live_endpoint,,TTC-PULSE/alerts/raw_snapshots/alerts_20260402T123710Z.pb,TTC-PULSE/alerts/raw_snapshots/alerts_20260402T123710Z.pb,8716,fa85ae1d48ffb0ab5ab2be05203bd893108d7e870aa567002642a36a893070ae,
alerts_sidecar_20260402T123710Z,2026-04-02T12:37:11Z,2026-04-02T12:37:10Z,2026-04-02T12:30:00Z,2026-04-02T13:00:00Z,live,ok,live_endpoint,,TTC-PULSE/alerts/raw_snapshots/alerts_20260402T123710Z.pb,TTC-PULSE/alerts/raw_snapshots/alerts_20260402T123710Z.pb,1843,f41c75c5a2b4a26791bc7c84a7d360caf9aa843a929b4de7539e7bae65e1510f,
alerts_sidecar_20260402T123710Z,2026-04-02T12:37:11Z,2026-04-02T12:37:10Z,2026-04-02T12:30:00Z,2026-04-02T13:00:00Z,live,ok,live_endpoint,,TTC-PULSE/alerts/raw_snapshots/alerts_20260402T123710Z.pb,TTC-PULSE/alerts/raw_snapshots/alerts_20260402T123710Z.pb,2152,954bd5026312ba0733abdd86a59488516a878295e66642c8b2cb3f185eb6f74f,
alerts_sidecar_20260402T123740Z,2026-04-02T12:37:41Z,2026-04-02T12:37:40Z,2026-04-02T12:30:00Z,2026-04-02T13:00:00Z,live,ok,live_endpoint,,TTC-PULSE/alerts/raw_snapshots/alerts_20260402T123740Z.pb,TTC-PULSE/alerts/raw_snapshots/alerts_20260402T123740Z.pb,8716,312caff385f17b3a74ea87c4ca930680f05ff50da4b1bd18e0465c25d67550ab,
alerts_sidecar_20260402T123740Z,2026-04-02T12:37:41Z,2026-04-02T12:37:40Z,2026-04-02T12:30:00Z,2026-04-02T13:00:00Z,live,ok,live_endpoint,,TTC-PULSE/alerts/raw_snapshots/alerts_20260402T123740Z.pb,TTC-PULSE/alerts/raw_snapshots/alerts_20260402T123740Z.pb,1843,3992a88678f4a713f7a580954a4fc010811fdb03991e33190def1f58b79a44dd,
alerts_sidecar_20260402T123740Z,2026-04-02T12:37:41Z,2026-04-02T12:37:40Z,2026-04-02T12:30:00Z,2026-04-02T13:00:00Z,live,ok,live_endpoint,,TTC-PULSE/alerts/raw_snapshots/alerts_20260402T123740Z.pb,TTC-PULSE/alerts/raw_snapshots/alerts_20260402T123740Z.pb,2152,90dd29660b019d62a8773434d18f67e2df65781d565c414149cc240dcc0eea42,
alerts_sidecar_20260402T123810Z,2026-04-02T12:38:11Z,2026-04-02T12:38:10Z,2026-04-02T12:30:00Z,2026-04-02T13:00:00Z,live,ok,live_endpoint,,TTC-PULSE/alerts/raw_snapshots/alerts_20260402T123810Z.pb,TTC-PULSE/alerts/raw_snapshots/alerts_20260402T123810Z.pb,8716,127c474c7e70e3f2bcd568b16f8ad909b33bd72077b43718f23f78e2c0810af8,
alerts_sidecar_20260402T123810Z,2026-04-02T12:38:11Z,2026-04-02T12:38:10Z,2026-04-02T12:30:00Z,2026-04-02T13:00:00Z,live,ok,live_endpoint,,TTC-PULSE/alerts/raw_snapshots/alerts_20260402T123810Z.pb,TTC-PULSE/alerts/raw_snapshots/alerts_20260402T123810Z.pb,1843,8e400e81e220bc501b33fa58ed8545c5be1c8a685a2164911bd95410c0dcd598,
alerts_sidecar_20260402T123810Z,2026-04-02T12:38:11Z,2026-04-02T12:38:10Z,2026-04-02T12:30:00Z,2026-04-02T13:00:00Z,live,ok,live_endpoint,,TTC-PULSE/alerts/raw_snapshots/alerts_20260402T123810Z.pb,TTC-PULSE/alerts/raw_snapshots/alerts_20260402T123810Z.pb,2152,4442186c929a1ea97b59cfc8f1a3fbc067cd49c99c423b6351de51342af4b36d,
alerts_sidecar_20260402T123840Z,2026-04-02T12:38:41Z,2026-04-02T12:38:40Z,2026-04-02T12:30:00Z,2026-04-02T13:00:00Z,live,ok,live_endpoint,,TTC-PULSE/alerts/raw_snapshots/alerts_20260402T123840Z.pb,TTC-PULSE/alerts/raw_snapshots/alerts_20260402T123840Z.pb,8716,0b407adcde77d729c23a74bd341052bb9925b416c193e287ad88cb461123a467,
alerts_sidecar_20260402T123840Z,2026-04-02T12:38:41Z,2026-04-02T12:38:40Z,2026-04-02T12:30:00Z,2026-04-02T13:00:00Z,live,ok,live_endpoint,,TTC-PULSE/alerts/raw_snapshots/alerts_20260402T123840Z.pb,TTC-PULSE/alerts/raw_snapshots/alerts_20260402T123840Z.pb,1843,1bebf97168e121af256272823a7c76ab59d1062e53f0e8abc05ebe169f7bd9f9,
alerts_sidecar_20260402T123840Z,2026-04-02T12:38:41Z,2026-04-02T12:38:40Z,2026-04-02T12:30:00Z,2026-04-02T13:00:00Z,live,ok,live_endpoint,,TTC-PULSE/alerts/raw_snapshots/alerts_20260402T123840Z.pb,TTC-PULSE/alerts/raw_snapshots/alerts_20260402T123840Z.pb,2152,4a5cc292fc04d7c1c7313fc93a8e48c0c0b7001e10ceb8a163dfd0616f70bd00,
alerts_sidecar_20260402T123910Z,2026-04-02T12:39:11Z,2026-04-02T12:39:10Z,2026-04-02T12:30:00Z,2026-04-02T13:00:00Z,live,ok,live_endpoint,,TTC-PULSE/alerts/raw_snapshots/alerts_20260402T123910Z.pb,TTC-PULSE/alerts/raw_snapshots/alerts_20260402T123910Z.pb,8716,50c1b5beac5c2fdd31bbef8db7e224d9bf513a7e6b03dfef7bf2f3a097805aa1,
alerts_sidecar_20260402T123910Z,2026-04-02T12:39:11Z,2026-04-02T12:39:10Z,2026-04-02T12:30:00Z,2026-04-02T13:00:00Z,live,ok,live_endpoint,,TTC-PULSE/alerts/raw_snapshots/alerts_20260402T123910Z.pb,TTC-PULSE/alerts/raw_snapshots/alerts_20260402T123910Z.pb,1843,f3bca4d7b8b3103dad114a97c90cb85176faffa021257b65670793f0241e7d87,
alerts_sidecar_20260402T123910Z,2026-04-02T12:39:11Z,2026-04-02T12:39:10Z,2026-04-02T12:30:00Z,2026-04-02T13:00:00Z,live,ok,live_endpoint,,TTC-PULSE/alerts/raw_snapshots/alerts_20260402T123910Z.pb,TTC-PULSE/alerts/raw_snapshots/alerts_20260402T123910Z.pb,2152,b5bed26a71f5b3f6f45cfdf74fbc7730162e0e8660cbbee5572b3a28a894403a,
alerts_sidecar_20260402T123940Z,2026-04-02T12:39:41Z,2026-04-02T12:39:40Z,2026-04-02T12:30:00Z,2026-04-02T13:00:00Z,live,ok,live_endpoint,,TTC-PULSE/alerts/raw_snapshots/alerts_20260402T123940Z.pb,TTC-PULSE/alerts/raw_snapshots/alerts_20260402T123940Z.pb,8716,43015f36214127522cb3dccf7bb118660c3220abe53d1fcf90ba4b0715edcbcc,
alerts_sidecar_20260402T123940Z,2026-04-02T12:39:41Z,2026-04-02T12:39:40Z,2026-04-02T12:30:00Z,2026-04-02T13:00:00Z,live,ok,live_endpoint,,TTC-PULSE/alerts/raw_snapshots/alerts_20260402T123940Z.pb,TTC-PULSE/alerts/raw_snapshots/alerts_20260402T123940Z.pb,1843,bd0a37b91e2f48932186ff7450743f068a2051c01588c4097ea3ebca01e8a2e5,
alerts_sidecar_20260402T123940Z,2026-04-02T12:39:41Z,2026-04-02T12:39:40Z,2026-04-02T12:30:00Z,2026-04-02T13:00:00Z,live,ok,live_endpoint,,TTC-PULSE/alerts/raw_snapshots/alerts_20260402T123940Z.pb,TTC-PULSE/alerts/raw_snapshots/alerts_20260402T123940Z.pb,2152,c01e5b71dd9b96ed7fc5d3d6c33db5eff330fa9a322faace3f66e0e07f976221,
alerts_sidecar_20260402T124010Z,2026-04-02T12:40:11Z,2026-04-02T12:40:10Z,2026-04-02T12:30:00Z,2026-04-02T13:00:00Z,live,ok,live_endpoint,,TTC-PULSE/alerts/raw_snapshots/alerts_20260402T124010Z.pb,TTC-PULSE/alerts/raw_snapshots/alerts_20260402T124010Z.pb,8716,75b9a580410975e865ed60109c4ab7f63677de64409c1fab6fe2ce122cad0b9c,
alerts_sidecar_20260402T124010Z,2026-04-02T12:40:11Z,2026-04-02T12:40:10Z,2026-04-02T12:30:00Z,2026-04-02T13:00:00Z,live,ok,live_endpoint,,TTC-PULSE/alerts/raw_snapshots/alerts_20260402T124010Z.pb,TTC-PULSE/alerts/raw_snapshots/alerts_20260402T124010Z.pb,1843,03e50d6f8aa9d2441419cd2181c3f28a41b17c22af041d87d8ad411f6fd052e8,
alerts_sidecar_20260402T124010Z,2026-04-02T12:40:11Z,2026-04-02T12:40:10Z,2026-04-02T12:30:00Z,2026-04-02T13:00:00Z,live,ok,live_endpoint,,TTC-PULSE/alerts/raw_snapshots/alerts_20260402T124010Z.pb,TTC-PULSE/alerts/raw_snapshots/alerts_20260402T124010Z.pb,2152,e17a1802651c34b53dd5dca9c87da381ac7513cc79ce375f436f7568358e078f,
alerts_sidecar_20260402T124040Z,2026-04-02T12:40:41Z,2026-04-02T12:40:40Z,2026-04-02T12:30:00Z,2026-04-02T13:00:00Z,live,ok,live_endpoint,,TTC-PULSE/alerts/raw_snapshots/alerts_20260402T124040Z.pb,TTC-PULSE/alerts/raw_snapshots/alerts_20260402T124040Z.pb,8716,3a5367cafa5459aaaccf458a2a0396f2025b89c54c4aaec7c9bfe14e9ca97523,
alerts_sidecar_20260402T124040Z,2026-04-02T12:40:42Z,2026-04-02T12:40:40Z,2026-04-02T12:30:00Z,2026-04-02T13:00:00Z,live,ok,live_endpoint,,TTC-PULSE/alerts/raw_snapshots/alerts_20260402T124040Z.pb,TTC-PULSE/alerts/raw_snapshots/alerts_20260402T124040Z.pb,1843,945bab72b13ff6e76427b3bb09e7e7b3fc562ca6d40e96ef9743e98941d19a23,
alerts_sidecar_20260402T124040Z,2026-04-02T12:40:42Z,2026-04-02T12:40:40Z,2026-04-02T12:30:00Z,2026-04-02T13:00:00Z,live,ok,live_endpoint,,TTC-PULSE/alerts/raw_snapshots/alerts_20260402T124040Z.pb,TTC-PULSE/alerts/raw_snapshots/alerts_20260402T124040Z.pb,2152,7fe29b9220e6a687e6f9b08ea1778e60805d41fd2a24a1e0c4fffb99c196b4e3,
alerts_sidecar_20260402T124110Z,2026-04-02T12:41:11Z,2026-04-02T12:41:10Z,2026-04-02T12:30:00Z,2026-04-02T13:00:00Z,live,ok,live_endpoint,,TTC-PULSE/alerts/raw_snapshots/alerts_20260402T124110Z.pb,TTC-PULSE/alerts/raw_snapshots/alerts_20260402T124110Z.pb,8716,8e751ac7c8288ffb7e2ff73c9fd23cea933a09ddb0560d119d72b799f290eabb,
alerts_sidecar_20260402T124110Z,2026-04-02T12:41:11Z,2026-04-02T12:41:10Z,2026-04-02T12:30:00Z,2026-04-02T13:00:00Z,live,ok,live_endpoint,,TTC-PULSE/alerts/raw_snapshots/alerts_20260402T124110Z.pb,TTC-PULSE/alerts/raw_snapshots/alerts_20260402T124110Z.pb,1843,fcd0c3f2cf59afffb2088b8e135a3ab9386a6cbf796747aed5667a12f84d40b3,
alerts_sidecar_20260402T124110Z,2026-04-02T12:41:11Z,2026-04-02T12:41:10Z,2026-04-02T12:30:00Z,2026-04-02T13:00:00Z,live,ok,live_endpoint,,TTC-PULSE/alerts/raw_snapshots/alerts_20260402T124110Z.pb,TTC-PULSE/alerts/raw_snapshots/alerts_20260402T124110Z.pb,2152,75c72a8ff634e888da05579b78ab0f77e8a1d9305f66b6ba78615ec4ab181d00,
alerts_sidecar_20260402T124140Z,2026-04-02T12:41:41Z,2026-04-02T12:41:40Z,2026-04-02T12:30:00Z,2026-04-02T13:00:00Z,live,ok,live_endpoint,,TTC-PULSE/alerts/raw_snapshots/alerts_20260402T124140Z.pb,TTC-PULSE/alerts/raw_snapshots/alerts_20260402T124140Z.pb,8716,f6c4ec5de70ce7c5adbbe5f831c6ffdcf5e0e127c437b70aa36ce466211e7441,
alerts_sidecar_20260402T124140Z,2026-04-02T12:41:41Z,2026-04-02T12:41:40Z,2026-04-02T12:30:00Z,2026-04-02T13:00:00Z,live,ok,live_endpoint,,TTC-PULSE/alerts/raw_snapshots/alerts_20260402T124140Z.pb,TTC-PULSE/alerts/raw_snapshots/alerts_20260402T124140Z.pb,1843,4352d4fdcd7d72741369f7eb268ce626d4a581153fc7b0e56bcb1b96964d7af5,
alerts_sidecar_20260402T124140Z,2026-04-02T12:41:41Z,2026-04-02T12:41:40Z,2026-04-02T12:30:00Z,2026-04-02T13:00:00Z,live,ok,live_endpoint,,TTC-PULSE/alerts/raw_snapshots/alerts_20260402T124140Z.pb,TTC-PULSE/alerts/raw_snapshots/alerts_20260402T124140Z.pb,2152,07e97b0bfac486bec3724a29a5035fd0731ec8642510488f71ea864609d92279,
alerts_sidecar_20260402T124210Z,2026-04-02T12:42:11Z,2026-04-02T12:42:10Z,2026-04-02T12:30:00Z,2026-04-02T13:00:00Z,live,ok,live_endpoint,,TTC-PULSE/alerts/raw_snapshots/alerts_20260402T124210Z.pb,TTC-PULSE/alerts/raw_snapshots/alerts_20260402T124210Z.pb,8716,419268baeded71338124bacfbb880d017a178138fbfa90a16d05ae93efef02a5,
alerts_sidecar_20260402T124210Z,2026-04-02T12:42:11Z,2026-04-02T12:42:10Z,2026-04-02T12:30:00Z,2026-04-02T13:00:00Z,live,ok,live_endpoint,,TTC-PULSE/alerts/raw_snapshots/alerts_20260402T124210Z.pb,TTC-PULSE/alerts/raw_snapshots/alerts_20260402T124210Z.pb,1843,265afffae992913d4224fca6bc6924e61121517fee40e5b9aa52680ea5e635c7,
alerts_sidecar_20260402T124210Z,2026-04-02T12:42:12Z,2026-04-02T12:42:10Z,2026-04-02T12:30:00Z,2026-04-02T13:00:00Z,live,ok,live_endpoint,,TTC-PULSE/alerts/raw_snapshots/alerts_20260402T124210Z.pb,TTC-PULSE/alerts/raw_snapshots/alerts_20260402T124210Z.pb,2152,0fde733c145354dae73493d885e5c5d41331e2d55dda53ef7e97f87517acc863,
alerts_sidecar_20260402T124240Z,2026-04-02T12:42:41Z,2026-04-02T12:42:40Z,2026-04-02T12:30:00Z,2026-04-02T13:00:00Z,live,ok,live_endpoint,,TTC-PULSE/alerts/raw_snapshots/alerts_20260402T124240Z.pb,TTC-PULSE/alerts/raw_snapshots/alerts_20260402T124240Z.pb,8716,5b5c82b31e7d10008431fb88045032b82ce5e7837847b1c687815886c43ae614,
alerts_sidecar_20260402T124240Z,2026-04-02T12:42:41Z,2026-04-02T12:42:40Z,2026-04-02T12:30:00Z,2026-04-02T13:00:00Z,live,ok,live_endpoint,,TTC-PULSE/alerts/raw_snapshots/alerts_20260402T124240Z.pb,TTC-PULSE/alerts/raw_snapshots/alerts_20260402T124240Z.pb,1843,e9ff162664c4ebe9a90653e865b9876d86f157b8047297fab26ebd0fe2f09b5f,
alerts_sidecar_20260402T124240Z,2026-04-02T12:42:41Z,2026-04-02T12:42:40Z,2026-04-02T12:30:00Z,2026-04-02T13:00:00Z,live,ok,live_endpoint,,TTC-PULSE/alerts/raw_snapshots/alerts_20260402T124240Z.pb,TTC-PULSE/alerts/raw_snapshots/alerts_20260402T124240Z.pb,2152,513622b0a557613be635efc3d951b2418cc719fcca84851e4fbce38b4c886c97,
alerts_sidecar_20260402T124310Z,2026-04-02T12:43:11Z,2026-04-02T12:43:10Z,2026-04-02T12:30:00Z,2026-04-02T13:00:00Z,live,ok,live_endpoint,,TTC-PULSE/alerts/raw_snapshots/alerts_20260402T124310Z.pb,TTC-PULSE/alerts/raw_snapshots/alerts_20260402T124310Z.pb,8716,b9c08d67d3c457717c2e5c2f4daa27f7b0edd5fed7568a10397fb2f281b362b4,
alerts_sidecar_20260402T124310Z,2026-04-02T12:43:11Z,2026-04-02T12:43:10Z,2026-04-02T12:30:00Z,2026-04-02T13:00:00Z,live,ok,live_endpoint,,TTC-PULSE/alerts/raw_snapshots/alerts_20260402T124310Z.pb,TTC-PULSE/alerts/raw_snapshots/alerts_20260402T124310Z.pb,1843,96e49be1d01f0d29239b1b9b2876b9f7c1e302c04337004151ee11c98dcf68c4,
alerts_sidecar_20260402T124310Z,2026-04-02T12:43:11Z,2026-04-02T12:43:10Z,2026-04-02T12:30:00Z,2026-04-02T13:00:00Z,live,ok,live_endpoint,,TTC-PULSE/alerts/raw_snapshots/alerts_20260402T124310Z.pb,TTC-PULSE/alerts/raw_snapshots/alerts_20260402T124310Z.pb,2152,f19cf8b81bc28a56153245b056dac792d990f79bdadf8af6cae395a4090808b2,
alerts_sidecar_20260402T124340Z,2026-04-02T12:43:41Z,2026-04-02T12:43:40Z,2026-04-02T12:30:00Z,2026-04-02T13:00:00Z,live,ok,live_endpoint,,TTC-PULSE/alerts/raw_snapshots/alerts_20260402T124340Z.pb,TTC-PULSE/alerts/raw_snapshots/alerts_20260402T124340Z.pb,8716,b225c8981109934bf287b16df7fdd4563cc0559859703be7a1ab23e8beca0298,
alerts_sidecar_20260402T124340Z,2026-04-02T12:43:41Z,2026-04-02T12:43:40Z,2026-04-02T12:30:00Z,2026-04-02T13:00:00Z,live,ok,live_endpoint,,TTC-PULSE/alerts/raw_snapshots/alerts_20260402T124340Z.pb,TTC-PULSE/alerts/raw_snapshots/alerts_20260402T124340Z.pb,1843,e7dd9723b48a64410d7a67f23dd58a428c3cfaeaffb7a5b5c0d9d2d1e281f42c,
alerts_sidecar_20260402T124340Z,2026-04-02T12:43:41Z,2026-04-02T12:43:40Z,2026-04-02T12:30:00Z,2026-04-02T13:00:00Z,live,ok,live_endpoint,,TTC-PULSE/alerts/raw_snapshots/alerts_20260402T124340Z.pb,TTC-PULSE/alerts/raw_snapshots/alerts_20260402T124340Z.pb,2152,d57fe56409d1d3f7b0d25c59afe1795e464a4f0f0b5803c4282bf24c013753a5,
alerts_sidecar_20260402T124410Z,2026-04-02T12:44:11Z,2026-04-02T12:44:10Z,2026-04-02T12:30:00Z,2026-04-02T13:00:00Z,live,ok,live_endpoint,,TTC-PULSE/alerts/raw_snapshots/alerts_20260402T124410Z.pb,TTC-PULSE/alerts/raw_snapshots/alerts_20260402T124410Z.pb,8716,39cad32f9d72a31068f7ca3952a2f2f00167c37b0d66c17b63514b28540e08da,
alerts_sidecar_20260402T124410Z,2026-04-02T12:44:11Z,2026-04-02T12:44:10Z,2026-04-02T12:30:00Z,2026-04-02T13:00:00Z,live,ok,live_endpoint,,TTC-PULSE/alerts/raw_snapshots/alerts_20260402T124410Z.pb,TTC-PULSE/alerts/raw_snapshots/alerts_20260402T124410Z.pb,1843,d342fd56f5df271e35bd28ba7fb8ee0824e4d66f6d7b8975d8e47994c709e2a2,
alerts_sidecar_20260402T124410Z,2026-04-02T12:44:11Z,2026-04-02T12:44:10Z,2026-04-02T12:30:00Z,2026-04-02T13:00:00Z,live,ok,live_endpoint,,TTC-PULSE/alerts/raw_snapshots/alerts_20260402T124410Z.pb,TTC-PULSE/alerts/raw_snapshots/alerts_20260402T124410Z.pb,2152,f5762c07e7dcc1376cc40b8c1165c99eff6e8b666237cc35bd092b92f3490f05,
alerts_sidecar_20260402T124440Z,2026-04-02T12:44:41Z,2026-04-02T12:44:40Z,2026-04-02T12:30:00Z,2026-04-02T13:00:00Z,live,ok,live_endpoint,,TTC-PULSE/alerts/raw_snapshots/alerts_20260402T124440Z.pb,TTC-PULSE/alerts/raw_snapshots/alerts_20260402T124440Z.pb,8716,fe3c92e3deb86a661da46a88d230da77bec6a585256dd04ef2fc6881a9ba3285,
alerts_sidecar_20260402T124440Z,2026-04-02T12:44:41Z,2026-04-02T12:44:40Z,2026-04-02T12:30:00Z,2026-04-02T13:00:00Z,live,ok,live_endpoint,,TTC-PULSE/alerts/raw_snapshots/alerts_20260402T124440Z.pb,TTC-PULSE/alerts/raw_snapshots/alerts_20260402T124440Z.pb,1843,3f5f655c72fdc6888b6db64ff0b567c63f9e74953690a8cde765158cf2908815,
alerts_sidecar_20260402T124440Z,2026-04-02T12:44:41Z,2026-04-02T12:44:40Z,2026-04-02T12:30:00Z,2026-04-02T13:00:00Z,live,ok,live_endpoint,,TTC-PULSE/alerts/raw_snapshots/alerts_20260402T124440Z.pb,TTC-PULSE/alerts/raw_snapshots/alerts_20260402T124440Z.pb,2152,8e81738ba4fe1c2bcd4df0c51530dc0fd8e5412e2d5d0bb88423030bb78aa8ae,
alerts_sidecar_20260402T124510Z,2026-04-02T12:45:11Z,2026-04-02T12:45:10Z,2026-04-02T12:30:00Z,2026-04-02T13:00:00Z,live,ok,live_endpoint,,TTC-PULSE/alerts/raw_snapshots/alerts_20260402T124510Z.pb,TTC-PULSE/alerts/raw_snapshots/alerts_20260402T124510Z.pb,8716,14a2271087cd40ab81b0bc7bbc891f18aad6e15dd8692b8d6a95f38143c4bb82,
alerts_sidecar_20260402T124510Z,2026-04-02T12:45:11Z,2026-04-02T12:45:10Z,2026-04-02T12:30:00Z,2026-04-02T13:00:00Z,live,ok,live_endpoint,,TTC-PULSE/alerts/raw_snapshots/alerts_20260402T124510Z.pb,TTC-PULSE/alerts/raw_snapshots/alerts_20260402T124510Z.pb,1843,402bd743c259e46bd91841bedcf39c6d8cf14c046ade1f0048853e392b2d3521,
alerts_sidecar_20260402T124510Z,2026-04-02T12:45:11Z,2026-04-02T12:45:10Z,2026-04-02T12:30:00Z,2026-04-02T13:00:00Z,live,ok,live_endpoint,,TTC-PULSE/alerts/raw_snapshots/alerts_20260402T124510Z.pb,TTC-PULSE/alerts/raw_snapshots/alerts_20260402T124510Z.pb,2152,3ed92cd4be33f79d3ee69c77f167197e51d472c10ae1956d29d4b11e1b0141a5,
alerts_sidecar_20260402T124540Z,2026-04-02T12:45:41Z,2026-04-02T12:45:40Z,2026-04-02T12:30:00Z,2026-04-02T13:00:00Z,live,ok,live_endpoint,,TTC-PULSE/alerts/raw_snapshots/alerts_20260402T124540Z.pb,TTC-PULSE/alerts/raw_snapshots/alerts_20260402T124540Z.pb,8716,7b2aa8800dc99689c7886f072672be1ccb690c2dad11c860b3e3fcd810d37eb5,
alerts_sidecar_20260402T124540Z,2026-04-02T12:45:41Z,2026-04-02T12:45:40Z,2026-04-02T12:30:00Z,2026-04-02T13:00:00Z,live,ok,live_endpoint,,TTC-PULSE/alerts/raw_snapshots/alerts_20260402T124540Z.pb,TTC-PULSE/alerts/raw_snapshots/alerts_20260402T124540Z.pb,1843,596757e07c2abf4b3f0839de69467fff7edea332dd326d6cb732e51e130f82cf,
alerts_sidecar_20260402T124540Z,2026-04-02T12:45:41Z,2026-04-02T12:45:40Z,2026-04-02T12:30:00Z,2026-04-02T13:00:00Z,live,ok,live_endpoint,,TTC-PULSE/alerts/raw_snapshots/alerts_20260402T124540Z.pb,TTC-PULSE/alerts/raw_snapshots/alerts_20260402T124540Z.pb,2152,01ccf9bda2a4ec79f80f3c24784653b28cb313fde94f25f269f20a221a517304,
alerts_sidecar_20260402T124610Z,2026-04-02T12:46:11Z,2026-04-02T12:46:10Z,2026-04-02T12:30:00Z,2026-04-02T13:00:00Z,live,ok,live_endpoint,,TTC-PULSE/alerts/raw_snapshots/alerts_20260402T124610Z.pb,TTC-PULSE/alerts/raw_snapshots/alerts_20260402T124610Z.pb,8716,bc46c6d96009bde058f51857425a653c6bf07d76c560e9789c43fc8e0153b59c,
alerts_sidecar_20260402T124610Z,2026-04-02T12:46:11Z,2026-04-02T12:46:10Z,2026-04-02T12:30:00Z,2026-04-02T13:00:00Z,live,ok,live_endpoint,,TTC-PULSE/alerts/raw_snapshots/alerts_20260402T124610Z.pb,TTC-PULSE/alerts/raw_snapshots/alerts_20260402T124610Z.pb,1843,bf4162db2bc30acce5ddfc62a04aaf89f56043331db42470a7918175a3b70da6,
alerts_sidecar_20260402T124610Z,2026-04-02T12:46:11Z,2026-04-02T12:46:10Z,2026-04-02T12:30:00Z,2026-04-02T13:00:00Z,live,ok,live_endpoint,,TTC-PULSE/alerts/raw_snapshots/alerts_20260402T124610Z.pb,TTC-PULSE/alerts/raw_snapshots/alerts_20260402T124610Z.pb,2152,00be5be8126cd795276fad7664c07aa3d7ae860dd46c479dda24e602c8eab4df,
alerts_sidecar_20260402T124640Z,2026-04-02T12:46:41Z,2026-04-02T12:46:40Z,2026-04-02T12:30:00Z,2026-04-02T13:00:00Z,live,ok,live_endpoint,,TTC-PULSE/alerts/raw_snapshots/alerts_20260402T124640Z.pb,TTC-PULSE/alerts/raw_snapshots/alerts_20260402T124640Z.pb,8716,63c276a56cb8c79e2d3730a3a573f483bcd8ff0448d11a3c49a436667aa1c8f3,
alerts_sidecar_20260402T124640Z,2026-04-02T12:46:41Z,2026-04-02T12:46:40Z,2026-04-02T12:30:00Z,2026-04-02T13:00:00Z,live,ok,live_endpoint,,TTC-PULSE/alerts/raw_snapshots/alerts_20260402T124640Z.pb,TTC-PULSE/alerts/raw_snapshots/alerts_20260402T124640Z.pb,1843,3460606559e0c180e8e0539373ce162aab1008cf94df04862e609b82e623b47b,
alerts_sidecar_20260402T124640Z,2026-04-02T12:46:42Z,2026-04-02T12:46:40Z,2026-04-02T12:30:00Z,2026-04-02T13:00:00Z,live,ok,live_endpoint,,TTC-PULSE/alerts/raw_snapshots/alerts_20260402T124640Z.pb,TTC-PULSE/alerts/raw_snapshots/alerts_20260402T124640Z.pb,2152,4398a284db0ad5a37732d5b608ebe3ecae650138c802a29f7ad77329a7fcbb79,
alerts_sidecar_20260402T124710Z,2026-04-02T12:47:11Z,2026-04-02T12:47:10Z,2026-04-02T12:30:00Z,2026-04-02T13:00:00Z,live,ok,live_endpoint,,TTC-PULSE/alerts/raw_snapshots/alerts_20260402T124710Z.pb,TTC-PULSE/alerts/raw_snapshots/alerts_20260402T124710Z.pb,8716,a78e998ae9cdb76d52377c0d9863347748bedf26e75516893a81ea5fd9152545,
alerts_sidecar_20260402T124710Z,2026-04-02T12:47:11Z,2026-04-02T12:47:10Z,2026-04-02T12:30:00Z,2026-04-02T13:00:00Z,live,ok,live_endpoint,,TTC-PULSE/alerts/raw_snapshots/alerts_20260402T124710Z.pb,TTC-PULSE/alerts/raw_snapshots/alerts_20260402T124710Z.pb,1843,58127ef3f2560727cd63454465aa1897f9d896a91c00377585ba5e1d112825f6,
alerts_sidecar_20260402T124710Z,2026-04-02T12:47:11Z,2026-04-02T12:47:10Z,2026-04-02T12:30:00Z,2026-04-02T13:00:00Z,live,ok,live_endpoint,,TTC-PULSE/alerts/raw_snapshots/alerts_20260402T124710Z.pb,TTC-PULSE/alerts/raw_snapshots/alerts_20260402T124710Z.pb,2152,9456d437d4d0cec1a8a993dc3637f61a3305a90a5fde524f8d7053a54c1f4406,
alerts_sidecar_20260402T124740Z,2026-04-02T12:47:41Z,2026-04-02T12:47:40Z,2026-04-02T12:30:00Z,2026-04-02T13:00:00Z,live,ok,live_endpoint,,TTC-PULSE/alerts/raw_snapshots/alerts_20260402T124740Z.pb,TTC-PULSE/alerts/raw_snapshots/alerts_20260402T124740Z.pb,8716,f11be10dcfcd87a07860a74b70c76c8290ac5cefe22b750bc1d3e9bfc87403e7,
alerts_sidecar_20260402T124740Z,2026-04-02T12:47:41Z,2026-04-02T12:47:40Z,2026-04-02T12:30:00Z,2026-04-02T13:00:00Z,live,ok,live_endpoint,,TTC-PULSE/alerts/raw_snapshots/alerts_20260402T124740Z.pb,TTC-PULSE/alerts/raw_snapshots/alerts_20260402T124740Z.pb,1843,2c5efb6f54b8c749dfce629075029f8fe5c29d08340fe32e50cdda3aaaaf2d10,
alerts_sidecar_20260402T124740Z,2026-04-02T12:47:41Z,2026-04-02T12:47:40Z,2026-04-02T12:30:00Z,2026-04-02T13:00:00Z,live,ok,live_endpoint,,TTC-PULSE/alerts/raw_snapshots/alerts_20260402T124740Z.pb,TTC-PULSE/alerts/raw_snapshots/alerts_20260402T124740Z.pb,2152,3e8ea6027bf69544bf84d6232076898f9bb9ae75c53ee0dec9cbf538d3225b25,
alerts_sidecar_20260402T124810Z,2026-04-02T12:48:11Z,2026-04-02T12:48:10Z,2026-04-02T12:30:00Z,2026-04-02T13:00:00Z,live,ok,live_endpoint,,TTC-PULSE/alerts/raw_snapshots/alerts_20260402T124810Z.pb,TTC-PULSE/alerts/raw_snapshots/alerts_20260402T124810Z.pb,8716,e0f6ae8b6673be8fbfbde69b01c18d99767e59c11e34a2381e7fe58bb6b3fe6e,
alerts_sidecar_20260402T124810Z,2026-04-02T12:48:11Z,2026-04-02T12:48:10Z,2026-04-02T12:30:00Z,2026-04-02T13:00:00Z,live,ok,live_endpoint,,TTC-PULSE/alerts/raw_snapshots/alerts_20260402T124810Z.pb,TTC-PULSE/alerts/raw_snapshots/alerts_20260402T124810Z.pb,1843,8acc0bbbf80af8376a0c1a6bf61d61f099ed4c3ff8c400dbc759e339db5efd81,
alerts_sidecar_20260402T124810Z,2026-04-02T12:48:11Z,2026-04-02T12:48:10Z,2026-04-02T12:30:00Z,2026-04-02T13:00:00Z,live,ok,live_endpoint,,TTC-PULSE/alerts/raw_snapshots/alerts_20260402T124810Z.pb,TTC-PULSE/alerts/raw_snapshots/alerts_20260402T124810Z.pb,2152,a1d8e3b839c728f5490a6c3ff418fb12e45e4ef6bbc50ea63e0380bb29ed641a,
alerts_sidecar_20260402T124840Z,2026-04-02T12:48:41Z,2026-04-02T12:48:40Z,2026-04-02T12:30:00Z,2026-04-02T13:00:00Z,live,ok,live_endpoint,,TTC-PULSE/alerts/raw_snapshots/alerts_20260402T124840Z.pb,TTC-PULSE/alerts/raw_snapshots/alerts_20260402T124840Z.pb,8716,e232deb4d95eb5a5f57d044c2af7e65a73f366ad72a55da689d19e5c17a6d95f,
alerts_sidecar_20260402T124840Z,2026-04-02T12:48:41Z,2026-04-02T12:48:40Z,2026-04-02T12:30:00Z,2026-04-02T13:00:00Z,live,ok,live_endpoint,,TTC-PULSE/alerts/raw_snapshots/alerts_20260402T124840Z.pb,TTC-PULSE/alerts/raw_snapshots/alerts_20260402T124840Z.pb,1843,f04c2f80d2597bad5d94187b04dae6a808c71520135160ccc6b72a05fbffffcf,
alerts_sidecar_20260402T124840Z,2026-04-02T12:48:42Z,2026-04-02T12:48:40Z,2026-04-02T12:30:00Z,2026-04-02T13:00:00Z,live,ok,live_endpoint,,TTC-PULSE/alerts/raw_snapshots/alerts_20260402T124840Z.pb,TTC-PULSE/alerts/raw_snapshots/alerts_20260402T124840Z.pb,2152,430f616a8f47c99102879cf651b36462dbb6802e9a9222838fc49afa7e644656,
alerts_sidecar_20260402T124910Z,2026-04-02T12:49:11Z,2026-04-02T12:49:10Z,2026-04-02T12:30:00Z,2026-04-02T13:00:00Z,live,ok,live_endpoint,,TTC-PULSE/alerts/raw_snapshots/alerts_20260402T124910Z.pb,TTC-PULSE/alerts/raw_snapshots/alerts_20260402T124910Z.pb,8716,96bb238b974e16efcf6c9c80dda5bad3907d89bfe433b00123a9cfc1836952bd,
alerts_sidecar_20260402T124910Z,2026-04-02T12:49:11Z,2026-04-02T12:49:10Z,2026-04-02T12:30:00Z,2026-04-02T13:00:00Z,live,ok,live_endpoint,,TTC-PULSE/alerts/raw_snapshots/alerts_20260402T124910Z.pb,TTC-PULSE/alerts/raw_snapshots/alerts_20260402T124910Z.pb,1843,67103689cf9a129a274f6a967d442cab7fef0c7e1650ce5e422caf480afd0ce0,
alerts_sidecar_20260402T124910Z,2026-04-02T12:49:12Z,2026-04-02T12:49:10Z,2026-04-02T12:30:00Z,2026-04-02T13:00:00Z,live,ok,live_endpoint,,TTC-PULSE/alerts/raw_snapshots/alerts_20260402T124910Z.pb,TTC-PULSE/alerts/raw_snapshots/alerts_20260402T124910Z.pb,2152,f467bad5ef16b8a20c3f96ef33c8c7d0f05d421cdb3e70dd7b0a8b5e54db6ece,
alerts_sidecar_20260402T124940Z,2026-04-02T12:49:41Z,2026-04-02T12:49:40Z,2026-04-02T12:30:00Z,2026-04-02T13:00:00Z,live,ok,live_endpoint,,TTC-PULSE/alerts/raw_snapshots/alerts_20260402T124940Z.pb,TTC-PULSE/alerts/raw_snapshots/alerts_20260402T124940Z.pb,8716,1a47027cd9928f845fd53c51e5c9478c985cfcde524b130d9799958fda9b63b5,
alerts_sidecar_20260402T124940Z,2026-04-02T12:49:41Z,2026-04-02T12:49:40Z,2026-04-02T12:30:00Z,2026-04-02T13:00:00Z,live,ok,live_endpoint,,TTC-PULSE/alerts/raw_snapshots/alerts_20260402T124940Z.pb,TTC-PULSE/alerts/raw_snapshots/alerts_20260402T124940Z.pb,1843,ba424798b99d21c5414a821f1c60b46755c08c0955f7ed9f7f76833bad58a0a7,
alerts_sidecar_20260402T124940Z,2026-04-02T12:49:41Z,2026-04-02T12:49:40Z,2026-04-02T12:30:00Z,2026-04-02T13:00:00Z,live,ok,live_endpoint,,TTC-PULSE/alerts/raw_snapshots/alerts_20260402T124940Z.pb,TTC-PULSE/alerts/raw_snapshots/alerts_20260402T124940Z.pb,2152,59ecabf007b1ffe646ac111b513b0d3794a1cea3247d9affbe19e5d74c5c94e4,
alerts_sidecar_20260402T125010Z,2026-04-02T12:50:11Z,2026-04-02T12:50:10Z,2026-04-02T12:30:00Z,2026-04-02T13:00:00Z,live,ok,live_endpoint,,TTC-PULSE/alerts/raw_snapshots/alerts_20260402T125010Z.pb,TTC-PULSE/alerts/raw_snapshots/alerts_20260402T125010Z.pb,8716,33412468cc6842b3e33c39e9626cdd9c2c30cd8e128a2a4fc0f6fdd27f9b9f23,
alerts_sidecar_20260402T125010Z,2026-04-02T12:50:11Z,2026-04-02T12:50:10Z,2026-04-02T12:30:00Z,2026-04-02T13:00:00Z,live,ok,live_endpoint,,TTC-PULSE/alerts/raw_snapshots/alerts_20260402T125010Z.pb,TTC-PULSE/alerts/raw_snapshots/alerts_20260402T125010Z.pb,1843,15d2ee527976c15e248d4cd13b9e0e09592f014df41facd6e0580eb34475f4d0,
alerts_sidecar_20260402T125010Z,2026-04-02T12:50:11Z,2026-04-02T12:50:10Z,2026-04-02T12:30:00Z,2026-04-02T13:00:00Z,live,ok,live_endpoint,,TTC-PULSE/alerts/raw_snapshots/alerts_20260402T125010Z.pb,TTC-PULSE/alerts/raw_snapshots/alerts_20260402T125010Z.pb,2152,93df58ee0c9347934d1e053b7d0462330e9d0050dcb57b1acadb73def5abdad8,
alerts_sidecar_20260402T125040Z,2026-04-02T12:50:41Z,2026-04-02T12:50:40Z,2026-04-02T12:30:00Z,2026-04-02T13:00:00Z,live,ok,live_endpoint,,TTC-PULSE/alerts/raw_snapshots/alerts_20260402T125040Z.pb,TTC-PULSE/alerts/raw_snapshots/alerts_20260402T125040Z.pb,8716,0d9dff5d078100c0a406a0e1c1be900f0fca3e75a8f16ec96f909f29f6ea654a,
alerts_sidecar_20260402T125040Z,2026-04-02T12:50:41Z,2026-04-02T12:50:40Z,2026-04-02T12:30:00Z,2026-04-02T13:00:00Z,live,ok,live_endpoint,,TTC-PULSE/alerts/raw_snapshots/alerts_20260402T125040Z.pb,TTC-PULSE/alerts/raw_snapshots/alerts_20260402T125040Z.pb,1843,cbcb14e4d660282a23219f9e6ac87ec8ce4cd9773a5f3edb5f854087c21fac88,
alerts_sidecar_20260402T125040Z,2026-04-02T12:50:41Z,2026-04-02T12:50:40Z,2026-04-02T12:30:00Z,2026-04-02T13:00:00Z,live,ok,live_endpoint,,TTC-PULSE/alerts/raw_snapshots/alerts_20260402T125040Z.pb,TTC-PULSE/alerts/raw_snapshots/alerts_20260402T125040Z.pb,2152,3ea51edbd6a2c87d4527d7090dab0695421f465506c2b779fc5ddc4be32c3b0e,
alerts_sidecar_20260402T125110Z,2026-04-02T12:51:11Z,2026-04-02T12:51:10Z,2026-04-02T12:30:00Z,2026-04-02T13:00:00Z,live,ok,live_endpoint,,TTC-PULSE/alerts/raw_snapshots/alerts_20260402T125110Z.pb,TTC-PULSE/alerts/raw_snapshots/alerts_20260402T125110Z.pb,8716,714bbfe32945c39e27e6323869e0a69ca8d0569d874d8d838a7c9d4ede496c45,
alerts_sidecar_20260402T125110Z,2026-04-02T12:51:11Z,2026-04-02T12:51:10Z,2026-04-02T12:30:00Z,2026-04-02T13:00:00Z,live,ok,live_endpoint,,TTC-PULSE/alerts/raw_snapshots/alerts_20260402T125110Z.pb,TTC-PULSE/alerts/raw_snapshots/alerts_20260402T125110Z.pb,1843,9fc40e4e5658e944fa5b68e6411f1f3cbcd8fd711506e69fb3781eeb4f6733b4,
alerts_sidecar_20260402T125110Z,2026-04-02T12:51:11Z,2026-04-02T12:51:10Z,2026-04-02T12:30:00Z,2026-04-02T13:00:00Z,live,ok,live_endpoint,,TTC-PULSE/alerts/raw_snapshots/alerts_20260402T125110Z.pb,TTC-PULSE/alerts/raw_snapshots/alerts_20260402T125110Z.pb,2152,a09941ffa7f62df21566fbb374444e3a0f797f9564e184983bf9744e27e40382,
alerts_sidecar_20260402T125140Z,2026-04-02T12:51:41Z,2026-04-02T12:51:40Z,2026-04-02T12:30:00Z,2026-04-02T13:00:00Z,live,ok,live_endpoint,,TTC-PULSE/alerts/raw_snapshots/alerts_20260402T125140Z.pb,TTC-PULSE/alerts/raw_snapshots/alerts_20260402T125140Z.pb,8716,6fefc0be24dd46451e4b14d53b65f1a2760bac889164393d19ee236c4ccc453c,
alerts_sidecar_20260402T125140Z,2026-04-02T12:51:41Z,2026-04-02T12:51:40Z,2026-04-02T12:30:00Z,2026-04-02T13:00:00Z,live,ok,live_endpoint,,TTC-PULSE/alerts/raw_snapshots/alerts_20260402T125140Z.pb,TTC-PULSE/alerts/raw_snapshots/alerts_20260402T125140Z.pb,1843,cb88dc841e4d0b4764f589ebb7509b5d866439c082c3cb7007d25921f6eb6635,
alerts_sidecar_20260402T125140Z,2026-04-02T12:51:41Z,2026-04-02T12:51:40Z,2026-04-02T12:30:00Z,2026-04-02T13:00:00Z,live,ok,live_endpoint,,TTC-PULSE/alerts/raw_snapshots/alerts_20260402T125140Z.pb,TTC-PULSE/alerts/raw_snapshots/alerts_20260402T125140Z.pb,2152,7742cbbcdcfb2c80e6b21c1407a9e34ed2e5a83331d656ad8e8ef54ee7effa65,
alerts_sidecar_20260402T125210Z,2026-04-02T12:52:11Z,2026-04-02T12:52:10Z,2026-04-02T12:30:00Z,2026-04-02T13:00:00Z,live,ok,live_endpoint,,TTC-PULSE/alerts/raw_snapshots/alerts_20260402T125210Z.pb,TTC-PULSE/alerts/raw_snapshots/alerts_20260402T125210Z.pb,8716,d31e453484182b53515b137cf4c49e1b1676fce0f1fe38006d70ea7ec9a391f8,
alerts_sidecar_20260402T125210Z,2026-04-02T12:52:11Z,2026-04-02T12:52:10Z,2026-04-02T12:30:00Z,2026-04-02T13:00:00Z,live,ok,live_endpoint,,TTC-PULSE/alerts/raw_snapshots/alerts_20260402T125210Z.pb,TTC-PULSE/alerts/raw_snapshots/alerts_20260402T125210Z.pb,1843,0a575414f26f4a3e1f813ad2f193f23eb98a4b3f8196d598839bcee72747e545,
alerts_sidecar_20260402T125210Z,2026-04-02T12:52:11Z,2026-04-02T12:52:10Z,2026-04-02T12:30:00Z,2026-04-02T13:00:00Z,live,ok,live_endpoint,,TTC-PULSE/alerts/raw_snapshots/alerts_20260402T125210Z.pb,TTC-PULSE/alerts/raw_snapshots/alerts_20260402T125210Z.pb,2152,bb18e6c5629fd733518f578db84ff3eb4be80fa42b704e65c37070124c8fd83d,
alerts_sidecar_20260402T125240Z,2026-04-02T12:52:41Z,2026-04-02T12:52:40Z,2026-04-02T12:30:00Z,2026-04-02T13:00:00Z,live,ok,live_endpoint,,TTC-PULSE/alerts/raw_snapshots/alerts_20260402T125240Z.pb,TTC-PULSE/alerts/raw_snapshots/alerts_20260402T125240Z.pb,8716,c61b1f0afe69d8def1b457f6613630806cbc072013a84efe81e6ef13de475b02,
alerts_sidecar_20260402T125240Z,2026-04-02T12:52:41Z,2026-04-02T12:52:40Z,2026-04-02T12:30:00Z,2026-04-02T13:00:00Z,live,ok,live_endpoint,,TTC-PULSE/alerts/raw_snapshots/alerts_20260402T125240Z.pb,TTC-PULSE/alerts/raw_snapshots/alerts_20260402T125240Z.pb,1843,1b9096259bf85706411efdf92c81aed13f051a77e6a86703257e0e88444d4872,
alerts_sidecar_20260402T125240Z,2026-04-02T12:52:42Z,2026-04-02T12:52:40Z,2026-04-02T12:30:00Z,2026-04-02T13:00:00Z,live,ok,live_endpoint,,TTC-PULSE/alerts/raw_snapshots/alerts_20260402T125240Z.pb,TTC-PULSE/alerts/raw_snapshots/alerts_20260402T125240Z.pb,2152,9f2f31efecb0ed73635a9ccbd5ed8964b6b3ea2f924910035eb581766c0b8597,
alerts_sidecar_20260402T125310Z,2026-04-02T12:53:11Z,2026-04-02T12:53:10Z,2026-04-02T12:30:00Z,2026-04-02T13:00:00Z,live,ok,live_endpoint,,TTC-PULSE/alerts/raw_snapshots/alerts_20260402T125310Z.pb,TTC-PULSE/alerts/raw_snapshots/alerts_20260402T125310Z.pb,8716,1a975bd117ff305e5ff80b0155a8b340108605544d733b16ef500ceee4fd0485,
alerts_sidecar_20260402T125310Z,2026-04-02T12:53:11Z,2026-04-02T12:53:10Z,2026-04-02T12:30:00Z,2026-04-02T13:00:00Z,live,ok,live_endpoint,,TTC-PULSE/alerts/raw_snapshots/alerts_20260402T125310Z.pb,TTC-PULSE/alerts/raw_snapshots/alerts_20260402T125310Z.pb,1843,5140476065c0e90348e69f2ccc698521d4dd29c9da41bfb682ee973fe987adf7,
alerts_sidecar_20260402T125310Z,2026-04-02T12:53:12Z,2026-04-02T12:53:10Z,2026-04-02T12:30:00Z,2026-04-02T13:00:00Z,live,ok,live_endpoint,,TTC-PULSE/alerts/raw_snapshots/alerts_20260402T125310Z.pb,TTC-PULSE/alerts/raw_snapshots/alerts_20260402T125310Z.pb,2152,08f177a4ab6a06bccb1f787740d86307ee4c57d665e2ed9a1852106adad81926,
alerts_sidecar_20260402T125340Z,2026-04-02T12:53:41Z,2026-04-02T12:53:40Z,2026-04-02T12:30:00Z,2026-04-02T13:00:00Z,live,ok,live_endpoint,,TTC-PULSE/alerts/raw_snapshots/alerts_20260402T125340Z.pb,TTC-PULSE/alerts/raw_snapshots/alerts_20260402T125340Z.pb,8716,df90fb2a32b9423f2b8912bfe1286b6559d9f62b3853865b6c1e622e38343359,
alerts_sidecar_20260402T125340Z,2026-04-02T12:53:41Z,2026-04-02T12:53:40Z,2026-04-02T12:30:00Z,2026-04-02T13:00:00Z,live,ok,live_endpoint,,TTC-PULSE/alerts/raw_snapshots/alerts_20260402T125340Z.pb,TTC-PULSE/alerts/raw_snapshots/alerts_20260402T125340Z.pb,1843,c4fa7ab5a3287d679eaa76c93c7afe1b259db8a4ecf21eef9148f5b8047eb132,
alerts_sidecar_20260402T125340Z,2026-04-02T12:53:41Z,2026-04-02T12:53:40Z,2026-04-02T12:30:00Z,2026-04-02T13:00:00Z,live,ok,live_endpoint,,TTC-PULSE/alerts/raw_snapshots/alerts_20260402T125340Z.pb,TTC-PULSE/alerts/raw_snapshots/alerts_20260402T125340Z.pb,2152,76b6ded873346085978c434acf2bce0681ae226c462fb9c480a5261fbcbe3386,
alerts_sidecar_20260402T125410Z,2026-04-02T12:54:11Z,2026-04-02T12:54:10Z,2026-04-02T12:30:00Z,2026-04-02T13:00:00Z,live,ok,live_endpoint,,TTC-PULSE/alerts/raw_snapshots/alerts_20260402T125410Z.pb,TTC-PULSE/alerts/raw_snapshots/alerts_20260402T125410Z.pb,8716,81f7b4d4a38ec753a3134ef06943bafafa324c244417d8fceb72a90ae88f80fe,
alerts_sidecar_20260402T125410Z,2026-04-02T12:54:11Z,2026-04-02T12:54:10Z,2026-04-02T12:30:00Z,2026-04-02T13:00:00Z,live,ok,live_endpoint,,TTC-PULSE/alerts/raw_snapshots/alerts_20260402T125410Z.pb,TTC-PULSE/alerts/raw_snapshots/alerts_20260402T125410Z.pb,1843,e329746f1806dad5b8a595d3e87fb5169b60f88f6c69fd1c9dd867f7afa8f58e,
alerts_sidecar_20260402T125410Z,2026-04-02T12:54:12Z,2026-04-02T12:54:10Z,2026-04-02T12:30:00Z,2026-04-02T13:00:00Z,live,ok,live_endpoint,,TTC-PULSE/alerts/raw_snapshots/alerts_20260402T125410Z.pb,TTC-PULSE/alerts/raw_snapshots/alerts_20260402T125410Z.pb,2152,2c7f4733160eebd22280f1839644e03e2f1a7051bc01b137ec6b2bdcd493e947,
alerts_sidecar_20260402T125440Z,2026-04-02T12:54:41Z,2026-04-02T12:54:40Z,2026-04-02T12:30:00Z,2026-04-02T13:00:00Z,live,ok,live_endpoint,,TTC-PULSE/alerts/raw_snapshots/alerts_20260402T125440Z.pb,TTC-PULSE/alerts/raw_snapshots/alerts_20260402T125440Z.pb,8716,fc372525af92d7bf650e367c7eb0de835b0d28ba758170361d20b61f016be1a9,
alerts_sidecar_20260402T125440Z,2026-04-02T12:54:41Z,2026-04-02T12:54:40Z,2026-04-02T12:30:00Z,2026-04-02T13:00:00Z,live,ok,live_endpoint,,TTC-PULSE/alerts/raw_snapshots/alerts_20260402T125440Z.pb,TTC-PULSE/alerts/raw_snapshots/alerts_20260402T125440Z.pb,1843,373f6d0ff341806579e9586df749d8d8a969546f6f89400f23173bd4ce490cf0,
alerts_sidecar_20260402T125440Z,2026-04-02T12:54:41Z,2026-04-02T12:54:40Z,2026-04-02T12:30:00Z,2026-04-02T13:00:00Z,live,ok,live_endpoint,,TTC-PULSE/alerts/raw_snapshots/alerts_20260402T125440Z.pb,TTC-PULSE/alerts/raw_snapshots/alerts_20260402T125440Z.pb,2152,bd30ed57402887c5560c403a282e7b46a4055b40fa188ecd507bc4f0b132b22e,
alerts_sidecar_20260402T125510Z,2026-04-02T12:55:11Z,2026-04-02T12:55:10Z,2026-04-02T12:30:00Z,2026-04-02T13:00:00Z,live,ok,live_endpoint,,TTC-PULSE/alerts/raw_snapshots/alerts_20260402T125510Z.pb,TTC-PULSE/alerts/raw_snapshots/alerts_20260402T125510Z.pb,8716,8860637174dd40b87428558170f78cd90c29dd65bb6d493dc5b6e48269edcbef,
alerts_sidecar_20260402T125510Z,2026-04-02T12:55:11Z,2026-04-02T12:55:10Z,2026-04-02T12:30:00Z,2026-04-02T13:00:00Z,live,ok,live_endpoint,,TTC-PULSE/alerts/raw_snapshots/alerts_20260402T125510Z.pb,TTC-PULSE/alerts/raw_snapshots/alerts_20260402T125510Z.pb,1843,bf53a9d3c64324b1a77ae577fdac2f082f889142ad10921633db6b60bbd2faa7,
alerts_sidecar_20260402T125510Z,2026-04-02T12:55:12Z,2026-04-02T12:55:10Z,2026-04-02T12:30:00Z,2026-04-02T13:00:00Z,live,ok,live_endpoint,,TTC-PULSE/alerts/raw_snapshots/alerts_20260402T125510Z.pb,TTC-PULSE/alerts/raw_snapshots/alerts_20260402T125510Z.pb,2152,471480a28b5332c656fbfd62da9badb03a42fe24b194fcfd0afb16db2256e8da,
alerts_sidecar_20260402T125540Z,2026-04-02T12:55:41Z,2026-04-02T12:55:40Z,2026-04-02T12:30:00Z,2026-04-02T13:00:00Z,live,ok,live_endpoint,,TTC-PULSE/alerts/raw_snapshots/alerts_20260402T125540Z.pb,TTC-PULSE/alerts/raw_snapshots/alerts_20260402T125540Z.pb,8716,816853beb2d446285a1aaf0762a159b3226821d79f6689fe738599a3d5a94ae4,
alerts_sidecar_20260402T125540Z,2026-04-02T12:55:41Z,2026-04-02T12:55:40Z,2026-04-02T12:30:00Z,2026-04-02T13:00:00Z,live,ok,live_endpoint,,TTC-PULSE/alerts/raw_snapshots/alerts_20260402T125540Z.pb,TTC-PULSE/alerts/raw_snapshots/alerts_20260402T125540Z.pb,1843,776cb3151e68e6f465bdd42e04373ec7d56f0db611318bc58029d61c82ac32be,
alerts_sidecar_20260402T125540Z,2026-04-02T12:55:41Z,2026-04-02T12:55:40Z,2026-04-02T12:30:00Z,2026-04-02T13:00:00Z,live,ok,live_endpoint,,TTC-PULSE/alerts/raw_snapshots/alerts_20260402T125540Z.pb,TTC-PULSE/alerts/raw_snapshots/alerts_20260402T125540Z.pb,2152,94d4e21becb138cc8851a7003c913bc3b7a613510b0b30030493f4c888def253,
alerts_sidecar_20260402T125610Z,2026-04-02T12:56:11Z,2026-04-02T12:56:10Z,2026-04-02T12:30:00Z,2026-04-02T13:00:00Z,live,ok,live_endpoint,,TTC-PULSE/alerts/raw_snapshots/alerts_20260402T125610Z.pb,TTC-PULSE/alerts/raw_snapshots/alerts_20260402T125610Z.pb,8716,924431aec68cad32791e1e5cfd809fe37433b5e9b94f9addc3704ffff806a2e4,
alerts_sidecar_20260402T125610Z,2026-04-02T12:56:11Z,2026-04-02T12:56:10Z,2026-04-02T12:30:00Z,2026-04-02T13:00:00Z,live,ok,live_endpoint,,TTC-PULSE/alerts/raw_snapshots/alerts_20260402T125610Z.pb,TTC-PULSE/alerts/raw_snapshots/alerts_20260402T125610Z.pb,1843,0007a9e79b5cdf34d491ad77217f09b2fc46e39c35c45c120f4f29285f3e5267,
alerts_sidecar_20260402T125610Z,2026-04-02T12:56:12Z,2026-04-02T12:56:10Z,2026-04-02T12:30:00Z,2026-04-02T13:00:00Z,live,ok,live_endpoint,,TTC-PULSE/alerts/raw_snapshots/alerts_20260402T125610Z.pb,TTC-PULSE/alerts/raw_snapshots/alerts_20260402T125610Z.pb,2152,e37d21010dd1e05b33fffdee345a3cfb70db52d462c90f486786db8c1e4209fa,
alerts_sidecar_20260402T125640Z,2026-04-02T12:56:41Z,2026-04-02T12:56:40Z,2026-04-02T12:30:00Z,2026-04-02T13:00:00Z,live,ok,live_endpoint,,TTC-PULSE/alerts/raw_snapshots/alerts_20260402T125640Z.pb,TTC-PULSE/alerts/raw_snapshots/alerts_20260402T125640Z.pb,8716,243187c79aedf6aa83b0898446504337366c83068cfada6acb33448b62b14e25,
alerts_sidecar_20260402T125640Z,2026-04-02T12:56:42Z,2026-04-02T12:56:40Z,2026-04-02T12:30:00Z,2026-04-02T13:00:00Z,live,ok,live_endpoint,,TTC-PULSE/alerts/raw_snapshots/alerts_20260402T125640Z.pb,TTC-PULSE/alerts/raw_snapshots/alerts_20260402T125640Z.pb,1843,4e1efd5e28536550eaa08a08c39e86e144903ff26ac50210b572321eedb7510b,
alerts_sidecar_20260402T125640Z,2026-04-02T12:56:42Z,2026-04-02T12:56:40Z,2026-04-02T12:30:00Z,2026-04-02T13:00:00Z,live,ok,live_endpoint,,TTC-PULSE/alerts/raw_snapshots/alerts_20260402T125640Z.pb,TTC-PULSE/alerts/raw_snapshots/alerts_20260402T125640Z.pb,2152,fbd3ae39c7fc4abe84b4c924fb8cb9e8c558d0c86b602bebb2036e8ec197fe6f,
alerts_sidecar_20260402T125710Z,2026-04-02T12:57:11Z,2026-04-02T12:57:10Z,2026-04-02T12:30:00Z,2026-04-02T13:00:00Z,live,ok,live_endpoint,,TTC-PULSE/alerts/raw_snapshots/alerts_20260402T125710Z.pb,TTC-PULSE/alerts/raw_snapshots/alerts_20260402T125710Z.pb,8716,c181c35b763ffe6d41af9a2dc7f46fe46cac8a832f877ed7a784d3bbc3da87d4,
alerts_sidecar_20260402T125710Z,2026-04-02T12:57:11Z,2026-04-02T12:57:10Z,2026-04-02T12:30:00Z,2026-04-02T13:00:00Z,live,ok,live_endpoint,,TTC-PULSE/alerts/raw_snapshots/alerts_20260402T125710Z.pb,TTC-PULSE/alerts/raw_snapshots/alerts_20260402T125710Z.pb,1843,e6e03d059f61c7e1e456d35f8c4435d247f62634e7041647d31492d679cc5184,
alerts_sidecar_20260402T125710Z,2026-04-02T12:57:11Z,2026-04-02T12:57:10Z,2026-04-02T12:30:00Z,2026-04-02T13:00:00Z,live,ok,live_endpoint,,TTC-PULSE/alerts/raw_snapshots/alerts_20260402T125710Z.pb,TTC-PULSE/alerts/raw_snapshots/alerts_20260402T125710Z.pb,2152,c967aa11dec6889766294749f6822166b3257885a79384f97a50105558fe36e6,
alerts_sidecar_20260402T125740Z,2026-04-02T12:57:41Z,2026-04-02T12:57:40Z,2026-04-02T12:30:00Z,2026-04-02T13:00:00Z,live,ok,live_endpoint,,TTC-PULSE/alerts/raw_snapshots/alerts_20260402T125740Z.pb,TTC-PULSE/alerts/raw_snapshots/alerts_20260402T125740Z.pb,8716,2592818c4c30ae5fed7e01c48337f0db568a5f1ff861963451c03e522306c856,
alerts_sidecar_20260402T125740Z,2026-04-02T12:57:41Z,2026-04-02T12:57:40Z,2026-04-02T12:30:00Z,2026-04-02T13:00:00Z,live,ok,live_endpoint,,TTC-PULSE/alerts/raw_snapshots/alerts_20260402T125740Z.pb,TTC-PULSE/alerts/raw_snapshots/alerts_20260402T125740Z.pb,1843,a91c9c6d5f5558aae59073a7da365ae2bc42caf4841626e764d2c134a94cd7c6,
alerts_sidecar_20260402T125740Z,2026-04-02T12:57:42Z,2026-04-02T12:57:40Z,2026-04-02T12:30:00Z,2026-04-02T13:00:00Z,live,ok,live_endpoint,,TTC-PULSE/alerts/raw_snapshots/alerts_20260402T125740Z.pb,TTC-PULSE/alerts/raw_snapshots/alerts_20260402T125740Z.pb,2152,30b5de5fb0f537aaa74b88eccce1679b820d73af5df59a4dd07f9247e7e54e4c,
alerts_sidecar_20260402T125810Z,2026-04-02T12:58:11Z,2026-04-02T12:58:10Z,2026-04-02T12:30:00Z,2026-04-02T13:00:00Z,live,ok,live_endpoint,,TTC-PULSE/alerts/raw_snapshots/alerts_20260402T125810Z.pb,TTC-PULSE/alerts/raw_snapshots/alerts_20260402T125810Z.pb,8716,9926abf6e371ed7b5b216a379d9883e21205bc2b69707109c1b67af034255f2c,
alerts_sidecar_20260402T125810Z,2026-04-02T12:58:11Z,2026-04-02T12:58:10Z,2026-04-02T12:30:00Z,2026-04-02T13:00:00Z,live,ok,live_endpoint,,TTC-PULSE/alerts/raw_snapshots/alerts_20260402T125810Z.pb,TTC-PULSE/alerts/raw_snapshots/alerts_20260402T125810Z.pb,1843,097c7b8a256672aa2d86f1d3749d9380e63223057598898abdd5cc743fc66853,
alerts_sidecar_20260402T125810Z,2026-04-02T12:58:11Z,2026-04-02T12:58:10Z,2026-04-02T12:30:00Z,2026-04-02T13:00:00Z,live,ok,live_endpoint,,TTC-PULSE/alerts/raw_snapshots/alerts_20260402T125810Z.pb,TTC-PULSE/alerts/raw_snapshots/alerts_20260402T125810Z.pb,2152,3e4422ca6d47fd5ebd359193a58afa5aa644acdceb89101c67cd618d9ce8df4b,
alerts_sidecar_20260402T125840Z,2026-04-02T12:58:41Z,2026-04-02T12:58:40Z,2026-04-02T12:30:00Z,2026-04-02T13:00:00Z,live,ok,live_endpoint,,TTC-PULSE/alerts/raw_snapshots/alerts_20260402T125840Z.pb,TTC-PULSE/alerts/raw_snapshots/alerts_20260402T125840Z.pb,8716,65f11d689f508e67ed87ff0087d35a6582168b58033a617555decb8543a85161,
alerts_sidecar_20260402T125840Z,2026-04-02T12:58:41Z,2026-04-02T12:58:40Z,2026-04-02T12:30:00Z,2026-04-02T13:00:00Z,live,ok,live_endpoint,,TTC-PULSE/alerts/raw_snapshots/alerts_20260402T125840Z.pb,TTC-PULSE/alerts/raw_snapshots/alerts_20260402T125840Z.pb,1843,397622ce2173ce4f572cead5b543057ad581d3e4b05cf18449b5cc312c1fbf46,
alerts_sidecar_20260402T125840Z,2026-04-02T12:58:42Z,2026-04-02T12:58:40Z,2026-04-02T12:30:00Z,2026-04-02T13:00:00Z,live,ok,live_endpoint,,TTC-PULSE/alerts/raw_snapshots/alerts_20260402T125840Z.pb,TTC-PULSE/alerts/raw_snapshots/alerts_20260402T125840Z.pb,2152,cbc5759ffb9d57748da8ee06a4c223fe587579403b2bca46739ea437a71ee4fb,
alerts_sidecar_20260402T125910Z,2026-04-02T12:59:11Z,2026-04-02T12:59:10Z,2026-04-02T12:30:00Z,2026-04-02T13:00:00Z,live,ok,live_endpoint,,TTC-PULSE/alerts/raw_snapshots/alerts_20260402T125910Z.pb,TTC-PULSE/alerts/raw_snapshots/alerts_20260402T125910Z.pb,8716,d3fedd696cb1e6e06375d21e7f71202551990fe675baf304283c93d1f49ec605,
alerts_sidecar_20260402T125910Z,2026-04-02T12:59:11Z,2026-04-02T12:59:10Z,2026-04-02T12:30:00Z,2026-04-02T13:00:00Z,live,ok,live_endpoint,,TTC-PULSE/alerts/raw_snapshots/alerts_20260402T125910Z.pb,TTC-PULSE/alerts/raw_snapshots/alerts_20260402T125910Z.pb,1843,82794d8259ea31c4784a2e76885850334191beb6c0352194eca9e7edd9831a98,
alerts_sidecar_20260402T125910Z,2026-04-02T12:59:11Z,2026-04-02T12:59:10Z,2026-04-02T12:30:00Z,2026-04-02T13:00:00Z,live,ok,live_endpoint,,TTC-PULSE/alerts/raw_snapshots/alerts_20260402T125910Z.pb,TTC-PULSE/alerts/raw_snapshots/alerts_20260402T125910Z.pb,2152,ee39d1ea1a8debe98ad5c3fb8da9481bc3a27e140ccf053f0af5727cfdc757a8,
alerts_sidecar_20260402T125940Z,2026-04-02T12:59:41Z,2026-04-02T12:59:40Z,2026-04-02T12:30:00Z,2026-04-02T13:00:00Z,live,ok,live_endpoint,,TTC-PULSE/alerts/raw_snapshots/alerts_20260402T125940Z.pb,TTC-PULSE/alerts/raw_snapshots/alerts_20260402T125940Z.pb,8716,ffff6a85531bbcaeb003e958c0b2c1cc9d3024b09066dfe6a5729428ff9cd5c5,
alerts_sidecar_20260402T125940Z,2026-04-02T12:59:41Z,2026-04-02T12:59:40Z,2026-04-02T12:30:00Z,2026-04-02T13:00:00Z,live,ok,live_endpoint,,TTC-PULSE/alerts/raw_snapshots/alerts_20260402T125940Z.pb,TTC-PULSE/alerts/raw_snapshots/alerts_20260402T125940Z.pb,1843,25fcb2e5db007353be7ffdddd70bc4cc4484ec63704feb01e1de8f63ac9caec6,
alerts_sidecar_20260402T125940Z,2026-04-02T12:59:42Z,2026-04-02T12:59:40Z,2026-04-02T12:30:00Z,2026-04-02T13:00:00Z,live,ok,live_endpoint,,TTC-PULSE/alerts/raw_snapshots/alerts_20260402T125940Z.pb,TTC-PULSE/alerts/raw_snapshots/alerts_20260402T125940Z.pb,2152,9d5ba8bff6120bea943ce6523f598569ec4422dc5fa07eca3e294852fe2b2636,
alerts_sidecar_20260402T130010Z,2026-04-02T13:00:11Z,2026-04-02T13:00:10Z,2026-04-02T13:00:00Z,2026-04-02T13:30:00Z,live,ok,live_endpoint,,TTC-PULSE/alerts/raw_snapshots/alerts_20260402T130010Z.pb,TTC-PULSE/alerts/raw_snapshots/alerts_20260402T130010Z.pb,8716,6b279064ac4170430147fb7ca431062b71b40cfb60b8c0f76e0fce29c296d648,
alerts_sidecar_20260402T130010Z,2026-04-02T13:00:11Z,2026-04-02T13:00:10Z,2026-04-02T13:00:00Z,2026-04-02T13:30:00Z,live,ok,live_endpoint,,TTC-PULSE/alerts/raw_snapshots/alerts_20260402T130010Z.pb,TTC-PULSE/alerts/raw_snapshots/alerts_20260402T130010Z.pb,1843,4a5f3f143852cfbbc194b5afbae9123f2791f2b33bad55bff0b799fb814b3101,
alerts_sidecar_20260402T130010Z,2026-04-02T13:00:11Z,2026-04-02T13:00:10Z,2026-04-02T13:00:00Z,2026-04-02T13:30:00Z,live,ok,live_endpoint,,TTC-PULSE/alerts/raw_snapshots/alerts_20260402T130010Z.pb,TTC-PULSE/alerts/raw_snapshots/alerts_20260402T130010Z.pb,2152,0c259b6f7cccb0c3ce26b20ee74465b51a17263909f29fd5465d7e1973a5531b,
alerts_sidecar_20260402T130040Z,2026-04-02T13:00:41Z,2026-04-02T13:00:40Z,2026-04-02T13:00:00Z,2026-04-02T13:30:00Z,live,ok,live_endpoint,,TTC-PULSE/alerts/raw_snapshots/alerts_20260402T130040Z.pb,TTC-PULSE/alerts/raw_snapshots/alerts_20260402T130040Z.pb,8716,098dba59ebb9c80b3408d656acd425ff78fc144b9424e4ce90425b3215d16466,
alerts_sidecar_20260402T130040Z,2026-04-02T13:00:41Z,2026-04-02T13:00:40Z,2026-04-02T13:00:00Z,2026-04-02T13:30:00Z,live,ok,live_endpoint,,TTC-PULSE/alerts/raw_snapshots/alerts_20260402T130040Z.pb,TTC-PULSE/alerts/raw_snapshots/alerts_20260402T130040Z.pb,1843,ee007ee22c893df32829196e1400b27394e648fb3a199ead185b105bbc422f3f,
alerts_sidecar_20260402T130040Z,2026-04-02T13:00:41Z,2026-04-02T13:00:40Z,2026-04-02T13:00:00Z,2026-04-02T13:30:00Z,live,ok,live_endpoint,,TTC-PULSE/alerts/raw_snapshots/alerts_20260402T130040Z.pb,TTC-PULSE/alerts/raw_snapshots/alerts_20260402T130040Z.pb,2152,c6726cea0cf3f453bcf361f553842cb8c653931d443b93c55d09b698aee8a4f1,
alerts_sidecar_20260402T130110Z,2026-04-02T13:01:11Z,2026-04-02T13:01:10Z,2026-04-02T13:00:00Z,2026-04-02T13:30:00Z,live,ok,live_endpoint,,TTC-PULSE/alerts/raw_snapshots/alerts_20260402T130110Z.pb,TTC-PULSE/alerts/raw_snapshots/alerts_20260402T130110Z.pb,8716,2c44820f985cd18726b00c9d583b78dc205d2c5447814ee24826457a87604a4e,
alerts_sidecar_20260402T130110Z,2026-04-02T13:01:11Z,2026-04-02T13:01:10Z,2026-04-02T13:00:00Z,2026-04-02T13:30:00Z,live,ok,live_endpoint,,TTC-PULSE/alerts/raw_snapshots/alerts_20260402T130110Z.pb,TTC-PULSE/alerts/raw_snapshots/alerts_20260402T130110Z.pb,1843,69066e102c914010a5c9f0dc32ebb4aa3ff18b0f6740ee3681967c887f8396be,
alerts_sidecar_20260402T130110Z,2026-04-02T13:01:12Z,2026-04-02T13:01:10Z,2026-04-02T13:00:00Z,2026-04-02T13:30:00Z,live,ok,live_endpoint,,TTC-PULSE/alerts/raw_snapshots/alerts_20260402T130110Z.pb,TTC-PULSE/alerts/raw_snapshots/alerts_20260402T130110Z.pb,2152,2015dca1604b618636b7f1b5b7544cae77cb91c9f3d2a3b63dda30defab723fa,
alerts_sidecar_20260402T130140Z,2026-04-02T13:01:41Z,2026-04-02T13:01:40Z,2026-04-02T13:00:00Z,2026-04-02T13:30:00Z,live,ok,live_endpoint,,TTC-PULSE/alerts/raw_snapshots/alerts_20260402T130140Z.pb,TTC-PULSE/alerts/raw_snapshots/alerts_20260402T130140Z.pb,8716,aeb34cb8fa1fd310270862025d9240b2acf94da56604ca7a274aaf59df17c922,
alerts_sidecar_20260402T130140Z,2026-04-02T13:01:41Z,2026-04-02T13:01:40Z,2026-04-02T13:00:00Z,2026-04-02T13:30:00Z,live,ok,live_endpoint,,TTC-PULSE/alerts/raw_snapshots/alerts_20260402T130140Z.pb,TTC-PULSE/alerts/raw_snapshots/alerts_20260402T130140Z.pb,1843,964ffc5a7b6a39a428fbe2c96b88b52f48cba0e4fa1245ca14cb766f420a3004,
alerts_sidecar_20260402T130140Z,2026-04-02T13:01:41Z,2026-04-02T13:01:40Z,2026-04-02T13:00:00Z,2026-04-02T13:30:00Z,live,ok,live_endpoint,,TTC-PULSE/alerts/raw_snapshots/alerts_20260402T130140Z.pb,TTC-PULSE/alerts/raw_snapshots/alerts_20260402T130140Z.pb,2152,54a63039b36f1b1dc6df2102ef4b149fc10f9fe1b91009b06c5ff69c0df2c4c1,
alerts_sidecar_20260402T130210Z,2026-04-02T13:02:11Z,2026-04-02T13:02:10Z,2026-04-02T13:00:00Z,2026-04-02T13:30:00Z,live,ok,live_endpoint,,TTC-PULSE/alerts/raw_snapshots/alerts_20260402T130210Z.pb,TTC-PULSE/alerts/raw_snapshots/alerts_20260402T130210Z.pb,8716,c850929ee907fa4de5d99b53231dfc87f97625d1981e414247a8e894d1a1103e,
alerts_sidecar_20260402T130210Z,2026-04-02T13:02:11Z,2026-04-02T13:02:10Z,2026-04-02T13:00:00Z,2026-04-02T13:30:00Z,live,ok,live_endpoint,,TTC-PULSE/alerts/raw_snapshots/alerts_20260402T130210Z.pb,TTC-PULSE/alerts/raw_snapshots/alerts_20260402T130210Z.pb,1843,c7f26f21220176fc222779619325ba3659404cbc92d1ff25b3349bba8fb8ed85,
alerts_sidecar_20260402T130210Z,2026-04-02T13:02:12Z,2026-04-02T13:02:10Z,2026-04-02T13:00:00Z,2026-04-02T13:30:00Z,live,ok,live_endpoint,,TTC-PULSE/alerts/raw_snapshots/alerts_20260402T130210Z.pb,TTC-PULSE/alerts/raw_snapshots/alerts_20260402T130210Z.pb,2152,88a341afb89f7f1fd8c5b6cddd3ddc4e56764875a58d12beea9e162a45f19558,
alerts_sidecar_20260402T130240Z,2026-04-02T13:02:41Z,2026-04-02T13:02:40Z,2026-04-02T13:00:00Z,2026-04-02T13:30:00Z,live,ok,live_endpoint,,TTC-PULSE/alerts/raw_snapshots/alerts_20260402T130240Z.pb,TTC-PULSE/alerts/raw_snapshots/alerts_20260402T130240Z.pb,8716,d71175dd9e374f13ba4b3dda5150feb914721e5ded94d68230d3893f81b9541c,
alerts_sidecar_20260402T130240Z,2026-04-02T13:02:41Z,2026-04-02T13:02:40Z,2026-04-02T13:00:00Z,2026-04-02T13:30:00Z,live,ok,live_endpoint,,TTC-PULSE/alerts/raw_snapshots/alerts_20260402T130240Z.pb,TTC-PULSE/alerts/raw_snapshots/alerts_20260402T130240Z.pb,1843,67af4cb0fc73cd3bb171802cdf8133d47946b80fae239b67fe10850ecfe27ac5,
alerts_sidecar_20260402T130240Z,2026-04-02T13:02:42Z,2026-04-02T13:02:40Z,2026-04-02T13:00:00Z,2026-04-02T13:30:00Z,live,ok,live_endpoint,,TTC-PULSE/alerts/raw_snapshots/alerts_20260402T130240Z.pb,TTC-PULSE/alerts/raw_snapshots/alerts_20260402T130240Z.pb,2152,d32cacd98e5d132f5a9ccce6d2e4ad659b0ea728a3dd1aa05552738578dbc078,
alerts_sidecar_20260402T130310Z,2026-04-02T13:03:11Z,2026-04-02T13:03:10Z,2026-04-02T13:00:00Z,2026-04-02T13:30:00Z,live,ok,live_endpoint,,TTC-PULSE/alerts/raw_snapshots/alerts_20260402T130310Z.pb,TTC-PULSE/alerts/raw_snapshots/alerts_20260402T130310Z.pb,8716,1dd464a84b090342ef46694458caa7df28ccf9931c46d70c3c08f1bfdf41243d,
alerts_sidecar_20260402T130310Z,2026-04-02T13:03:11Z,2026-04-02T13:03:10Z,2026-04-02T13:00:00Z,2026-04-02T13:30:00Z,live,ok,live_endpoint,,TTC-PULSE/alerts/raw_snapshots/alerts_20260402T130310Z.pb,TTC-PULSE/alerts/raw_snapshots/alerts_20260402T130310Z.pb,1843,911401ed533a1e545f43efe18a2d4234b0d34c9b1970b566869cb99de7fc723c,
alerts_sidecar_20260402T130310Z,2026-04-02T13:03:12Z,2026-04-02T13:03:10Z,2026-04-02T13:00:00Z,2026-04-02T13:30:00Z,live,ok,live_endpoint,,TTC-PULSE/alerts/raw_snapshots/alerts_20260402T130310Z.pb,TTC-PULSE/alerts/raw_snapshots/alerts_20260402T130310Z.pb,2152,7bfe5814aabe63576e4bf38220eaab27bef26aa88cb341904313fa76285cc922,
alerts_sidecar_20260402T130340Z,2026-04-02T13:03:41Z,2026-04-02T13:03:40Z,2026-04-02T13:00:00Z,2026-04-02T13:30:00Z,live,ok,live_endpoint,,TTC-PULSE/alerts/raw_snapshots/alerts_20260402T130340Z.pb,TTC-PULSE/alerts/raw_snapshots/alerts_20260402T130340Z.pb,8716,bb4bfc2702ddda6777266a84ce68653c52772ff372a78bb61426ceeee86af6e3,
alerts_sidecar_20260402T130340Z,2026-04-02T13:03:41Z,2026-04-02T13:03:40Z,2026-04-02T13:00:00Z,2026-04-02T13:30:00Z,live,ok,live_endpoint,,TTC-PULSE/alerts/raw_snapshots/alerts_20260402T130340Z.pb,TTC-PULSE/alerts/raw_snapshots/alerts_20260402T130340Z.pb,1843,98c4b76cc8326897ffc7ca74f82f0712113243473135f55d5bba203ab43195e7,
alerts_sidecar_20260402T130340Z,2026-04-02T13:03:42Z,2026-04-02T13:03:40Z,2026-04-02T13:00:00Z,2026-04-02T13:30:00Z,live,ok,live_endpoint,,TTC-PULSE/alerts/raw_snapshots/alerts_20260402T130340Z.pb,TTC-PULSE/alerts/raw_snapshots/alerts_20260402T130340Z.pb,2152,b2c7b6a51052c6d69f9489a62024e7edba5c23785349ab9ed048603c4d8d9794,
alerts_sidecar_20260402T130410Z,2026-04-02T13:04:11Z,2026-04-02T13:04:10Z,2026-04-02T13:00:00Z,2026-04-02T13:30:00Z,live,ok,live_endpoint,,TTC-PULSE/alerts/raw_snapshots/alerts_20260402T130410Z.pb,TTC-PULSE/alerts/raw_snapshots/alerts_20260402T130410Z.pb,8716,a77f2df4efcb024af0b4ef434fe301d5d8b09cb0c1739a3049547fbe5745bc8d,
alerts_sidecar_20260402T130410Z,2026-04-02T13:04:11Z,2026-04-02T13:04:10Z,2026-04-02T13:00:00Z,2026-04-02T13:30:00Z,live,ok,live_endpoint,,TTC-PULSE/alerts/raw_snapshots/alerts_20260402T130410Z.pb,TTC-PULSE/alerts/raw_snapshots/alerts_20260402T130410Z.pb,1843,c2a5a55ada1dca47adf2bcd39b33a49c0d516bb73913bcfaf06a21082758f345,
alerts_sidecar_20260402T130410Z,2026-04-02T13:04:11Z,2026-04-02T13:04:10Z,2026-04-02T13:00:00Z,2026-04-02T13:30:00Z,live,ok,live_endpoint,,TTC-PULSE/alerts/raw_snapshots/alerts_20260402T130410Z.pb,TTC-PULSE/alerts/raw_snapshots/alerts_20260402T130410Z.pb,3286,a7c3139fe66fcfc9eb16dbc4b9e5998ec79a4038484c58d17bc187f30ade123a,
alerts_sidecar_20260402T130440Z,2026-04-02T13:04:41Z,2026-04-02T13:04:40Z,2026-04-02T13:00:00Z,2026-04-02T13:30:00Z,live,ok,live_endpoint,,TTC-PULSE/alerts/raw_snapshots/alerts_20260402T130440Z.pb,TTC-PULSE/alerts/raw_snapshots/alerts_20260402T130440Z.pb,8716,126a437fec8c84c1c6683aa103c562d066abbacde1002bf3e68036db0563e910,
alerts_sidecar_20260402T130440Z,2026-04-02T13:04:41Z,2026-04-02T13:04:40Z,2026-04-02T13:00:00Z,2026-04-02T13:30:00Z,live,ok,live_endpoint,,TTC-PULSE/alerts/raw_snapshots/alerts_20260402T130440Z.pb,TTC-PULSE/alerts/raw_snapshots/alerts_20260402T130440Z.pb,1843,97b3c7d05678afec3e92eba2243715bce08888a1116662089db3b67d019fb189,
alerts_sidecar_20260402T130440Z,2026-04-02T13:04:42Z,2026-04-02T13:04:40Z,2026-04-02T13:00:00Z,2026-04-02T13:30:00Z,live,ok,live_endpoint,,TTC-PULSE/alerts/raw_snapshots/alerts_20260402T130440Z.pb,TTC-PULSE/alerts/raw_snapshots/alerts_20260402T130440Z.pb,3286,74e3348ee7458f9ff41d8b7392376f236705f52ad34706ed0945a86f23ef782c,
alerts_sidecar_20260402T130510Z,2026-04-02T13:05:11Z,2026-04-02T13:05:10Z,2026-04-02T13:00:00Z,2026-04-02T13:30:00Z,live,ok,live_endpoint,,TTC-PULSE/alerts/raw_snapshots/alerts_20260402T130510Z.pb,TTC-PULSE/alerts/raw_snapshots/alerts_20260402T130510Z.pb,8716,41ffbd1b3e10999710726c1ac1eef5d5784d7929f8395717e6082acce4b28a5e,
alerts_sidecar_20260402T130510Z,2026-04-02T13:05:11Z,2026-04-02T13:05:10Z,2026-04-02T13:00:00Z,2026-04-02T13:30:00Z,live,ok,live_endpoint,,TTC-PULSE/alerts/raw_snapshots/alerts_20260402T130510Z.pb,TTC-PULSE/alerts/raw_snapshots/alerts_20260402T130510Z.pb,1843,e73491a611d24aac831b9de9bfb52e2322c1c753383d25e2b941a51157890bd6,
alerts_sidecar_20260402T130510Z,2026-04-02T13:05:12Z,2026-04-02T13:05:10Z,2026-04-02T13:00:00Z,2026-04-02T13:30:00Z,live,ok,live_endpoint,,TTC-PULSE/alerts/raw_snapshots/alerts_20260402T130510Z.pb,TTC-PULSE/alerts/raw_snapshots/alerts_20260402T130510Z.pb,3286,a9c909122e2c556ee44b562112ecb7554330c3d987172055a3245cb0791095f3,
alerts_sidecar_20260402T130540Z,2026-04-02T13:05:41Z,2026-04-02T13:05:40Z,2026-04-02T13:00:00Z,2026-04-02T13:30:00Z,live,ok,live_endpoint,,TTC-PULSE/alerts/raw_snapshots/alerts_20260402T130540Z.pb,TTC-PULSE/alerts/raw_snapshots/alerts_20260402T130540Z.pb,8716,14e9c55439d3481e6d0607dbb00db8a51b692bab4e3bbf3581a052379e303bd0,
alerts_sidecar_20260402T130540Z,2026-04-02T13:05:41Z,2026-04-02T13:05:40Z,2026-04-02T13:00:00Z,2026-04-02T13:30:00Z,live,ok,live_endpoint,,TTC-PULSE/alerts/raw_snapshots/alerts_20260402T130540Z.pb,TTC-PULSE/alerts/raw_snapshots/alerts_20260402T130540Z.pb,1843,96453c040870dd6ae75712dcb8c5bd49f2e4cce956a2e59f3584e7c2f9e69944,
alerts_sidecar_20260402T130540Z,2026-04-02T13:05:41Z,2026-04-02T13:05:40Z,2026-04-02T13:00:00Z,2026-04-02T13:30:00Z,live,ok,live_endpoint,,TTC-PULSE/alerts/raw_snapshots/alerts_20260402T130540Z.pb,TTC-PULSE/alerts/raw_snapshots/alerts_20260402T130540Z.pb,3286,244e2e54465d53c7a5b48a6d351762b4a2271023f20326573404f359ff867c29,
alerts_sidecar_20260402T130610Z,2026-04-02T13:06:11Z,2026-04-02T13:06:10Z,2026-04-02T13:00:00Z,2026-04-02T13:30:00Z,live,ok,live_endpoint,,TTC-PULSE/alerts/raw_snapshots/alerts_20260402T130610Z.pb,TTC-PULSE/alerts/raw_snapshots/alerts_20260402T130610Z.pb,8716,590aac9064773d37829844ed62e85f19d8bb293fec5641f490f05ff82c245664,
alerts_sidecar_20260402T130610Z,2026-04-02T13:06:12Z,2026-04-02T13:06:10Z,2026-04-02T13:00:00Z,2026-04-02T13:30:00Z,live,ok,live_endpoint,,TTC-PULSE/alerts/raw_snapshots/alerts_20260402T130610Z.pb,TTC-PULSE/alerts/raw_snapshots/alerts_20260402T130610Z.pb,1843,40585439dc32d9eedcbf0477cfcecfc451a31d80557273db3cb7f2b89ccdcfe4,
alerts_sidecar_20260402T130610Z,2026-04-02T13:06:12Z,2026-04-02T13:06:10Z,2026-04-02T13:00:00Z,2026-04-02T13:30:00Z,live,ok,live_endpoint,,TTC-PULSE/alerts/raw_snapshots/alerts_20260402T130610Z.pb,TTC-PULSE/alerts/raw_snapshots/alerts_20260402T130610Z.pb,3286,52281ac70342bdc53f13dfdf2c9c1ba917996b09a5eb96e60c4729b0c684c898,
alerts_sidecar_20260402T130640Z,2026-04-02T13:06:41Z,2026-04-02T13:06:40Z,2026-04-02T13:00:00Z,2026-04-02T13:30:00Z,live,ok,live_endpoint,,TTC-PULSE/alerts/raw_snapshots/alerts_20260402T130640Z.pb,TTC-PULSE/alerts/raw_snapshots/alerts_20260402T130640Z.pb,8716,548d26bd4095e16c1700d2c7848d10e9e468320d8bbdeb2b2b07ee7210bcd93f,
alerts_sidecar_20260402T130640Z,2026-04-02T13:06:42Z,2026-04-02T13:06:40Z,2026-04-02T13:00:00Z,2026-04-02T13:30:00Z,live,ok,live_endpoint,,TTC-PULSE/alerts/raw_snapshots/alerts_20260402T130640Z.pb,TTC-PULSE/alerts/raw_snapshots/alerts_20260402T130640Z.pb,1843,8c2a5a884306ebdfa3b0d528fb4b5e0d1414b6c216f90ed1d44622de77fefb51,
alerts_sidecar_20260402T130640Z,2026-04-02T13:06:42Z,2026-04-02T13:06:40Z,2026-04-02T13:00:00Z,2026-04-02T13:30:00Z,live,ok,live_endpoint,,TTC-PULSE/alerts/raw_snapshots/alerts_20260402T130640Z.pb,TTC-PULSE/alerts/raw_snapshots/alerts_20260402T130640Z.pb,3286,c5ec795957c26c2b87a9641707a63ac8adc7ac1db251761442b524d3353cb768,
alerts_sidecar_20260402T130710Z,2026-04-02T13:07:11Z,2026-04-02T13:07:10Z,2026-04-02T13:00:00Z,2026-04-02T13:30:00Z,live,ok,live_endpoint,,TTC-PULSE/alerts/raw_snapshots/alerts_20260402T130710Z.pb,TTC-PULSE/alerts/raw_snapshots/alerts_20260402T130710Z.pb,8716,d6f07133e319a0e007c9e40461720c270be51b45683374ed300ddb8c16e1410d,
alerts_sidecar_20260402T130710Z,2026-04-02T13:07:11Z,2026-04-02T13:07:10Z,2026-04-02T13:00:00Z,2026-04-02T13:30:00Z,live,ok,live_endpoint,,TTC-PULSE/alerts/raw_snapshots/alerts_20260402T130710Z.pb,TTC-PULSE/alerts/raw_snapshots/alerts_20260402T130710Z.pb,1843,dd01b032b27a2007dca7b964135fbca85e05a8cd76ce1e9ac7de1716dfb2eb70,
alerts_sidecar_20260402T130710Z,2026-04-02T13:07:12Z,2026-04-02T13:07:10Z,2026-04-02T13:00:00Z,2026-04-02T13:30:00Z,live,ok,live_endpoint,,TTC-PULSE/alerts/raw_snapshots/alerts_20260402T130710Z.pb,TTC-PULSE/alerts/raw_snapshots/alerts_20260402T130710Z.pb,3286,6cd8539714d941ac95c64d9e8197dfc1c7848f57c0be411a90de316cc6d3dec0,
alerts_sidecar_20260402T130740Z,2026-04-02T13:07:41Z,2026-04-02T13:07:40Z,2026-04-02T13:00:00Z,2026-04-02T13:30:00Z,live,ok,live_endpoint,,TTC-PULSE/alerts/raw_snapshots/alerts_20260402T130740Z.pb,TTC-PULSE/alerts/raw_snapshots/alerts_20260402T130740Z.pb,8716,92a5cba01606145688b0920fd165abcd0641556af69f17fadb0e8f94cfd645cd,
alerts_sidecar_20260402T130740Z,2026-04-02T13:07:41Z,2026-04-02T13:07:40Z,2026-04-02T13:00:00Z,2026-04-02T13:30:00Z,live,ok,live_endpoint,,TTC-PULSE/alerts/raw_snapshots/alerts_20260402T130740Z.pb,TTC-PULSE/alerts/raw_snapshots/alerts_20260402T130740Z.pb,1843,17ed53046abdfe9a4055c0f26306fe9ef468ee7e1bc26fd4a1b2e949ba4ee131,
alerts_sidecar_20260402T130740Z,2026-04-02T13:07:41Z,2026-04-02T13:07:40Z,2026-04-02T13:00:00Z,2026-04-02T13:30:00Z,live,ok,live_endpoint,,TTC-PULSE/alerts/raw_snapshots/alerts_20260402T130740Z.pb,TTC-PULSE/alerts/raw_snapshots/alerts_20260402T130740Z.pb,3286,c20d82d2993ca860546318a62a40d91d07ca8c02f46d6de52aa4c51f242e7bce,
alerts_sidecar_20260402T130810Z,2026-04-02T13:08:11Z,2026-04-02T13:08:10Z,2026-04-02T13:00:00Z,2026-04-02T13:30:00Z,live,ok,live_endpoint,,TTC-PULSE/alerts/raw_snapshots/alerts_20260402T130810Z.pb,TTC-PULSE/alerts/raw_snapshots/alerts_20260402T130810Z.pb,8716,6ac3e6924a60f862b881b868b32bd70cd4477388938222d5630173a8867af973,
alerts_sidecar_20260402T130810Z,2026-04-02T13:08:11Z,2026-04-02T13:08:10Z,2026-04-02T13:00:00Z,2026-04-02T13:30:00Z,live,ok,live_endpoint,,TTC-PULSE/alerts/raw_snapshots/alerts_20260402T130810Z.pb,TTC-PULSE/alerts/raw_snapshots/alerts_20260402T130810Z.pb,1843,ef98688cc5cce1fafeaeea3dcef803f0841c37ac642548926ae707adc16ea84d,
alerts_sidecar_20260402T130810Z,2026-04-02T13:08:11Z,2026-04-02T13:08:10Z,2026-04-02T13:00:00Z,2026-04-02T13:30:00Z,live,ok,live_endpoint,,TTC-PULSE/alerts/raw_snapshots/alerts_20260402T130810Z.pb,TTC-PULSE/alerts/raw_snapshots/alerts_20260402T130810Z.pb,3286,7eff03ed216083ee29ab7c2ed850dc741699121b5dc17a8b68077fca49bc5fee,
alerts_sidecar_20260402T130840Z,2026-04-02T13:08:41Z,2026-04-02T13:08:40Z,2026-04-02T13:00:00Z,2026-04-02T13:30:00Z,live,ok,live_endpoint,,TTC-PULSE/alerts/raw_snapshots/alerts_20260402T130840Z.pb,TTC-PULSE/alerts/raw_snapshots/alerts_20260402T130840Z.pb,8716,8f6fb62a74ed686062f9429299ed108eedd50f6d0f8a82afad8afe8978250599,
alerts_sidecar_20260402T130840Z,2026-04-02T13:08:42Z,2026-04-02T13:08:40Z,2026-04-02T13:00:00Z,2026-04-02T13:30:00Z,live,ok,live_endpoint,,TTC-PULSE/alerts/raw_snapshots/alerts_20260402T130840Z.pb,TTC-PULSE/alerts/raw_snapshots/alerts_20260402T130840Z.pb,1843,518af0efccf44dc1935d209d216719ea267de37db9f66ca1e7d7bcbfea18cdcf,
alerts_sidecar_20260402T130840Z,2026-04-02T13:08:42Z,2026-04-02T13:08:40Z,2026-04-02T13:00:00Z,2026-04-02T13:30:00Z,live,ok,live_endpoint,,TTC-PULSE/alerts/raw_snapshots/alerts_20260402T130840Z.pb,TTC-PULSE/alerts/raw_snapshots/alerts_20260402T130840Z.pb,3286,edad678c4c6c68d880118335f11a72616483976456d26a3b5e6275f5e826473f,
alerts_sidecar_20260402T130910Z,2026-04-02T13:09:11Z,2026-04-02T13:09:10Z,2026-04-02T13:00:00Z,2026-04-02T13:30:00Z,live,ok,live_endpoint,,TTC-PULSE/alerts/raw_snapshots/alerts_20260402T130910Z.pb,TTC-PULSE/alerts/raw_snapshots/alerts_20260402T130910Z.pb,8716,3349bdf5a6586f805e6d3d1a7f8cad5a23404ff2a914bbaf4755f71100696251,
alerts_sidecar_20260402T130910Z,2026-04-02T13:09:11Z,2026-04-02T13:09:10Z,2026-04-02T13:00:00Z,2026-04-02T13:30:00Z,live,ok,live_endpoint,,TTC-PULSE/alerts/raw_snapshots/alerts_20260402T130910Z.pb,TTC-PULSE/alerts/raw_snapshots/alerts_20260402T130910Z.pb,1843,37f85a0635ab0246ba24b0e422f2a260abd5096fee2ac6fa924eff91f03b5c2c,
alerts_sidecar_20260402T130910Z,2026-04-02T13:09:12Z,2026-04-02T13:09:10Z,2026-04-02T13:00:00Z,2026-04-02T13:30:00Z,live,ok,live_endpoint,,TTC-PULSE/alerts/raw_snapshots/alerts_20260402T130910Z.pb,TTC-PULSE/alerts/raw_snapshots/alerts_20260402T130910Z.pb,3286,2d725b7f1b3d28b476b6d3e4c235301cce7cd803618a83315980a046d6876261,
alerts_sidecar_20260402T130940Z,2026-04-02T13:09:41Z,2026-04-02T13:09:40Z,2026-04-02T13:00:00Z,2026-04-02T13:30:00Z,live,ok,live_endpoint,,TTC-PULSE/alerts/raw_snapshots/alerts_20260402T130940Z.pb,TTC-PULSE/alerts/raw_snapshots/alerts_20260402T130940Z.pb,8716,7dbfb7530d5008648e61c96ac4e408d3a77851cef726cdde63d3c19ac4a35c39,
alerts_sidecar_20260402T130940Z,2026-04-02T13:09:41Z,2026-04-02T13:09:40Z,2026-04-02T13:00:00Z,2026-04-02T13:30:00Z,live,ok,live_endpoint,,TTC-PULSE/alerts/raw_snapshots/alerts_20260402T130940Z.pb,TTC-PULSE/alerts/raw_snapshots/alerts_20260402T130940Z.pb,1843,13dc1cecd25d647e4b9ba442a777c3d7d4f2593fce19266b54ed95b5f9fac923,
alerts_sidecar_20260402T130940Z,2026-04-02T13:09:41Z,2026-04-02T13:09:40Z,2026-04-02T13:00:00Z,2026-04-02T13:30:00Z,live,ok,live_endpoint,,TTC-PULSE/alerts/raw_snapshots/alerts_20260402T130940Z.pb,TTC-PULSE/alerts/raw_snapshots/alerts_20260402T130940Z.pb,3286,2629b02a31da4d59d62d604515007256d8b4911f4cf47bd86099ee2fd5a79487,
alerts_sidecar_20260402T131010Z,2026-04-02T13:10:11Z,2026-04-02T13:10:10Z,2026-04-02T13:00:00Z,2026-04-02T13:30:00Z,live,ok,live_endpoint,,TTC-PULSE/alerts/raw_snapshots/alerts_20260402T131010Z.pb,TTC-PULSE/alerts/raw_snapshots/alerts_20260402T131010Z.pb,8716,9f31baa2d3b587219d17d940720a9e6ae57c710f017202f7e221d51961798d06,
alerts_sidecar_20260402T131010Z,2026-04-02T13:10:11Z,2026-04-02T13:10:10Z,2026-04-02T13:00:00Z,2026-04-02T13:30:00Z,live,ok,live_endpoint,,TTC-PULSE/alerts/raw_snapshots/alerts_20260402T131010Z.pb,TTC-PULSE/alerts/raw_snapshots/alerts_20260402T131010Z.pb,1843,dce1363f17a3f2c40f5c403340f171e83ffca8ee6c9deaa91823179fc1384ffc,
alerts_sidecar_20260402T131010Z,2026-04-02T13:10:12Z,2026-04-02T13:10:10Z,2026-04-02T13:00:00Z,2026-04-02T13:30:00Z,live,ok,live_endpoint,,TTC-PULSE/alerts/raw_snapshots/alerts_20260402T131010Z.pb,TTC-PULSE/alerts/raw_snapshots/alerts_20260402T131010Z.pb,3286,1600d759fdab6fbb849de3f2177e6f8bda229aa03b74fb1420d8a2385920793a,
alerts_sidecar_20260402T131040Z,2026-04-02T13:10:41Z,2026-04-02T13:10:40Z,2026-04-02T13:00:00Z,2026-04-02T13:30:00Z,live,ok,live_endpoint,,TTC-PULSE/alerts/raw_snapshots/alerts_20260402T131040Z.pb,TTC-PULSE/alerts/raw_snapshots/alerts_20260402T131040Z.pb,8716,50b93222150fe9184a37b4b81566494446a5a87cac22581855382320bd4f002a,
alerts_sidecar_20260402T131040Z,2026-04-02T13:10:41Z,2026-04-02T13:10:40Z,2026-04-02T13:00:00Z,2026-04-02T13:30:00Z,live,ok,live_endpoint,,TTC-PULSE/alerts/raw_snapshots/alerts_20260402T131040Z.pb,TTC-PULSE/alerts/raw_snapshots/alerts_20260402T131040Z.pb,1843,94502715e5c415b89393881567bdf143a519f86454b93a5e2d0d1f4123c10e54,
alerts_sidecar_20260402T131040Z,2026-04-02T13:10:42Z,2026-04-02T13:10:40Z,2026-04-02T13:00:00Z,2026-04-02T13:30:00Z,live,ok,live_endpoint,,TTC-PULSE/alerts/raw_snapshots/alerts_20260402T131040Z.pb,TTC-PULSE/alerts/raw_snapshots/alerts_20260402T131040Z.pb,3286,4e77a3e64940705921e3c3a888042e8d9612e35ad5e9003911cfe1c0ecf7ad4f,
alerts_sidecar_20260402T131110Z,2026-04-02T13:11:11Z,2026-04-02T13:11:10Z,2026-04-02T13:00:00Z,2026-04-02T13:30:00Z,live,ok,live_endpoint,,TTC-PULSE/alerts/raw_snapshots/alerts_20260402T131110Z.pb,TTC-PULSE/alerts/raw_snapshots/alerts_20260402T131110Z.pb,8716,2ede3946d6e6e90cce918254a2a74a10694c8d512b618180e01363b19e1b3b23,
alerts_sidecar_20260402T131110Z,2026-04-02T13:11:11Z,2026-04-02T13:11:10Z,2026-04-02T13:00:00Z,2026-04-02T13:30:00Z,live,ok,live_endpoint,,TTC-PULSE/alerts/raw_snapshots/alerts_20260402T131110Z.pb,TTC-PULSE/alerts/raw_snapshots/alerts_20260402T131110Z.pb,1843,5c75e3cffd488ef593223985331624f3514dbb74a4686b42577499351221cba1,
alerts_sidecar_20260402T131110Z,2026-04-02T13:11:12Z,2026-04-02T13:11:10Z,2026-04-02T13:00:00Z,2026-04-02T13:30:00Z,live,ok,live_endpoint,,TTC-PULSE/alerts/raw_snapshots/alerts_20260402T131110Z.pb,TTC-PULSE/alerts/raw_snapshots/alerts_20260402T131110Z.pb,3286,5d2252d9c7136e48868a7350d434c3389f4906feb040c8c60ffbbd6ad6251857,
alerts_sidecar_20260402T131140Z,2026-04-02T13:11:41Z,2026-04-02T13:11:40Z,2026-04-02T13:00:00Z,2026-04-02T13:30:00Z,live,ok,live_endpoint,,TTC-PULSE/alerts/raw_snapshots/alerts_20260402T131140Z.pb,TTC-PULSE/alerts/raw_snapshots/alerts_20260402T131140Z.pb,8716,ed3c1043623a38160461433fa9b230ddcaf9dc256f2d753ed08b26451f8559d6,
alerts_sidecar_20260402T131140Z,2026-04-02T13:11:41Z,2026-04-02T13:11:40Z,2026-04-02T13:00:00Z,2026-04-02T13:30:00Z,live,ok,live_endpoint,,TTC-PULSE/alerts/raw_snapshots/alerts_20260402T131140Z.pb,TTC-PULSE/alerts/raw_snapshots/alerts_20260402T131140Z.pb,1843,d0e022f02467c8a56cfe51bcbdd6eb2967d151e6f33a297b1358a8f0cb4bb6f0,
alerts_sidecar_20260402T131140Z,2026-04-02T13:11:42Z,2026-04-02T13:11:40Z,2026-04-02T13:00:00Z,2026-04-02T13:30:00Z,live,ok,live_endpoint,,TTC-PULSE/alerts/raw_snapshots/alerts_20260402T131140Z.pb,TTC-PULSE/alerts/raw_snapshots/alerts_20260402T131140Z.pb,3286,c8dad3e4df393ddefe67792d569b842a3aac31c9518fa5a0cc4f54e9bdea5af6,
alerts_sidecar_20260402T131210Z,2026-04-02T13:12:11Z,2026-04-02T13:12:10Z,2026-04-02T13:00:00Z,2026-04-02T13:30:00Z,live,ok,live_endpoint,,TTC-PULSE/alerts/raw_snapshots/alerts_20260402T131210Z.pb,TTC-PULSE/alerts/raw_snapshots/alerts_20260402T131210Z.pb,8716,f7a7a6cc7fcaf18132225b6326242d62fe6428edde9b8aabc73f32092e9e7164,
alerts_sidecar_20260402T131210Z,2026-04-02T13:12:11Z,2026-04-02T13:12:10Z,2026-04-02T13:00:00Z,2026-04-02T13:30:00Z,live,ok,live_endpoint,,TTC-PULSE/alerts/raw_snapshots/alerts_20260402T131210Z.pb,TTC-PULSE/alerts/raw_snapshots/alerts_20260402T131210Z.pb,1843,f4dfafbfd5a31d9a1412bf661918e928411d16046d12f1db2c21a6fc6fd87211,
alerts_sidecar_20260402T131210Z,2026-04-02T13:12:11Z,2026-04-02T13:12:10Z,2026-04-02T13:00:00Z,2026-04-02T13:30:00Z,live,ok,live_endpoint,,TTC-PULSE/alerts/raw_snapshots/alerts_20260402T131210Z.pb,TTC-PULSE/alerts/raw_snapshots/alerts_20260402T131210Z.pb,3286,9953347d1acb0200f3c393cbcf4967e110dba436ae2832e63f2f2502c985b34d,
alerts_sidecar_20260402T131240Z,2026-04-02T13:12:41Z,2026-04-02T13:12:40Z,2026-04-02T13:00:00Z,2026-04-02T13:30:00Z,live,ok,live_endpoint,,TTC-PULSE/alerts/raw_snapshots/alerts_20260402T131240Z.pb,TTC-PULSE/alerts/raw_snapshots/alerts_20260402T131240Z.pb,8716,1ab3d868a327616fa697a9dfc474db4f333f6082a2e456a77907d3558fc65e84,
alerts_sidecar_20260402T131240Z,2026-04-02T13:12:41Z,2026-04-02T13:12:40Z,2026-04-02T13:00:00Z,2026-04-02T13:30:00Z,live,ok,live_endpoint,,TTC-PULSE/alerts/raw_snapshots/alerts_20260402T131240Z.pb,TTC-PULSE/alerts/raw_snapshots/alerts_20260402T131240Z.pb,1843,d489f39b88accc6badac19dc25408cfd7cacd186c14c8f03eb64af5497dfda03,
alerts_sidecar_20260402T131240Z,2026-04-02T13:12:42Z,2026-04-02T13:12:40Z,2026-04-02T13:00:00Z,2026-04-02T13:30:00Z,live,ok,live_endpoint,,TTC-PULSE/alerts/raw_snapshots/alerts_20260402T131240Z.pb,TTC-PULSE/alerts/raw_snapshots/alerts_20260402T131240Z.pb,3286,daa060dd608abadcff9e2c0a1b9f7174a113186c5e2fa439f1449b2a065ed9f9,
alerts_sidecar_20260402T131310Z,2026-04-02T13:13:11Z,2026-04-02T13:13:10Z,2026-04-02T13:00:00Z,2026-04-02T13:30:00Z,live,ok,live_endpoint,,TTC-PULSE/alerts/raw_snapshots/alerts_20260402T131310Z.pb,TTC-PULSE/alerts/raw_snapshots/alerts_20260402T131310Z.pb,8716,a6864fba729c32ed5ac4c9c55c0d6f348107c1972501603fd8d9107b93fc83d7,
alerts_sidecar_20260402T131310Z,2026-04-02T13:13:11Z,2026-04-02T13:13:10Z,2026-04-02T13:00:00Z,2026-04-02T13:30:00Z,live,ok,live_endpoint,,TTC-PULSE/alerts/raw_snapshots/alerts_20260402T131310Z.pb,TTC-PULSE/alerts/raw_snapshots/alerts_20260402T131310Z.pb,1843,ca14b062a1568adb881b8c394d5b290ccde340fc4e71518733b97a153a7aecbf,
alerts_sidecar_20260402T131310Z,2026-04-02T13:13:12Z,2026-04-02T13:13:10Z,2026-04-02T13:00:00Z,2026-04-02T13:30:00Z,live,ok,live_endpoint,,TTC-PULSE/alerts/raw_snapshots/alerts_20260402T131310Z.pb,TTC-PULSE/alerts/raw_snapshots/alerts_20260402T131310Z.pb,3286,92e4277b800078db7f2136826495f717c6d9c5be8d5a05a6647d16dd9e878ac4,
alerts_sidecar_20260402T131340Z,2026-04-02T13:13:41Z,2026-04-02T13:13:40Z,2026-04-02T13:00:00Z,2026-04-02T13:30:00Z,live,ok,live_endpoint,,TTC-PULSE/alerts/raw_snapshots/alerts_20260402T131340Z.pb,TTC-PULSE/alerts/raw_snapshots/alerts_20260402T131340Z.pb,8716,63ac8eae76e0e0d1150d5c80fbf8a5a3bd1b38303852729c9a8651bd622f388f,
alerts_sidecar_20260402T131340Z,2026-04-02T13:13:41Z,2026-04-02T13:13:40Z,2026-04-02T13:00:00Z,2026-04-02T13:30:00Z,live,ok,live_endpoint,,TTC-PULSE/alerts/raw_snapshots/alerts_20260402T131340Z.pb,TTC-PULSE/alerts/raw_snapshots/alerts_20260402T131340Z.pb,2317,719e5539e3feaeb836d9815f2144787e6915b8d163a6aef6d5a9ecdb77ec2c4e,
alerts_sidecar_20260402T131340Z,2026-04-02T13:13:42Z,2026-04-02T13:13:40Z,2026-04-02T13:00:00Z,2026-04-02T13:30:00Z,live,ok,live_endpoint,,TTC-PULSE/alerts/raw_snapshots/alerts_20260402T131340Z.pb,TTC-PULSE/alerts/raw_snapshots/alerts_20260402T131340Z.pb,3286,251edc80bed522e46be6130329770876ad6c08781d16846dac6e3b1e0541480f,
alerts_sidecar_20260402T131410Z,2026-04-02T13:14:11Z,2026-04-02T13:14:10Z,2026-04-02T13:00:00Z,2026-04-02T13:30:00Z,live,ok,live_endpoint,,TTC-PULSE/alerts/raw_snapshots/alerts_20260402T131410Z.pb,TTC-PULSE/alerts/raw_snapshots/alerts_20260402T131410Z.pb,8716,7794fc4e29493bd9d82fb16c18ec531e46a390cc1836ede55eec0f30901d3e1e,
alerts_sidecar_20260402T131410Z,2026-04-02T13:14:11Z,2026-04-02T13:14:10Z,2026-04-02T13:00:00Z,2026-04-02T13:30:00Z,live,ok,live_endpoint,,TTC-PULSE/alerts/raw_snapshots/alerts_20260402T131410Z.pb,TTC-PULSE/alerts/raw_snapshots/alerts_20260402T131410Z.pb,2317,c5b743ca5de619ce2d5af64c3a0dd6f72f21eb97eaa9d100d76d7e45ca69b290,
alerts_sidecar_20260402T131410Z,2026-04-02T13:14:11Z,2026-04-02T13:14:10Z,2026-04-02T13:00:00Z,2026-04-02T13:30:00Z,live,ok,live_endpoint,,TTC-PULSE/alerts/raw_snapshots/alerts_20260402T131410Z.pb,TTC-PULSE/alerts/raw_snapshots/alerts_20260402T131410Z.pb,3286,d04b20723b8b9d753b728970ebbb3dc36fbd3ca99fa18816728f36581c47c6b1,
alerts_sidecar_20260402T131440Z,2026-04-02T13:14:41Z,2026-04-02T13:14:40Z,2026-04-02T13:00:00Z,2026-04-02T13:30:00Z,live,ok,live_endpoint,,TTC-PULSE/alerts/raw_snapshots/alerts_20260402T131440Z.pb,TTC-PULSE/alerts/raw_snapshots/alerts_20260402T131440Z.pb,8716,5b9585ee9184b4329e196c339efb911ee4868826f87ed18f7887edb16e7745e7,
alerts_sidecar_20260402T131440Z,2026-04-02T13:14:42Z,2026-04-02T13:14:40Z,2026-04-02T13:00:00Z,2026-04-02T13:30:00Z,live,ok,live_endpoint,,TTC-PULSE/alerts/raw_snapshots/alerts_20260402T131440Z.pb,TTC-PULSE/alerts/raw_snapshots/alerts_20260402T131440Z.pb,2317,2da67ebad301bd8e272e00495705dfe2947f557ec1d21458781d8d7fff36655e,
alerts_sidecar_20260402T131440Z,2026-04-02T13:14:42Z,2026-04-02T13:14:40Z,2026-04-02T13:00:00Z,2026-04-02T13:30:00Z,live,ok,live_endpoint,,TTC-PULSE/alerts/raw_snapshots/alerts_20260402T131440Z.pb,TTC-PULSE/alerts/raw_snapshots/alerts_20260402T131440Z.pb,3286,f610bd8f8a2dd57731c7c2ff36953734d626ca3bf541bcc55a2422d9fd246c9e,
alerts_sidecar_20260402T131510Z,2026-04-02T13:15:11Z,2026-04-02T13:15:10Z,2026-04-02T13:00:00Z,2026-04-02T13:30:00Z,live,ok,live_endpoint,,TTC-PULSE/alerts/raw_snapshots/alerts_20260402T131510Z.pb,TTC-PULSE/alerts/raw_snapshots/alerts_20260402T131510Z.pb,8716,dda46f5c6ac32793bb59836933f0ce5fc9dc35c29e2ef6f7f5c00b683e8abd36,
alerts_sidecar_20260402T131510Z,2026-04-02T13:15:11Z,2026-04-02T13:15:10Z,2026-04-02T13:00:00Z,2026-04-02T13:30:00Z,live,ok,live_endpoint,,TTC-PULSE/alerts/raw_snapshots/alerts_20260402T131510Z.pb,TTC-PULSE/alerts/raw_snapshots/alerts_20260402T131510Z.pb,2317,361d262b4b28496d54c7add51d94e64c1b4e3c0bf821512882fd12c2d94ef437,
alerts_sidecar_20260402T131510Z,2026-04-02T13:15:12Z,2026-04-02T13:15:10Z,2026-04-02T13:00:00Z,2026-04-02T13:30:00Z,live,ok,live_endpoint,,TTC-PULSE/alerts/raw_snapshots/alerts_20260402T131510Z.pb,TTC-PULSE/alerts/raw_snapshots/alerts_20260402T131510Z.pb,3286,b1f787c1eb0fa395785620b8108ef2eb59b8a551a4f124525b95464fd7b3a6a8,
alerts_sidecar_20260402T131540Z,2026-04-02T13:15:41Z,2026-04-02T13:15:40Z,2026-04-02T13:00:00Z,2026-04-02T13:30:00Z,live,ok,live_endpoint,,TTC-PULSE/alerts/raw_snapshots/alerts_20260402T131540Z.pb,TTC-PULSE/alerts/raw_snapshots/alerts_20260402T131540Z.pb,8716,d84143b01dc4c85d5069d1850325d8381a149cd8b9fb6240c4526aaf9930e455,
alerts_sidecar_20260402T131540Z,2026-04-02T13:15:41Z,2026-04-02T13:15:40Z,2026-04-02T13:00:00Z,2026-04-02T13:30:00Z,live,ok,live_endpoint,,TTC-PULSE/alerts/raw_snapshots/alerts_20260402T131540Z.pb,TTC-PULSE/alerts/raw_snapshots/alerts_20260402T131540Z.pb,2317,f9e514047bc0e68c0b0ef0742835bcd81094e0a20a11dbb33485d104c7781489,
alerts_sidecar_20260402T131540Z,2026-04-02T13:15:42Z,2026-04-02T13:15:40Z,2026-04-02T13:00:00Z,2026-04-02T13:30:00Z,live,ok,live_endpoint,,TTC-PULSE/alerts/raw_snapshots/alerts_20260402T131540Z.pb,TTC-PULSE/alerts/raw_snapshots/alerts_20260402T131540Z.pb,3286,3162b34bf436472e5f8f4d6905e1eef2bb0a4529aabaeb1164c75f8bf6406398,
alerts_sidecar_20260402T131610Z,2026-04-02T13:16:11Z,2026-04-02T13:16:10Z,2026-04-02T13:00:00Z,2026-04-02T13:30:00Z,live,ok,live_endpoint,,TTC-PULSE/alerts/raw_snapshots/alerts_20260402T131610Z.pb,TTC-PULSE/alerts/raw_snapshots/alerts_20260402T131610Z.pb,8716,ad6aee6f6b3bbdd2b2322086e2e3961c223dab04235b57571588f7983b9f0275,
alerts_sidecar_20260402T131610Z,2026-04-02T13:16:11Z,2026-04-02T13:16:10Z,2026-04-02T13:00:00Z,2026-04-02T13:30:00Z,live,ok,live_endpoint,,TTC-PULSE/alerts/raw_snapshots/alerts_20260402T131610Z.pb,TTC-PULSE/alerts/raw_snapshots/alerts_20260402T131610Z.pb,2317,8406c451271efc6505f16515b9222d49b50007ecb42c7360463e52a630b25934,
alerts_sidecar_20260402T131610Z,2026-04-02T13:16:12Z,2026-04-02T13:16:10Z,2026-04-02T13:00:00Z,2026-04-02T13:30:00Z,live,ok,live_endpoint,,TTC-PULSE/alerts/raw_snapshots/alerts_20260402T131610Z.pb,TTC-PULSE/alerts/raw_snapshots/alerts_20260402T131610Z.pb,3286,d9477f00d39d2df6dc406818af2b8ef55454c4ca04ff58c9287fdc71f3340e12,
alerts_sidecar_20260402T131640Z,2026-04-02T13:16:41Z,2026-04-02T13:16:40Z,2026-04-02T13:00:00Z,2026-04-02T13:30:00Z,live,ok,live_endpoint,,TTC-PULSE/alerts/raw_snapshots/alerts_20260402T131640Z.pb,TTC-PULSE/alerts/raw_snapshots/alerts_20260402T131640Z.pb,8716,4c82924baa725f29c9806404ea383541793c72168ebdb77c4fb8cf58beb9a402,
alerts_sidecar_20260402T131640Z,2026-04-02T13:16:41Z,2026-04-02T13:16:40Z,2026-04-02T13:00:00Z,2026-04-02T13:30:00Z,live,ok,live_endpoint,,TTC-PULSE/alerts/raw_snapshots/alerts_20260402T131640Z.pb,TTC-PULSE/alerts/raw_snapshots/alerts_20260402T131640Z.pb,2317,74b5351e9da2be5d02fb0b8f3cf80f441efc576dd681822060de43a09307dc08,
alerts_sidecar_20260402T131640Z,2026-04-02T13:16:42Z,2026-04-02T13:16:40Z,2026-04-02T13:00:00Z,2026-04-02T13:30:00Z,live,ok,live_endpoint,,TTC-PULSE/alerts/raw_snapshots/alerts_20260402T131640Z.pb,TTC-PULSE/alerts/raw_snapshots/alerts_20260402T131640Z.pb,3286,907c28a673bc70de1351c4dab60717f00e4e0f3ab27d82d8e389c8c684b4b7ab,
alerts_sidecar_20260402T131710Z,2026-04-02T13:17:11Z,2026-04-02T13:17:10Z,2026-04-02T13:00:00Z,2026-04-02T13:30:00Z,live,ok,live_endpoint,,TTC-PULSE/alerts/raw_snapshots/alerts_20260402T131710Z.pb,TTC-PULSE/alerts/raw_snapshots/alerts_20260402T131710Z.pb,8716,54706722b91adb9a2e5bd17da86653e7ce1f7edb43baea52fc4ee9c32a9134c5,
alerts_sidecar_20260402T131710Z,2026-04-02T13:17:11Z,2026-04-02T13:17:10Z,2026-04-02T13:00:00Z,2026-04-02T13:30:00Z,live,ok,live_endpoint,,TTC-PULSE/alerts/raw_snapshots/alerts_20260402T131710Z.pb,TTC-PULSE/alerts/raw_snapshots/alerts_20260402T131710Z.pb,2317,fb33f4624046d3d23f081fa4bb618d985ad0ec756971268967464a0851c8792b,
alerts_sidecar_20260402T131710Z,2026-04-02T13:17:11Z,2026-04-02T13:17:10Z,2026-04-02T13:00:00Z,2026-04-02T13:30:00Z,live,ok,live_endpoint,,TTC-PULSE/alerts/raw_snapshots/alerts_20260402T131710Z.pb,TTC-PULSE/alerts/raw_snapshots/alerts_20260402T131710Z.pb,3286,2500c76ba2cf49b7bb8edcd450a82627a17a8db0a3cfff57a86af176520724f8,
alerts_sidecar_20260402T131740Z,2026-04-02T13:17:41Z,2026-04-02T13:17:40Z,2026-04-02T13:00:00Z,2026-04-02T13:30:00Z,live,ok,live_endpoint,,TTC-PULSE/alerts/raw_snapshots/alerts_20260402T131740Z.pb,TTC-PULSE/alerts/raw_snapshots/alerts_20260402T131740Z.pb,8716,593816939a27c50d070f02b1654e89240dcfecd76b88cc663dd733147cd191f1,
alerts_sidecar_20260402T131740Z,2026-04-02T13:17:41Z,2026-04-02T13:17:40Z,2026-04-02T13:00:00Z,2026-04-02T13:30:00Z,live,ok,live_endpoint,,TTC-PULSE/alerts/raw_snapshots/alerts_20260402T131740Z.pb,TTC-PULSE/alerts/raw_snapshots/alerts_20260402T131740Z.pb,2317,fea8fb111e491a6a820c5b33c583b440bf6249363a827cacd3a205846a115f64,
alerts_sidecar_20260402T131740Z,2026-04-02T13:17:42Z,2026-04-02T13:17:40Z,2026-04-02T13:00:00Z,2026-04-02T13:30:00Z,live,ok,live_endpoint,,TTC-PULSE/alerts/raw_snapshots/alerts_20260402T131740Z.pb,TTC-PULSE/alerts/raw_snapshots/alerts_20260402T131740Z.pb,3286,83009846b2bb867c6eb97da6535d9481fda620536c7413763b06f6ee53edf9b0,
alerts_sidecar_20260402T131810Z,2026-04-02T13:18:11Z,2026-04-02T13:18:10Z,2026-04-02T13:00:00Z,2026-04-02T13:30:00Z,live,ok,live_endpoint,,TTC-PULSE/alerts/raw_snapshots/alerts_20260402T131810Z.pb,TTC-PULSE/alerts/raw_snapshots/alerts_20260402T131810Z.pb,8716,85b41db7846adaab90dcce4e27ae30bd79b114ec4af04240e6b94404b70cbabc,
alerts_sidecar_20260402T131810Z,2026-04-02T13:18:11Z,2026-04-02T13:18:10Z,2026-04-02T13:00:00Z,2026-04-02T13:30:00Z,live,ok,live_endpoint,,TTC-PULSE/alerts/raw_snapshots/alerts_20260402T131810Z.pb,TTC-PULSE/alerts/raw_snapshots/alerts_20260402T131810Z.pb,2317,72d5b99d630dc781967301ed1630c6f9c437c32fa05f5e8671d2ed07b8455573,
alerts_sidecar_20260402T131810Z,2026-04-02T13:18:12Z,2026-04-02T13:18:10Z,2026-04-02T13:00:00Z,2026-04-02T13:30:00Z,live,ok,live_endpoint,,TTC-PULSE/alerts/raw_snapshots/alerts_20260402T131810Z.pb,TTC-PULSE/alerts/raw_snapshots/alerts_20260402T131810Z.pb,3286,bdc85122df89833c958eedbf21e771c49dcde45ee8718905be1e81f626f71964,
alerts_sidecar_20260402T131840Z,2026-04-02T13:18:42Z,2026-04-02T13:18:40Z,2026-04-02T13:00:00Z,2026-04-02T13:30:00Z,live,ok,live_endpoint,,TTC-PULSE/alerts/raw_snapshots/alerts_20260402T131840Z.pb,TTC-PULSE/alerts/raw_snapshots/alerts_20260402T131840Z.pb,8716,1664122b6780365fac970ff5ca03eaf40131628c5b1ad40006867200655802ec,
alerts_sidecar_20260402T131840Z,2026-04-02T13:18:42Z,2026-04-02T13:18:40Z,2026-04-02T13:00:00Z,2026-04-02T13:30:00Z,live,ok,live_endpoint,,TTC-PULSE/alerts/raw_snapshots/alerts_20260402T131840Z.pb,TTC-PULSE/alerts/raw_snapshots/alerts_20260402T131840Z.pb,2317,9239cc8926ffc49f1db6326991b29d9c5bfb9f4963bb41421a9a2f79798a8f20,
alerts_sidecar_20260402T131840Z,2026-04-02T13:18:42Z,2026-04-02T13:18:40Z,2026-04-02T13:00:00Z,2026-04-02T13:30:00Z,live,ok,live_endpoint,,TTC-PULSE/alerts/raw_snapshots/alerts_20260402T131840Z.pb,TTC-PULSE/alerts/raw_snapshots/alerts_20260402T131840Z.pb,3286,09155ac1a05d3a4d1d3feab7a46e73c7367d81f85b858b0a99a1a8b9984380b8,
alerts_sidecar_20260402T131910Z,2026-04-02T13:19:11Z,2026-04-02T13:19:10Z,2026-04-02T13:00:00Z,2026-04-02T13:30:00Z,live,ok,live_endpoint,,TTC-PULSE/alerts/raw_snapshots/alerts_20260402T131910Z.pb,TTC-PULSE/alerts/raw_snapshots/alerts_20260402T131910Z.pb,8716,4554edade87b30552989a728ac178590100afcc1d005b258e6803ed3d66b3237,
alerts_sidecar_20260402T131910Z,2026-04-02T13:19:11Z,2026-04-02T13:19:10Z,2026-04-02T13:00:00Z,2026-04-02T13:30:00Z,live,ok,live_endpoint,,TTC-PULSE/alerts/raw_snapshots/alerts_20260402T131910Z.pb,TTC-PULSE/alerts/raw_snapshots/alerts_20260402T131910Z.pb,2317,7956cd38f6a558a2a923a912dddf40adeb3d2ef708e38d665af7631291452d1a,
alerts_sidecar_20260402T131910Z,2026-04-02T13:19:11Z,2026-04-02T13:19:10Z,2026-04-02T13:00:00Z,2026-04-02T13:30:00Z,live,ok,live_endpoint,,TTC-PULSE/alerts/raw_snapshots/alerts_20260402T131910Z.pb,TTC-PULSE/alerts/raw_snapshots/alerts_20260402T131910Z.pb,3286,91a15567c0fd76e73ae213b6343bd3c4bd4e0bb262564311b2e636879ae302b3,
alerts_sidecar_20260402T131940Z,2026-04-02T13:19:41Z,2026-04-02T13:19:40Z,2026-04-02T13:00:00Z,2026-04-02T13:30:00Z,live,ok,live_endpoint,,TTC-PULSE/alerts/raw_snapshots/alerts_20260402T131940Z.pb,TTC-PULSE/alerts/raw_snapshots/alerts_20260402T131940Z.pb,8716,0e5a8b5e0ea4352e7d4f22c188189e2980af219713dd44ecd40efdcbcc486528,
alerts_sidecar_20260402T131940Z,2026-04-02T13:19:41Z,2026-04-02T13:19:40Z,2026-04-02T13:00:00Z,2026-04-02T13:30:00Z,live,ok,live_endpoint,,TTC-PULSE/alerts/raw_snapshots/alerts_20260402T131940Z.pb,TTC-PULSE/alerts/raw_snapshots/alerts_20260402T131940Z.pb,2317,0042f9968ad14e4c60133521f5e4c55d7522534d91f83a06b0061e173ebea3f1,
alerts_sidecar_20260402T131940Z,2026-04-02T13:19:42Z,2026-04-02T13:19:40Z,2026-04-02T13:00:00Z,2026-04-02T13:30:00Z,live,ok,live_endpoint,,TTC-PULSE/alerts/raw_snapshots/alerts_20260402T131940Z.pb,TTC-PULSE/alerts/raw_snapshots/alerts_20260402T131940Z.pb,3286,e1f33b4c0f87966c14a493e0bf68e5718418a0e854dc82ddb2fafac5139da916,
alerts_sidecar_20260402T132010Z,2026-04-02T13:20:11Z,2026-04-02T13:20:10Z,2026-04-02T13:00:00Z,2026-04-02T13:30:00Z,live,ok,live_endpoint,,TTC-PULSE/alerts/raw_snapshots/alerts_20260402T132010Z.pb,TTC-PULSE/alerts/raw_snapshots/alerts_20260402T132010Z.pb,8716,0119e3153fadf6024bd7dd6d7f615aba958e2475dd6e309f9e0f83994834aed0,
alerts_sidecar_20260402T132010Z,2026-04-02T13:20:11Z,2026-04-02T13:20:10Z,2026-04-02T13:00:00Z,2026-04-02T13:30:00Z,live,ok,live_endpoint,,TTC-PULSE/alerts/raw_snapshots/alerts_20260402T132010Z.pb,TTC-PULSE/alerts/raw_snapshots/alerts_20260402T132010Z.pb,2317,69152c15ceca29110fb64fc2c86b63f4519343b13e4c98f7b12590747030a999,
alerts_sidecar_20260402T132010Z,2026-04-02T13:20:12Z,2026-04-02T13:20:10Z,2026-04-02T13:00:00Z,2026-04-02T13:30:00Z,live,ok,live_endpoint,,TTC-PULSE/alerts/raw_snapshots/alerts_20260402T132010Z.pb,TTC-PULSE/alerts/raw_snapshots/alerts_20260402T132010Z.pb,3286,8e4932bc7ebcd90a4d43b9b498145ca1cf3d5bf5b210b03c33678694c9329b71,
alerts_sidecar_20260402T132040Z,2026-04-02T13:20:41Z,2026-04-02T13:20:40Z,2026-04-02T13:00:00Z,2026-04-02T13:30:00Z,live,ok,live_endpoint,,TTC-PULSE/alerts/raw_snapshots/alerts_20260402T132040Z.pb,TTC-PULSE/alerts/raw_snapshots/alerts_20260402T132040Z.pb,8716,245d325a62d02b018265a5619b35fdfe912112fe275c2b694503838c6ea72044,
alerts_sidecar_20260402T132040Z,2026-04-02T13:20:41Z,2026-04-02T13:20:40Z,2026-04-02T13:00:00Z,2026-04-02T13:30:00Z,live,ok,live_endpoint,,TTC-PULSE/alerts/raw_snapshots/alerts_20260402T132040Z.pb,TTC-PULSE/alerts/raw_snapshots/alerts_20260402T132040Z.pb,2317,7f4e1ae1dd4ecd3b0224af5b464a0ebf93f868d1e87f3f1df49f1c65ca6e0e7e,
alerts_sidecar_20260402T132040Z,2026-04-02T13:20:42Z,2026-04-02T13:20:40Z,2026-04-02T13:00:00Z,2026-04-02T13:30:00Z,live,ok,live_endpoint,,TTC-PULSE/alerts/raw_snapshots/alerts_20260402T132040Z.pb,TTC-PULSE/alerts/raw_snapshots/alerts_20260402T132040Z.pb,3286,628a876c4c4aa3b31758cd6c85bed786b7c4679b95f9836645242345d5761a85,
alerts_sidecar_20260402T132110Z,2026-04-02T13:21:11Z,2026-04-02T13:21:10Z,2026-04-02T13:00:00Z,2026-04-02T13:30:00Z,live,ok,live_endpoint,,TTC-PULSE/alerts/raw_snapshots/alerts_20260402T132110Z.pb,TTC-PULSE/alerts/raw_snapshots/alerts_20260402T132110Z.pb,8716,fc26265a0f04a4766962f5dd881b65bfe1a925180f1b1002263e3cf3e3e9d258,
alerts_sidecar_20260402T132110Z,2026-04-02T13:21:11Z,2026-04-02T13:21:10Z,2026-04-02T13:00:00Z,2026-04-02T13:30:00Z,live,ok,live_endpoint,,TTC-PULSE/alerts/raw_snapshots/alerts_20260402T132110Z.pb,TTC-PULSE/alerts/raw_snapshots/alerts_20260402T132110Z.pb,2317,2dece66e33e2a24e6daac6862931a20e61ce04e46b6e3386034374260a51da65,
alerts_sidecar_20260402T132110Z,2026-04-02T13:21:12Z,2026-04-02T13:21:10Z,2026-04-02T13:00:00Z,2026-04-02T13:30:00Z,live,ok,live_endpoint,,TTC-PULSE/alerts/raw_snapshots/alerts_20260402T132110Z.pb,TTC-PULSE/alerts/raw_snapshots/alerts_20260402T132110Z.pb,3286,f7b265aa6a413b523afcebb32c71325bc4d49d82c8ffac4d8d56ccc2c0729896,
alerts_sidecar_20260402T132140Z,2026-04-02T13:21:42Z,2026-04-02T13:21:40Z,2026-04-02T13:00:00Z,2026-04-02T13:30:00Z,live,ok,live_endpoint,,TTC-PULSE/alerts/raw_snapshots/alerts_20260402T132140Z.pb,TTC-PULSE/alerts/raw_snapshots/alerts_20260402T132140Z.pb,8716,f502b5e7bfe27cb8269afcc48a47fb5d61b644280bd0046ebdebc9972939248d,
alerts_sidecar_20260402T132140Z,2026-04-02T13:21:42Z,2026-04-02T13:21:40Z,2026-04-02T13:00:00Z,2026-04-02T13:30:00Z,live,ok,live_endpoint,,TTC-PULSE/alerts/raw_snapshots/alerts_20260402T132140Z.pb,TTC-PULSE/alerts/raw_snapshots/alerts_20260402T132140Z.pb,2317,616f2c7dfa3ccf75f2557791ec6d97baa5d02665687fc843a691b0ab1d6fb6e1,
alerts_sidecar_20260402T132140Z,2026-04-02T13:21:42Z,2026-04-02T13:21:40Z,2026-04-02T13:00:00Z,2026-04-02T13:30:00Z,live,ok,live_endpoint,,TTC-PULSE/alerts/raw_snapshots/alerts_20260402T132140Z.pb,TTC-PULSE/alerts/raw_snapshots/alerts_20260402T132140Z.pb,3286,6d75cc77c06acd95fdc30b3582b694315ad83b84f1daa6ca46b6059d9052eae0,
alerts_sidecar_20260402T132210Z,2026-04-02T13:22:11Z,2026-04-02T13:22:10Z,2026-04-02T13:00:00Z,2026-04-02T13:30:00Z,live,ok,live_endpoint,,TTC-PULSE/alerts/raw_snapshots/alerts_20260402T132210Z.pb,TTC-PULSE/alerts/raw_snapshots/alerts_20260402T132210Z.pb,8716,9dcddafeabef914f5fc48aac11f65b03c432ef69ac37097602161b195814cbdc,
alerts_sidecar_20260402T132210Z,2026-04-02T13:22:11Z,2026-04-02T13:22:10Z,2026-04-02T13:00:00Z,2026-04-02T13:30:00Z,live,ok,live_endpoint,,TTC-PULSE/alerts/raw_snapshots/alerts_20260402T132210Z.pb,TTC-PULSE/alerts/raw_snapshots/alerts_20260402T132210Z.pb,2317,7da0b7e2615cff8a08cb26e74057c5b76c65b3de4ecebe1deda640890e8b9b30,
alerts_sidecar_20260402T132210Z,2026-04-02T13:22:12Z,2026-04-02T13:22:10Z,2026-04-02T13:00:00Z,2026-04-02T13:30:00Z,live,ok,live_endpoint,,TTC-PULSE/alerts/raw_snapshots/alerts_20260402T132210Z.pb,TTC-PULSE/alerts/raw_snapshots/alerts_20260402T132210Z.pb,3286,999e83f01a95425a8560ec6666eaadce4a2b0e1e1cafb8a6f9c22fec623275ec,
alerts_sidecar_20260402T132310Z,2026-04-02T13:23:11Z,2026-04-02T13:23:10Z,2026-04-02T13:00:00Z,2026-04-02T13:30:00Z,live,ok,live_endpoint,,TTC-PULSE/alerts/raw_snapshots/alerts_20260402T132310Z.pb,TTC-PULSE/alerts/raw_snapshots/alerts_20260402T132310Z.pb,8716,a3ceba12d104487a0aee43b041891eec1844ce9d1473fee692ce5c134f15d058,
alerts_sidecar_20260402T132310Z,2026-04-02T13:23:11Z,2026-04-02T13:23:10Z,2026-04-02T13:00:00Z,2026-04-02T13:30:00Z,live,ok,live_endpoint,,TTC-PULSE/alerts/raw_snapshots/alerts_20260402T132310Z.pb,TTC-PULSE/alerts/raw_snapshots/alerts_20260402T132310Z.pb,2317,e3713902f7af4e5abfa5329bee986f11ab85cea5106a745926d7f813e7e96db5,
alerts_sidecar_20260402T132310Z,2026-04-02T13:23:12Z,2026-04-02T13:23:10Z,2026-04-02T13:00:00Z,2026-04-02T13:30:00Z,live,ok,live_endpoint,,TTC-PULSE/alerts/raw_snapshots/alerts_20260402T132310Z.pb,TTC-PULSE/alerts/raw_snapshots/alerts_20260402T132310Z.pb,3286,b816e0b7483aec7daf38a767de061b86994a857bb80f5e4d8a73c2c1e992b79e,
alerts_sidecar_20260402T132340Z,2026-04-02T13:23:41Z,2026-04-02T13:23:40Z,2026-04-02T13:00:00Z,2026-04-02T13:30:00Z,live,ok,live_endpoint,,TTC-PULSE/alerts/raw_snapshots/alerts_20260402T132340Z.pb,TTC-PULSE/alerts/raw_snapshots/alerts_20260402T132340Z.pb,8716,9a92146e153bb100d2b18d367b5aa5fd860970c4a9b4565733177def405f6dda,
alerts_sidecar_20260402T132340Z,2026-04-02T13:23:41Z,2026-04-02T13:23:40Z,2026-04-02T13:00:00Z,2026-04-02T13:30:00Z,live,ok,live_endpoint,,TTC-PULSE/alerts/raw_snapshots/alerts_20260402T132340Z.pb,TTC-PULSE/alerts/raw_snapshots/alerts_20260402T132340Z.pb,2317,69ff324e143aac0be5d5ca2957edde34ce61261edb4862ea25cced0a46bd536b,
alerts_sidecar_20260402T132340Z,2026-04-02T13:23:42Z,2026-04-02T13:23:40Z,2026-04-02T13:00:00Z,2026-04-02T13:30:00Z,live,ok,live_endpoint,,TTC-PULSE/alerts/raw_snapshots/alerts_20260402T132340Z.pb,TTC-PULSE/alerts/raw_snapshots/alerts_20260402T132340Z.pb,3286,5cd1e3280e9c49518ef7188dfe343ecd6a5703e19dfee1beca097e7e10ac68b1,
alerts_sidecar_20260402T132410Z,2026-04-02T13:24:11Z,2026-04-02T13:24:10Z,2026-04-02T13:00:00Z,2026-04-02T13:30:00Z,live,ok,live_endpoint,,TTC-PULSE/alerts/raw_snapshots/alerts_20260402T132410Z.pb,TTC-PULSE/alerts/raw_snapshots/alerts_20260402T132410Z.pb,8716,f850025283847802e8dc1e45b17e96855e48c814fd79f74ea566f415e2cb1872,
alerts_sidecar_20260402T132410Z,2026-04-02T13:24:11Z,2026-04-02T13:24:10Z,2026-04-02T13:00:00Z,2026-04-02T13:30:00Z,live,ok,live_endpoint,,TTC-PULSE/alerts/raw_snapshots/alerts_20260402T132410Z.pb,TTC-PULSE/alerts/raw_snapshots/alerts_20260402T132410Z.pb,2317,6eb095db3991dd13ce955fd1042e1f9fa0bdab9cef8a1d6520054115a673b27f,
alerts_sidecar_20260402T132410Z,2026-04-02T13:24:11Z,2026-04-02T13:24:10Z,2026-04-02T13:00:00Z,2026-04-02T13:30:00Z,live,ok,live_endpoint,,TTC-PULSE/alerts/raw_snapshots/alerts_20260402T132410Z.pb,TTC-PULSE/alerts/raw_snapshots/alerts_20260402T132410Z.pb,3286,13c20efeb73f30501ab226aa8223d488570380df9b3cf0ceb3b6b1a67c7e7b04,
alerts_sidecar_20260402T132440Z,2026-04-02T13:24:42Z,2026-04-02T13:24:40Z,2026-04-02T13:00:00Z,2026-04-02T13:30:00Z,live,ok,live_endpoint,,TTC-PULSE/alerts/raw_snapshots/alerts_20260402T132440Z.pb,TTC-PULSE/alerts/raw_snapshots/alerts_20260402T132440Z.pb,8716,b5b2a5d652c62456436551f6cc7b647c437e0bcd651946aaca032b6399e8b373,
alerts_sidecar_20260402T132440Z,2026-04-02T13:24:42Z,2026-04-02T13:24:40Z,2026-04-02T13:00:00Z,2026-04-02T13:30:00Z,live,ok,live_endpoint,,TTC-PULSE/alerts/raw_snapshots/alerts_20260402T132440Z.pb,TTC-PULSE/alerts/raw_snapshots/alerts_20260402T132440Z.pb,2317,d04d98bf8fe508f1f01c1a124399a5d4e81569324c66ae3f8bc6c457fc5aa678,
alerts_sidecar_20260402T132440Z,2026-04-02T13:24:42Z,2026-04-02T13:24:40Z,2026-04-02T13:00:00Z,2026-04-02T13:30:00Z,live,ok,live_endpoint,,TTC-PULSE/alerts/raw_snapshots/alerts_20260402T132440Z.pb,TTC-PULSE/alerts/raw_snapshots/alerts_20260402T132440Z.pb,3286,bcd48d99336457b288918ea2defec5cf40f4a7ccd1708d1854f9acf565da9706,
alerts_sidecar_20260402T132510Z,2026-04-02T13:25:11Z,2026-04-02T13:25:10Z,2026-04-02T13:00:00Z,2026-04-02T13:30:00Z,live,ok,live_endpoint,,TTC-PULSE/alerts/raw_snapshots/alerts_20260402T132510Z.pb,TTC-PULSE/alerts/raw_snapshots/alerts_20260402T132510Z.pb,8716,64ec899d6a026942b06fccb5b1319ee5fb1711f270f57ed95f4e8088ef5fc81e,
alerts_sidecar_20260402T132510Z,2026-04-02T13:25:11Z,2026-04-02T13:25:10Z,2026-04-02T13:00:00Z,2026-04-02T13:30:00Z,live,ok,live_endpoint,,TTC-PULSE/alerts/raw_snapshots/alerts_20260402T132510Z.pb,TTC-PULSE/alerts/raw_snapshots/alerts_20260402T132510Z.pb,2317,af5893a9626c3c6e5b93f118354611fc44b8105fa078d85e35935f578f7d36e8,
alerts_sidecar_20260402T132510Z,2026-04-02T13:25:12Z,2026-04-02T13:25:10Z,2026-04-02T13:00:00Z,2026-04-02T13:30:00Z,live,ok,live_endpoint,,TTC-PULSE/alerts/raw_snapshots/alerts_20260402T132510Z.pb,TTC-PULSE/alerts/raw_snapshots/alerts_20260402T132510Z.pb,3286,c3819f5c86f27b0947524ceea015734fd8c4caa874e2dbbc99ecd3c324d1e70b,
alerts_sidecar_20260402T132540Z,2026-04-02T13:25:41Z,2026-04-02T13:25:40Z,2026-04-02T13:00:00Z,2026-04-02T13:30:00Z,live,ok,live_endpoint,,TTC-PULSE/alerts/raw_snapshots/alerts_20260402T132540Z.pb,TTC-PULSE/alerts/raw_snapshots/alerts_20260402T132540Z.pb,8716,07341dc3f2733b48b69100b990be2d6372110b95cd423ba00ef4519c24f38d22,
alerts_sidecar_20260402T132540Z,2026-04-02T13:25:41Z,2026-04-02T13:25:40Z,2026-04-02T13:00:00Z,2026-04-02T13:30:00Z,live,ok,live_endpoint,,TTC-PULSE/alerts/raw_snapshots/alerts_20260402T132540Z.pb,TTC-PULSE/alerts/raw_snapshots/alerts_20260402T132540Z.pb,2317,dc58d2a15ac5eca3283431a87f9a5963b4c4e9650120fcb4e1bd1a4e339f400c,
alerts_sidecar_20260402T132540Z,2026-04-02T13:25:42Z,2026-04-02T13:25:40Z,2026-04-02T13:00:00Z,2026-04-02T13:30:00Z,live,ok,live_endpoint,,TTC-PULSE/alerts/raw_snapshots/alerts_20260402T132540Z.pb,TTC-PULSE/alerts/raw_snapshots/alerts_20260402T132540Z.pb,3286,1f751231e4e2a99e871bf143762745e1fa56c7309b78b07ae51287ffcdfa67fa,
alerts_sidecar_20260402T132610Z,2026-04-02T13:26:11Z,2026-04-02T13:26:10Z,2026-04-02T13:00:00Z,2026-04-02T13:30:00Z,live,ok,live_endpoint,,TTC-PULSE/alerts/raw_snapshots/alerts_20260402T132610Z.pb,TTC-PULSE/alerts/raw_snapshots/alerts_20260402T132610Z.pb,8716,44c1c0e8b4d6ffa527767752d95a1d230af752cfefcfb1f36264d7d8de8c929d,
alerts_sidecar_20260402T132610Z,2026-04-02T13:26:11Z,2026-04-02T13:26:10Z,2026-04-02T13:00:00Z,2026-04-02T13:30:00Z,live,ok,live_endpoint,,TTC-PULSE/alerts/raw_snapshots/alerts_20260402T132610Z.pb,TTC-PULSE/alerts/raw_snapshots/alerts_20260402T132610Z.pb,2317,a67c552631c862fc551ccef03d06dceea739f0b283f7ebadf20140c555cf5fad,
alerts_sidecar_20260402T132610Z,2026-04-02T13:26:12Z,2026-04-02T13:26:10Z,2026-04-02T13:00:00Z,2026-04-02T13:30:00Z,live,ok,live_endpoint,,TTC-PULSE/alerts/raw_snapshots/alerts_20260402T132610Z.pb,TTC-PULSE/alerts/raw_snapshots/alerts_20260402T132610Z.pb,3286,8b3436dcd202b4e56e27d699c981e6257e54e311750947062490fead2856ecef,
alerts_sidecar_20260402T132640Z,2026-04-02T13:26:41Z,2026-04-02T13:26:40Z,2026-04-02T13:00:00Z,2026-04-02T13:30:00Z,live,ok,live_endpoint,,TTC-PULSE/alerts/raw_snapshots/alerts_20260402T132640Z.pb,TTC-PULSE/alerts/raw_snapshots/alerts_20260402T132640Z.pb,8716,1f2bd67fc54378c2d7873aa6ff7888a4c2a19866ed3bd1693dcb9cdb8d6983dc,
alerts_sidecar_20260402T132640Z,2026-04-02T13:26:42Z,2026-04-02T13:26:40Z,2026-04-02T13:00:00Z,2026-04-02T13:30:00Z,live,ok,live_endpoint,,TTC-PULSE/alerts/raw_snapshots/alerts_20260402T132640Z.pb,TTC-PULSE/alerts/raw_snapshots/alerts_20260402T132640Z.pb,2317,3220b4a5883f11d23a68ce8139efe6e7494b29cd191ab25e20e66b2f5eafc554,
alerts_sidecar_20260402T132640Z,2026-04-02T13:26:42Z,2026-04-02T13:26:40Z,2026-04-02T13:00:00Z,2026-04-02T13:30:00Z,live,ok,live_endpoint,,TTC-PULSE/alerts/raw_snapshots/alerts_20260402T132640Z.pb,TTC-PULSE/alerts/raw_snapshots/alerts_20260402T132640Z.pb,3286,ed587a9074183fd0ff14c85260e96a233246462a01fe0a1cb20ab5d2b8d05ac3,
alerts_sidecar_20260402T132710Z,2026-04-02T13:27:11Z,2026-04-02T13:27:10Z,2026-04-02T13:00:00Z,2026-04-02T13:30:00Z,live,ok,live_endpoint,,TTC-PULSE/alerts/raw_snapshots/alerts_20260402T132710Z.pb,TTC-PULSE/alerts/raw_snapshots/alerts_20260402T132710Z.pb,8716,79d327afae8af64cb5a340fab9839f240783dbb538d5f6f149890ca4e3dd9eef,
alerts_sidecar_20260402T132710Z,2026-04-02T13:27:11Z,2026-04-02T13:27:10Z,2026-04-02T13:00:00Z,2026-04-02T13:30:00Z,live,ok,live_endpoint,,TTC-PULSE/alerts/raw_snapshots/alerts_20260402T132710Z.pb,TTC-PULSE/alerts/raw_snapshots/alerts_20260402T132710Z.pb,2317,0a8bd8ba72bc9d1aa101d48879cafe32a6cd5a7cebd66f9103c4b7f56e7a26d2,
alerts_sidecar_20260402T132710Z,2026-04-02T13:27:12Z,2026-04-02T13:27:10Z,2026-04-02T13:00:00Z,2026-04-02T13:30:00Z,live,ok,live_endpoint,,TTC-PULSE/alerts/raw_snapshots/alerts_20260402T132710Z.pb,TTC-PULSE/alerts/raw_snapshots/alerts_20260402T132710Z.pb,3286,6fc85a1c2c092b2929ce987ce1b759e476b7a889fe524d3e9042c86e06a7ec08,
alerts_sidecar_20260402T132740Z,2026-04-02T13:27:41Z,2026-04-02T13:27:40Z,2026-04-02T13:00:00Z,2026-04-02T13:30:00Z,live,ok,live_endpoint,,TTC-PULSE/alerts/raw_snapshots/alerts_20260402T132740Z.pb,TTC-PULSE/alerts/raw_snapshots/alerts_20260402T132740Z.pb,8716,4efebc5728662ef9213192bc840e00accd99f3d9c2fd2366728df03a02a18f12,
alerts_sidecar_20260402T132740Z,2026-04-02T13:27:41Z,2026-04-02T13:27:40Z,2026-04-02T13:00:00Z,2026-04-02T13:30:00Z,live,ok,live_endpoint,,TTC-PULSE/alerts/raw_snapshots/alerts_20260402T132740Z.pb,TTC-PULSE/alerts/raw_snapshots/alerts_20260402T132740Z.pb,2317,aa7389b8eba4c083f3699cc25ad203c19c7277d96722e9ea987d876dd79faf7d,
alerts_sidecar_20260402T132740Z,2026-04-02T13:27:42Z,2026-04-02T13:27:40Z,2026-04-02T13:00:00Z,2026-04-02T13:30:00Z,live,ok,live_endpoint,,TTC-PULSE/alerts/raw_snapshots/alerts_20260402T132740Z.pb,TTC-PULSE/alerts/raw_snapshots/alerts_20260402T132740Z.pb,3286,98225c24aca3fd7f734dfefd43435c38883d73f1ab0a491a8bc1353d686db423,
alerts_sidecar_20260402T132810Z,2026-04-02T13:28:11Z,2026-04-02T13:28:10Z,2026-04-02T13:00:00Z,2026-04-02T13:30:00Z,live,ok,live_endpoint,,TTC-PULSE/alerts/raw_snapshots/alerts_20260402T132810Z.pb,TTC-PULSE/alerts/raw_snapshots/alerts_20260402T132810Z.pb,8716,103fe4f4e16c341e450fbc698a5903cc89c0cdc8ff06911ebb0247261b87930d,
alerts_sidecar_20260402T132810Z,2026-04-02T13:28:11Z,2026-04-02T13:28:10Z,2026-04-02T13:00:00Z,2026-04-02T13:30:00Z,live,ok,live_endpoint,,TTC-PULSE/alerts/raw_snapshots/alerts_20260402T132810Z.pb,TTC-PULSE/alerts/raw_snapshots/alerts_20260402T132810Z.pb,2317,98c6608391d055f4439c2ba1afe15eeda408987c7efbd619539f3cba2387f69f,
alerts_sidecar_20260402T132810Z,2026-04-02T13:28:12Z,2026-04-02T13:28:10Z,2026-04-02T13:00:00Z,2026-04-02T13:30:00Z,live,ok,live_endpoint,,TTC-PULSE/alerts/raw_snapshots/alerts_20260402T132810Z.pb,TTC-PULSE/alerts/raw_snapshots/alerts_20260402T132810Z.pb,3286,c7c74f332b68a60bee3b4ac204f2489b1aa3a158f6cd95a751bb75ffd3b40bf9,
alerts_sidecar_20260402T132840Z,2026-04-02T13:28:41Z,2026-04-02T13:28:40Z,2026-04-02T13:00:00Z,2026-04-02T13:30:00Z,live,ok,live_endpoint,,TTC-PULSE/alerts/raw_snapshots/alerts_20260402T132840Z.pb,TTC-PULSE/alerts/raw_snapshots/alerts_20260402T132840Z.pb,8716,7d2e1930123b09396810b3b24c8fe04ad37bd46e6173bbb386c9dbbb13a728bb,
alerts_sidecar_20260402T132840Z,2026-04-02T13:28:42Z,2026-04-02T13:28:40Z,2026-04-02T13:00:00Z,2026-04-02T13:30:00Z,live,ok,live_endpoint,,TTC-PULSE/alerts/raw_snapshots/alerts_20260402T132840Z.pb,TTC-PULSE/alerts/raw_snapshots/alerts_20260402T132840Z.pb,2317,e36b546f27e99a132c53915ef64cb0ce2f975fec64236e7bfbc4386247882b16,
alerts_sidecar_20260402T132840Z,2026-04-02T13:28:42Z,2026-04-02T13:28:40Z,2026-04-02T13:00:00Z,2026-04-02T13:30:00Z,live,ok,live_endpoint,,TTC-PULSE/alerts/raw_snapshots/alerts_20260402T132840Z.pb,TTC-PULSE/alerts/raw_snapshots/alerts_20260402T132840Z.pb,2152,9a71712cd76655fbf678aaa6875e9118b1bbbea7a8a99064cd8a7b904b1808ff,
alerts_sidecar_20260402T132910Z,2026-04-02T13:29:11Z,2026-04-02T13:29:10Z,2026-04-02T13:00:00Z,2026-04-02T13:30:00Z,live,ok,live_endpoint,,TTC-PULSE/alerts/raw_snapshots/alerts_20260402T132910Z.pb,TTC-PULSE/alerts/raw_snapshots/alerts_20260402T132910Z.pb,8716,b69103d45366283ad3214af44d10224b2ce35e9334e2a1b12b2fbf01d58b2ec0,
alerts_sidecar_20260402T132910Z,2026-04-02T13:29:11Z,2026-04-02T13:29:10Z,2026-04-02T13:00:00Z,2026-04-02T13:30:00Z,live,ok,live_endpoint,,TTC-PULSE/alerts/raw_snapshots/alerts_20260402T132910Z.pb,TTC-PULSE/alerts/raw_snapshots/alerts_20260402T132910Z.pb,2317,1c9852b30535ca2426b88fffdc33199bf6c3899313945445b927dbf4b88ee688,
alerts_sidecar_20260402T132910Z,2026-04-02T13:29:11Z,2026-04-02T13:29:10Z,2026-04-02T13:00:00Z,2026-04-02T13:30:00Z,live,ok,live_endpoint,,TTC-PULSE/alerts/raw_snapshots/alerts_20260402T132910Z.pb,TTC-PULSE/alerts/raw_snapshots/alerts_20260402T132910Z.pb,2152,f57e1ee87273e292f77009b16753c4e536ebdea3837f40cc437ab8de624d7fe9,
alerts_sidecar_20260402T132940Z,2026-04-02T13:29:41Z,2026-04-02T13:29:40Z,2026-04-02T13:00:00Z,2026-04-02T13:30:00Z,live,ok,live_endpoint,,TTC-PULSE/alerts/raw_snapshots/alerts_20260402T132940Z.pb,TTC-PULSE/alerts/raw_snapshots/alerts_20260402T132940Z.pb,8716,0c2873f6c1d9fa5a79203ae34c3765e082fe43f4a4fef63efae996000b23f47f,
alerts_sidecar_20260402T132940Z,2026-04-02T13:29:41Z,2026-04-02T13:29:40Z,2026-04-02T13:00:00Z,2026-04-02T13:30:00Z,live,ok,live_endpoint,,TTC-PULSE/alerts/raw_snapshots/alerts_20260402T132940Z.pb,TTC-PULSE/alerts/raw_snapshots/alerts_20260402T132940Z.pb,2317,bf87077fd10e5ccf0af50deef95fd710b8f81ada0449ed68cf8a0387cb42813d,
alerts_sidecar_20260402T132940Z,2026-04-02T13:29:41Z,2026-04-02T13:29:40Z,2026-04-02T13:00:00Z,2026-04-02T13:30:00Z,live,ok,live_endpoint,,TTC-PULSE/alerts/raw_snapshots/alerts_20260402T132940Z.pb,TTC-PULSE/alerts/raw_snapshots/alerts_20260402T132940Z.pb,2152,812372321dcd551d0a5cac4a6f61c1b128a203e4e428c34ab6c568d720599927,
alerts_sidecar_20260402T133010Z,2026-04-02T13:30:11Z,2026-04-02T13:30:10Z,2026-04-02T13:30:00Z,2026-04-02T14:00:00Z,live,ok,live_endpoint,,TTC-PULSE/alerts/raw_snapshots/alerts_20260402T133010Z.pb,TTC-PULSE/alerts/raw_snapshots/alerts_20260402T133010Z.pb,8716,8976879afc03a78de286dbb0b76c84069ab7dcb8ec4974904e952f0d5105ab7c,
alerts_sidecar_20260402T133010Z,2026-04-02T13:30:11Z,2026-04-02T13:30:10Z,2026-04-02T13:30:00Z,2026-04-02T14:00:00Z,live,ok,live_endpoint,,TTC-PULSE/alerts/raw_snapshots/alerts_20260402T133010Z.pb,TTC-PULSE/alerts/raw_snapshots/alerts_20260402T133010Z.pb,2317,e384e8b1ed411c7e66d75703721302f9bcac59f8ca77e7d58b812584ebf4d56a,
alerts_sidecar_20260402T133010Z,2026-04-02T13:30:12Z,2026-04-02T13:30:10Z,2026-04-02T13:30:00Z,2026-04-02T14:00:00Z,live,ok,live_endpoint,,TTC-PULSE/alerts/raw_snapshots/alerts_20260402T133010Z.pb,TTC-PULSE/alerts/raw_snapshots/alerts_20260402T133010Z.pb,2152,e5e40f2e62748ec502ca45daa59233becaf40a086b5d465c4d2f71e6c2202f39,
alerts_sidecar_20260402T133040Z,2026-04-02T13:30:42Z,2026-04-02T13:30:40Z,2026-04-02T13:30:00Z,2026-04-02T14:00:00Z,live,ok,live_endpoint,,TTC-PULSE/alerts/raw_snapshots/alerts_20260402T133040Z.pb,TTC-PULSE/alerts/raw_snapshots/alerts_20260402T133040Z.pb,8716,724450f0008dea098e554109d4b6a637dda92e64265ed5b48feaafc33d86a0d2,
alerts_sidecar_20260402T133040Z,2026-04-02T13:30:42Z,2026-04-02T13:30:40Z,2026-04-02T13:30:00Z,2026-04-02T14:00:00Z,live,ok,live_endpoint,,TTC-PULSE/alerts/raw_snapshots/alerts_20260402T133040Z.pb,TTC-PULSE/alerts/raw_snapshots/alerts_20260402T133040Z.pb,2317,c1237c13d70f0e49d45e16f72e084ca068c8790297da6f3d293212ac4c3444c0,
alerts_sidecar_20260402T133040Z,2026-04-02T13:30:43Z,2026-04-02T13:30:40Z,2026-04-02T13:30:00Z,2026-04-02T14:00:00Z,live,ok,live_endpoint,,TTC-PULSE/alerts/raw_snapshots/alerts_20260402T133040Z.pb,TTC-PULSE/alerts/raw_snapshots/alerts_20260402T133040Z.pb,2152,50c1f328f324c065917f8bf31eea3947f71bc879393bbf77426d50c91aeab3e8,
alerts_sidecar_20260402T133110Z,2026-04-02T13:31:11Z,2026-04-02T13:31:10Z,2026-04-02T13:30:00Z,2026-04-02T14:00:00Z,live,ok,live_endpoint,,TTC-PULSE/alerts/raw_snapshots/alerts_20260402T133110Z.pb,TTC-PULSE/alerts/raw_snapshots/alerts_20260402T133110Z.pb,8716,013eafe541c481b37c7e9742978c64648d36486445c352bb632f0debeaa8ba67,
alerts_sidecar_20260402T133110Z,2026-04-02T13:31:11Z,2026-04-02T13:31:10Z,2026-04-02T13:30:00Z,2026-04-02T14:00:00Z,live,ok,live_endpoint,,TTC-PULSE/alerts/raw_snapshots/alerts_20260402T133110Z.pb,TTC-PULSE/alerts/raw_snapshots/alerts_20260402T133110Z.pb,2317,2d93dfb652a78edcdbb12141bf65ea4b07c82e1ee27bc9a7ba35fcd114527968,
alerts_sidecar_20260402T133110Z,2026-04-02T13:31:11Z,2026-04-02T13:31:10Z,2026-04-02T13:30:00Z,2026-04-02T14:00:00Z,live,ok,live_endpoint,,TTC-PULSE/alerts/raw_snapshots/alerts_20260402T133110Z.pb,TTC-PULSE/alerts/raw_snapshots/alerts_20260402T133110Z.pb,2152,5be4b4d1d51c95ddfc6afe281c87e899cb61bee620ad22fd76b3779bb8049164,
alerts_sidecar_20260402T133140Z,2026-04-02T13:31:41Z,2026-04-02T13:31:40Z,2026-04-02T13:30:00Z,2026-04-02T14:00:00Z,live,ok,live_endpoint,,TTC-PULSE/alerts/raw_snapshots/alerts_20260402T133140Z.pb,TTC-PULSE/alerts/raw_snapshots/alerts_20260402T133140Z.pb,8716,acd5543bbba5e2b52c918733ad06dc92bed8830300c9936e9e72724f76d7a87b,
alerts_sidecar_20260402T133140Z,2026-04-02T13:31:41Z,2026-04-02T13:31:40Z,2026-04-02T13:30:00Z,2026-04-02T14:00:00Z,live,ok,live_endpoint,,TTC-PULSE/alerts/raw_snapshots/alerts_20260402T133140Z.pb,TTC-PULSE/alerts/raw_snapshots/alerts_20260402T133140Z.pb,2317,88caacdd27181bb8e85565fc384a6c51ce60be96f5141dec51506b05218ae009,
alerts_sidecar_20260402T133140Z,2026-04-02T13:31:42Z,2026-04-02T13:31:40Z,2026-04-02T13:30:00Z,2026-04-02T14:00:00Z,live,ok,live_endpoint,,TTC-PULSE/alerts/raw_snapshots/alerts_20260402T133140Z.pb,TTC-PULSE/alerts/raw_snapshots/alerts_20260402T133140Z.pb,2152,c41b2c3017b4e7a69228c019cd1daf634a22e1c97e368392ee31865ce2832dd4,
alerts_sidecar_20260402T133210Z,2026-04-02T13:32:11Z,2026-04-02T13:32:10Z,2026-04-02T13:30:00Z,2026-04-02T14:00:00Z,live,ok,live_endpoint,,TTC-PULSE/alerts/raw_snapshots/alerts_20260402T133210Z.pb,TTC-PULSE/alerts/raw_snapshots/alerts_20260402T133210Z.pb,8716,0c7d003c29c8a3c53591ffd4f26d4b4a4d49a8f7e8d701264d40ad04d38c2373,
alerts_sidecar_20260402T133210Z,2026-04-02T13:32:11Z,2026-04-02T13:32:10Z,2026-04-02T13:30:00Z,2026-04-02T14:00:00Z,live,ok,live_endpoint,,TTC-PULSE/alerts/raw_snapshots/alerts_20260402T133210Z.pb,TTC-PULSE/alerts/raw_snapshots/alerts_20260402T133210Z.pb,2317,7029982b518ebafd717c89d919bc4e84af995a7a240a9bb6495fdd927f61bd84,
alerts_sidecar_20260402T133210Z,2026-04-02T13:32:12Z,2026-04-02T13:32:10Z,2026-04-02T13:30:00Z,2026-04-02T14:00:00Z,live,ok,live_endpoint,,TTC-PULSE/alerts/raw_snapshots/alerts_20260402T133210Z.pb,TTC-PULSE/alerts/raw_snapshots/alerts_20260402T133210Z.pb,2152,2b5bbfc4e0556054a63575e0a9d5409e3067db01c4ceab9458e7508179d1815f,
alerts_sidecar_20260402T133240Z,2026-04-02T13:32:41Z,2026-04-02T13:32:40Z,2026-04-02T13:30:00Z,2026-04-02T14:00:00Z,live,ok,live_endpoint,,TTC-PULSE/alerts/raw_snapshots/alerts_20260402T133240Z.pb,TTC-PULSE/alerts/raw_snapshots/alerts_20260402T133240Z.pb,8716,e16c02ce37c898072c18610cd4e7f00962cf889dcd79448b9ff591e9aeb3f8ae,
alerts_sidecar_20260402T133240Z,2026-04-02T13:32:41Z,2026-04-02T13:32:40Z,2026-04-02T13:30:00Z,2026-04-02T14:00:00Z,live,ok,live_endpoint,,TTC-PULSE/alerts/raw_snapshots/alerts_20260402T133240Z.pb,TTC-PULSE/alerts/raw_snapshots/alerts_20260402T133240Z.pb,2317,ed5b6c6948998691c96cb480bf27cd1a4430ff0d856ee917e529e3e35e632cd2,
alerts_sidecar_20260402T133240Z,2026-04-02T13:32:42Z,2026-04-02T13:32:40Z,2026-04-02T13:30:00Z,2026-04-02T14:00:00Z,live,ok,live_endpoint,,TTC-PULSE/alerts/raw_snapshots/alerts_20260402T133240Z.pb,TTC-PULSE/alerts/raw_snapshots/alerts_20260402T133240Z.pb,2152,29984cf0d7a7dd1e43d6330c45446727c59d524a9e545a854d9880765e7d7640,
alerts_sidecar_20260402T133310Z,2026-04-02T13:33:11Z,2026-04-02T13:33:10Z,2026-04-02T13:30:00Z,2026-04-02T14:00:00Z,live,ok,live_endpoint,,TTC-PULSE/alerts/raw_snapshots/alerts_20260402T133310Z.pb,TTC-PULSE/alerts/raw_snapshots/alerts_20260402T133310Z.pb,8716,81e3a9db66bace1bf6280d508e1dac55f353c2124feebb9cdcb50b81f414fb66,
alerts_sidecar_20260402T133310Z,2026-04-02T13:33:11Z,2026-04-02T13:33:10Z,2026-04-02T13:30:00Z,2026-04-02T14:00:00Z,live,ok,live_endpoint,,TTC-PULSE/alerts/raw_snapshots/alerts_20260402T133310Z.pb,TTC-PULSE/alerts/raw_snapshots/alerts_20260402T133310Z.pb,2317,71ce1d8787c1643a2b679d6419a0623de08b2e836a85c8b6a23da5f79e9bf7d1,
alerts_sidecar_20260402T133310Z,2026-04-02T13:33:12Z,2026-04-02T13:33:10Z,2026-04-02T13:30:00Z,2026-04-02T14:00:00Z,live,ok,live_endpoint,,TTC-PULSE/alerts/raw_snapshots/alerts_20260402T133310Z.pb,TTC-PULSE/alerts/raw_snapshots/alerts_20260402T133310Z.pb,2152,a33a9dd254cb85494e6bd836caf628dccbb01913a2a147cea0658e0aab0fd321,
alerts_sidecar_20260402T133340Z,2026-04-02T13:33:41Z,2026-04-02T13:33:40Z,2026-04-02T13:30:00Z,2026-04-02T14:00:00Z,live,ok,live_endpoint,,TTC-PULSE/alerts/raw_snapshots/alerts_20260402T133340Z.pb,TTC-PULSE/alerts/raw_snapshots/alerts_20260402T133340Z.pb,8716,f3ef2d7813b4e8606946cdad052e35fac53fc209d124a9cd0506d189c35d537c,
alerts_sidecar_20260402T133340Z,2026-04-02T13:33:41Z,2026-04-02T13:33:40Z,2026-04-02T13:30:00Z,2026-04-02T14:00:00Z,live,ok,live_endpoint,,TTC-PULSE/alerts/raw_snapshots/alerts_20260402T133340Z.pb,TTC-PULSE/alerts/raw_snapshots/alerts_20260402T133340Z.pb,2317,0715545aa63eb3a40aacbc3affcfeb9d1295be6dd282015f5a150edefe53547c,
alerts_sidecar_20260402T133340Z,2026-04-02T13:33:42Z,2026-04-02T13:33:40Z,2026-04-02T13:30:00Z,2026-04-02T14:00:00Z,live,ok,live_endpoint,,TTC-PULSE/alerts/raw_snapshots/alerts_20260402T133340Z.pb,TTC-PULSE/alerts/raw_snapshots/alerts_20260402T133340Z.pb,2152,cc687dfbd59de44278f89632643f84460b6b78a6a9d3d01c2122c08be9b623c4,
alerts_sidecar_20260402T133410Z,2026-04-02T13:34:11Z,2026-04-02T13:34:10Z,2026-04-02T13:30:00Z,2026-04-02T14:00:00Z,live,ok,live_endpoint,,TTC-PULSE/alerts/raw_snapshots/alerts_20260402T133410Z.pb,TTC-PULSE/alerts/raw_snapshots/alerts_20260402T133410Z.pb,8716,b4e94cc73e3367b3ac35fd9aea0fe270f09093f4a81bab641716693b1eb2ab3c,
alerts_sidecar_20260402T133410Z,2026-04-02T13:34:11Z,2026-04-02T13:34:10Z,2026-04-02T13:30:00Z,2026-04-02T14:00:00Z,live,ok,live_endpoint,,TTC-PULSE/alerts/raw_snapshots/alerts_20260402T133410Z.pb,TTC-PULSE/alerts/raw_snapshots/alerts_20260402T133410Z.pb,2317,b6df129170c212165d46bc76951113837d880d1da3bbfcba39a6851974c60244,
alerts_sidecar_20260402T133410Z,2026-04-02T13:34:12Z,2026-04-02T13:34:10Z,2026-04-02T13:30:00Z,2026-04-02T14:00:00Z,live,ok,live_endpoint,,TTC-PULSE/alerts/raw_snapshots/alerts_20260402T133410Z.pb,TTC-PULSE/alerts/raw_snapshots/alerts_20260402T133410Z.pb,2152,b9d787727fb207f9e245137af0d077c08b9d2d0f6cb8dbe82f8420bb19115823,
alerts_sidecar_20260402T133440Z,2026-04-02T13:34:41Z,2026-04-02T13:34:40Z,2026-04-02T13:30:00Z,2026-04-02T14:00:00Z,live,ok,live_endpoint,,TTC-PULSE/alerts/raw_snapshots/alerts_20260402T133440Z.pb,TTC-PULSE/alerts/raw_snapshots/alerts_20260402T133440Z.pb,8716,c39504caba52987c642a3a06a3cda84eb7a86d43a5284805505a71ac0f741900,
alerts_sidecar_20260402T133440Z,2026-04-02T13:34:42Z,2026-04-02T13:34:40Z,2026-04-02T13:30:00Z,2026-04-02T14:00:00Z,live,ok,live_endpoint,,TTC-PULSE/alerts/raw_snapshots/alerts_20260402T133440Z.pb,TTC-PULSE/alerts/raw_snapshots/alerts_20260402T133440Z.pb,2317,70e6274639bfb9ac2c9961dcf74f078579f1ba26a85ece09e4c200a3c29952a7,
alerts_sidecar_20260402T133440Z,2026-04-02T13:34:42Z,2026-04-02T13:34:40Z,2026-04-02T13:30:00Z,2026-04-02T14:00:00Z,live,ok,live_endpoint,,TTC-PULSE/alerts/raw_snapshots/alerts_20260402T133440Z.pb,TTC-PULSE/alerts/raw_snapshots/alerts_20260402T133440Z.pb,2152,0e35c866670cfc02bde5865ad80add69ff5657603a74f4f044fb5a7f87ad8c06,
alerts_sidecar_20260402T133510Z,2026-04-02T13:35:11Z,2026-04-02T13:35:10Z,2026-04-02T13:30:00Z,2026-04-02T14:00:00Z,live,ok,live_endpoint,,TTC-PULSE/alerts/raw_snapshots/alerts_20260402T133510Z.pb,TTC-PULSE/alerts/raw_snapshots/alerts_20260402T133510Z.pb,8716,1593c85321d47c6c7bb546f77c63f983f22df1b05cb99e826d8ba024055c5b8d,
alerts_sidecar_20260402T133510Z,2026-04-02T13:35:11Z,2026-04-02T13:35:10Z,2026-04-02T13:30:00Z,2026-04-02T14:00:00Z,live,ok,live_endpoint,,TTC-PULSE/alerts/raw_snapshots/alerts_20260402T133510Z.pb,TTC-PULSE/alerts/raw_snapshots/alerts_20260402T133510Z.pb,2317,e9d48b7d323bf1d420835c1df52afd3c806dcdd3777bf3c59d29b699ab6b56ab,
alerts_sidecar_20260402T133510Z,2026-04-02T13:35:11Z,2026-04-02T13:35:10Z,2026-04-02T13:30:00Z,2026-04-02T14:00:00Z,live,ok,live_endpoint,,TTC-PULSE/alerts/raw_snapshots/alerts_20260402T133510Z.pb,TTC-PULSE/alerts/raw_snapshots/alerts_20260402T133510Z.pb,2152,3f15e674c52cd1598fbc9cf1843d03e426577a0a0001e327b07490edad8c1058,
alerts_sidecar_20260402T133540Z,2026-04-02T13:35:41Z,2026-04-02T13:35:40Z,2026-04-02T13:30:00Z,2026-04-02T14:00:00Z,live,ok,live_endpoint,,TTC-PULSE/alerts/raw_snapshots/alerts_20260402T133540Z.pb,TTC-PULSE/alerts/raw_snapshots/alerts_20260402T133540Z.pb,8716,24424977e9d2bf9b5199547c4b42e1931782e6eaec0dae8b4a797b949234b82a,
alerts_sidecar_20260402T133540Z,2026-04-02T13:35:42Z,2026-04-02T13:35:40Z,2026-04-02T13:30:00Z,2026-04-02T14:00:00Z,live,ok,live_endpoint,,TTC-PULSE/alerts/raw_snapshots/alerts_20260402T133540Z.pb,TTC-PULSE/alerts/raw_snapshots/alerts_20260402T133540Z.pb,2317,d36ae1c3ee07e1a193819d22919a52cb031c96f4dee31013bbecc41f9e187ad0,
alerts_sidecar_20260402T133540Z,2026-04-02T13:35:42Z,2026-04-02T13:35:40Z,2026-04-02T13:30:00Z,2026-04-02T14:00:00Z,live,ok,live_endpoint,,TTC-PULSE/alerts/raw_snapshots/alerts_20260402T133540Z.pb,TTC-PULSE/alerts/raw_snapshots/alerts_20260402T133540Z.pb,2152,e8cf47eadb92ac6a161365b74ac81ecc47d005e8636452e647b7e2db54a426ab,
alerts_sidecar_20260402T133610Z,2026-04-02T13:36:11Z,2026-04-02T13:36:10Z,2026-04-02T13:30:00Z,2026-04-02T14:00:00Z,live,ok,live_endpoint,,TTC-PULSE/alerts/raw_snapshots/alerts_20260402T133610Z.pb,TTC-PULSE/alerts/raw_snapshots/alerts_20260402T133610Z.pb,8716,7ef50202f8a893345c8d6e84a3fafc1b7a4be8b526d67b22b6e4299df241a6f3,
alerts_sidecar_20260402T133610Z,2026-04-02T13:36:11Z,2026-04-02T13:36:10Z,2026-04-02T13:30:00Z,2026-04-02T14:00:00Z,live,ok,live_endpoint,,TTC-PULSE/alerts/raw_snapshots/alerts_20260402T133610Z.pb,TTC-PULSE/alerts/raw_snapshots/alerts_20260402T133610Z.pb,2317,c7b0a0dc7d243e65ce38c6d718596c50dac9e16d9c9ea239675861f0ae077b29,
alerts_sidecar_20260402T133610Z,2026-04-02T13:36:12Z,2026-04-02T13:36:10Z,2026-04-02T13:30:00Z,2026-04-02T14:00:00Z,live,ok,live_endpoint,,TTC-PULSE/alerts/raw_snapshots/alerts_20260402T133610Z.pb,TTC-PULSE/alerts/raw_snapshots/alerts_20260402T133610Z.pb,2152,7604750f6588152c7023cd1d987831ff5884e6394929de31d882fef2ed83346c,
alerts_sidecar_20260402T133640Z,2026-04-02T13:36:41Z,2026-04-02T13:36:40Z,2026-04-02T13:30:00Z,2026-04-02T14:00:00Z,live,ok,live_endpoint,,TTC-PULSE/alerts/raw_snapshots/alerts_20260402T133640Z.pb,TTC-PULSE/alerts/raw_snapshots/alerts_20260402T133640Z.pb,8716,685d65a7b41e445545816de455a7f8e102ef457582c4d19fce8f40a2e4450936,
alerts_sidecar_20260402T133640Z,2026-04-02T13:36:42Z,2026-04-02T13:36:40Z,2026-04-02T13:30:00Z,2026-04-02T14:00:00Z,live,ok,live_endpoint,,TTC-PULSE/alerts/raw_snapshots/alerts_20260402T133640Z.pb,TTC-PULSE/alerts/raw_snapshots/alerts_20260402T133640Z.pb,2317,fe91f6807030d1589f46eb5fc2b10cc9a47a9dad25680c8521d74ecfe369cbcf,
alerts_sidecar_20260402T133640Z,2026-04-02T13:36:42Z,2026-04-02T13:36:40Z,2026-04-02T13:30:00Z,2026-04-02T14:00:00Z,live,ok,live_endpoint,,TTC-PULSE/alerts/raw_snapshots/alerts_20260402T133640Z.pb,TTC-PULSE/alerts/raw_snapshots/alerts_20260402T133640Z.pb,2152,8eec718268b60d843d5172977c1eebb90a9c1bed5b269a2ed18945c389b8794c,
alerts_sidecar_20260402T133710Z,2026-04-02T13:37:11Z,2026-04-02T13:37:10Z,2026-04-02T13:30:00Z,2026-04-02T14:00:00Z,live,ok,live_endpoint,,TTC-PULSE/alerts/raw_snapshots/alerts_20260402T133710Z.pb,TTC-PULSE/alerts/raw_snapshots/alerts_20260402T133710Z.pb,8716,b302ff8b603cde5a1957c852d70f499ec1d62ee56b6c97e2f835f96af87ecfeb,
alerts_sidecar_20260402T133710Z,2026-04-02T13:37:11Z,2026-04-02T13:37:10Z,2026-04-02T13:30:00Z,2026-04-02T14:00:00Z,live,ok,live_endpoint,,TTC-PULSE/alerts/raw_snapshots/alerts_20260402T133710Z.pb,TTC-PULSE/alerts/raw_snapshots/alerts_20260402T133710Z.pb,2317,d8b847586adcf7fae80a9c410b982fa49c6496ef50392e26dc6f740986e2cd42,
alerts_sidecar_20260402T133710Z,2026-04-02T13:37:12Z,2026-04-02T13:37:10Z,2026-04-02T13:30:00Z,2026-04-02T14:00:00Z,live,ok,live_endpoint,,TTC-PULSE/alerts/raw_snapshots/alerts_20260402T133710Z.pb,TTC-PULSE/alerts/raw_snapshots/alerts_20260402T133710Z.pb,2152,84c5f64164051a8b4c470d1a08b7e25d09a4150d2da2b1a7ecb26a8026023bd2,
alerts_sidecar_20260402T133740Z,2026-04-02T13:37:41Z,2026-04-02T13:37:40Z,2026-04-02T13:30:00Z,2026-04-02T14:00:00Z,live,ok,live_endpoint,,TTC-PULSE/alerts/raw_snapshots/alerts_20260402T133740Z.pb,TTC-PULSE/alerts/raw_snapshots/alerts_20260402T133740Z.pb,8716,022d54c1cf8f0d07ea2f1fb50db6d6512bb38241d78388e9e1380321ac4ce184,
alerts_sidecar_20260402T133740Z,2026-04-02T13:37:41Z,2026-04-02T13:37:40Z,2026-04-02T13:30:00Z,2026-04-02T14:00:00Z,live,ok,live_endpoint,,TTC-PULSE/alerts/raw_snapshots/alerts_20260402T133740Z.pb,TTC-PULSE/alerts/raw_snapshots/alerts_20260402T133740Z.pb,2317,9d3a03d67a3e35fb8a95fb45e8d0ae3066ca5cf1350ef148c48df7c2c1d68961,
alerts_sidecar_20260402T133740Z,2026-04-02T13:37:41Z,2026-04-02T13:37:40Z,2026-04-02T13:30:00Z,2026-04-02T14:00:00Z,live,ok,live_endpoint,,TTC-PULSE/alerts/raw_snapshots/alerts_20260402T133740Z.pb,TTC-PULSE/alerts/raw_snapshots/alerts_20260402T133740Z.pb,2152,381b1d1aaf6d1b3bf2e5e3e322af686538d782b8ed6b8c3567e4381caf75b2eb,
alerts_sidecar_20260402T135238Z,2026-04-02T13:52:39Z,2026-04-02T13:52:38Z,2026-04-02T13:30:00Z,2026-04-02T14:00:00Z,live,ok,live_endpoint,,TTC-PULSE/alerts/raw_snapshots/alerts_20260402T135238Z.pb,TTC-PULSE/alerts/raw_snapshots/alerts_20260402T135238Z.pb,8716,59fb4906a5ada49f8efdae4d8651397e80b9ca5b5597e01f93f1182ce0e6b605,
alerts_sidecar_20260402T135238Z,2026-04-02T13:52:39Z,2026-04-02T13:52:38Z,2026-04-02T13:30:00Z,2026-04-02T14:00:00Z,live,ok,live_endpoint,,TTC-PULSE/alerts/raw_snapshots/alerts_20260402T135238Z.pb,TTC-PULSE/alerts/raw_snapshots/alerts_20260402T135238Z.pb,3420,3cd6990a3f95bda8c272b74ea58f80235a237147772b2a1f6f0e75442fff16b7,
alerts_sidecar_20260402T135238Z,2026-04-02T13:52:39Z,2026-04-02T13:52:38Z,2026-04-02T13:30:00Z,2026-04-02T14:00:00Z,live,ok,live_endpoint,,TTC-PULSE/alerts/raw_snapshots/alerts_20260402T135238Z.pb,TTC-PULSE/alerts/raw_snapshots/alerts_20260402T135238Z.pb,2152,8aebc6d7df707abb3dac9b3c3818f1e4733670b13398e7ee520ae2e8abf5364d,
alerts_sidecar_20260402T135308Z,2026-04-02T13:53:09Z,2026-04-02T13:53:08Z,2026-04-02T13:30:00Z,2026-04-02T14:00:00Z,live,ok,live_endpoint,,TTC-PULSE/alerts/raw_snapshots/alerts_20260402T135308Z.pb,TTC-PULSE/alerts/raw_snapshots/alerts_20260402T135308Z.pb,8716,a5407cbb04ac34f34812c44109ef3f915117ebe2bb3ee695e434846ed33121de,
alerts_sidecar_20260402T135308Z,2026-04-02T13:53:09Z,2026-04-02T13:53:08Z,2026-04-02T13:30:00Z,2026-04-02T14:00:00Z,live,ok,live_endpoint,,TTC-PULSE/alerts/raw_snapshots/alerts_20260402T135308Z.pb,TTC-PULSE/alerts/raw_snapshots/alerts_20260402T135308Z.pb,3420,78230c91a39aca7105082427054cab9f7d9b73dafaf79e1b857624e0c8a273f1,
alerts_sidecar_20260402T135308Z,2026-04-02T13:53:09Z,2026-04-02T13:53:08Z,2026-04-02T13:30:00Z,2026-04-02T14:00:00Z,live,ok,live_endpoint,,TTC-PULSE/alerts/raw_snapshots/alerts_20260402T135308Z.pb,TTC-PULSE/alerts/raw_snapshots/alerts_20260402T135308Z.pb,2152,1bb192c34a3fa6a26ed4533f90519ad508a14b0d69431f74f8b552d8d60afcd5,
alerts_sidecar_20260402T135338Z,2026-04-02T13:53:39Z,2026-04-02T13:53:38Z,2026-04-02T13:30:00Z,2026-04-02T14:00:00Z,live,ok,live_endpoint,,TTC-PULSE/alerts/raw_snapshots/alerts_20260402T135338Z.pb,TTC-PULSE/alerts/raw_snapshots/alerts_20260402T135338Z.pb,8716,a5e11b23bd031770ec7d12513a62601c09ba5897704a089f29eb96eebb707be7,
alerts_sidecar_20260402T135338Z,2026-04-02T13:53:39Z,2026-04-02T13:53:38Z,2026-04-02T13:30:00Z,2026-04-02T14:00:00Z,live,ok,live_endpoint,,TTC-PULSE/alerts/raw_snapshots/alerts_20260402T135338Z.pb,TTC-PULSE/alerts/raw_snapshots/alerts_20260402T135338Z.pb,3957,6fb2ba5cf052b75d61c9875e90865a5b725442365241402f32ee055858541484,
alerts_sidecar_20260402T135338Z,2026-04-02T13:53:39Z,2026-04-02T13:53:38Z,2026-04-02T13:30:00Z,2026-04-02T14:00:00Z,live,ok,live_endpoint,,TTC-PULSE/alerts/raw_snapshots/alerts_20260402T135338Z.pb,TTC-PULSE/alerts/raw_snapshots/alerts_20260402T135338Z.pb,2152,a87e2c99c3c0fe645fb7d2c09e6eb77f48e9bf577f3270aab460397667fc87fd,
alerts_sidecar_20260402T135408Z,2026-04-02T13:54:09Z,2026-04-02T13:54:08Z,2026-04-02T13:30:00Z,2026-04-02T14:00:00Z,live,ok,live_endpoint,,TTC-PULSE/alerts/raw_snapshots/alerts_20260402T135408Z.pb,TTC-PULSE/alerts/raw_snapshots/alerts_20260402T135408Z.pb,8716,8f654e1b439f9b0b65db02f5c9e7267516c858b50adbe85eebc0a1df88d2619d,
alerts_sidecar_20260402T135408Z,2026-04-02T13:54:09Z,2026-04-02T13:54:08Z,2026-04-02T13:30:00Z,2026-04-02T14:00:00Z,live,ok,live_endpoint,,TTC-PULSE/alerts/raw_snapshots/alerts_20260402T135408Z.pb,TTC-PULSE/alerts/raw_snapshots/alerts_20260402T135408Z.pb,3957,81761e36db5b6b8dabce0a453652a69ec85b124e78cd83b784e3b42168a5b6c8,
alerts_sidecar_20260402T135408Z,2026-04-02T13:54:09Z,2026-04-02T13:54:08Z,2026-04-02T13:30:00Z,2026-04-02T14:00:00Z,live,ok,live_endpoint,,TTC-PULSE/alerts/raw_snapshots/alerts_20260402T135408Z.pb,TTC-PULSE/alerts/raw_snapshots/alerts_20260402T135408Z.pb,2152,69c3b3cf187a72a925050e8336fbe2c8d4251e90382fb00e976e786897e1947f,
alerts_sidecar_20260402T135438Z,2026-04-02T13:54:39Z,2026-04-02T13:54:38Z,2026-04-02T13:30:00Z,2026-04-02T14:00:00Z,live,ok,live_endpoint,,TTC-PULSE/alerts/raw_snapshots/alerts_20260402T135438Z.pb,TTC-PULSE/alerts/raw_snapshots/alerts_20260402T135438Z.pb,8716,e0b3d043e87c5a828405c1d529eb74ac780fd66098726125b87440c92ac118d4,
alerts_sidecar_20260402T135438Z,2026-04-02T13:54:39Z,2026-04-02T13:54:38Z,2026-04-02T13:30:00Z,2026-04-02T14:00:00Z,live,ok,live_endpoint,,TTC-PULSE/alerts/raw_snapshots/alerts_20260402T135438Z.pb,TTC-PULSE/alerts/raw_snapshots/alerts_20260402T135438Z.pb,3957,1fd85f49a377b5e4f963ba69e2fad0f4e74a30c69421ebe5280abf051fcb6bf3,
alerts_sidecar_20260402T135438Z,2026-04-02T13:54:39Z,2026-04-02T13:54:38Z,2026-04-02T13:30:00Z,2026-04-02T14:00:00Z,live,ok,live_endpoint,,TTC-PULSE/alerts/raw_snapshots/alerts_20260402T135438Z.pb,TTC-PULSE/alerts/raw_snapshots/alerts_20260402T135438Z.pb,2152,a74fc5fff8ca457fd0b421ce3011f3b12a2a6b4a9c19090d626cc0c273af7da0,
alerts_sidecar_20260402T135508Z,2026-04-02T13:55:09Z,2026-04-02T13:55:08Z,2026-04-02T13:30:00Z,2026-04-02T14:00:00Z,live,ok,live_endpoint,,TTC-PULSE/alerts/raw_snapshots/alerts_20260402T135508Z.pb,TTC-PULSE/alerts/raw_snapshots/alerts_20260402T135508Z.pb,8716,ebd352fbb350b01b26d45002b18d4b5b71e2d08ac61fa6bec7cab39d5baf6888,
alerts_sidecar_20260402T135508Z,2026-04-02T13:55:09Z,2026-04-02T13:55:08Z,2026-04-02T13:30:00Z,2026-04-02T14:00:00Z,live,ok,live_endpoint,,TTC-PULSE/alerts/raw_snapshots/alerts_20260402T135508Z.pb,TTC-PULSE/alerts/raw_snapshots/alerts_20260402T135508Z.pb,3957,74a6a0883c10efdc2448b61620d5dc26c5ada0dfeac5e7cf11f0c920d501f7a4,
alerts_sidecar_20260402T135508Z,2026-04-02T13:55:09Z,2026-04-02T13:55:08Z,2026-04-02T13:30:00Z,2026-04-02T14:00:00Z,live,ok,live_endpoint,,TTC-PULSE/alerts/raw_snapshots/alerts_20260402T135508Z.pb,TTC-PULSE/alerts/raw_snapshots/alerts_20260402T135508Z.pb,2152,0e6f4b1fbc4e8d6be4114243b604f9ddbe3d326591e24834a461872c16b1cd91,
alerts_sidecar_20260402T135538Z,2026-04-02T13:55:39Z,2026-04-02T13:55:38Z,2026-04-02T13:30:00Z,2026-04-02T14:00:00Z,live,ok,live_endpoint,,TTC-PULSE/alerts/raw_snapshots/alerts_20260402T135538Z.pb,TTC-PULSE/alerts/raw_snapshots/alerts_20260402T135538Z.pb,8716,98f2848708e17c12bd8ece9ca38b35bcda14f2c6bc2427b2100b0eba82a7e976,
alerts_sidecar_20260402T135538Z,2026-04-02T13:55:39Z,2026-04-02T13:55:38Z,2026-04-02T13:30:00Z,2026-04-02T14:00:00Z,live,ok,live_endpoint,,TTC-PULSE/alerts/raw_snapshots/alerts_20260402T135538Z.pb,TTC-PULSE/alerts/raw_snapshots/alerts_20260402T135538Z.pb,3957,695971f902dd1ae3b9b9627262917108d31516f85c79fe2da3ab6ed1420b70c6,
alerts_sidecar_20260402T135538Z,2026-04-02T13:55:39Z,2026-04-02T13:55:38Z,2026-04-02T13:30:00Z,2026-04-02T14:00:00Z,live,ok,live_endpoint,,TTC-PULSE/alerts/raw_snapshots/alerts_20260402T135538Z.pb,TTC-PULSE/alerts/raw_snapshots/alerts_20260402T135538Z.pb,2152,5001c4476cce46f41046ab7efb8f7152e4f45b569865f9d44af3aac4dbe03d32,
alerts_sidecar_20260402T135608Z,2026-04-02T13:56:09Z,2026-04-02T13:56:08Z,2026-04-02T13:30:00Z,2026-04-02T14:00:00Z,live,ok,live_endpoint,,TTC-PULSE/alerts/raw_snapshots/alerts_20260402T135608Z.pb,TTC-PULSE/alerts/raw_snapshots/alerts_20260402T135608Z.pb,8716,63ebd01cc04011ed0f5e88d5f466b3f243fe19ac33a7521c7908523edb11a80c,
alerts_sidecar_20260402T135608Z,2026-04-02T13:56:09Z,2026-04-02T13:56:08Z,2026-04-02T13:30:00Z,2026-04-02T14:00:00Z,live,ok,live_endpoint,,TTC-PULSE/alerts/raw_snapshots/alerts_20260402T135608Z.pb,TTC-PULSE/alerts/raw_snapshots/alerts_20260402T135608Z.pb,3957,8fa94962584143287a82076c615ee6d93207aca1b66d109ead3c5e8bb34a3719,
alerts_sidecar_20260402T135608Z,2026-04-02T13:56:09Z,2026-04-02T13:56:08Z,2026-04-02T13:30:00Z,2026-04-02T14:00:00Z,live,ok,live_endpoint,,TTC-PULSE/alerts/raw_snapshots/alerts_20260402T135608Z.pb,TTC-PULSE/alerts/raw_snapshots/alerts_20260402T135608Z.pb,2152,c8fed00fd2f6a110f1abe8e745658d8daa3f98cf9ab18ad112635b33f7ad2198,
alerts_sidecar_20260402T135638Z,2026-04-02T13:56:39Z,2026-04-02T13:56:38Z,2026-04-02T13:30:00Z,2026-04-02T14:00:00Z,live,ok,live_endpoint,,TTC-PULSE/alerts/raw_snapshots/alerts_20260402T135638Z.pb,TTC-PULSE/alerts/raw_snapshots/alerts_20260402T135638Z.pb,8716,70d7a93ac926f74cb6ef1c6d4b55b9492ba43b36d731dcfd65ca0929ec25c337,
alerts_sidecar_20260402T135638Z,2026-04-02T13:56:39Z,2026-04-02T13:56:38Z,2026-04-02T13:30:00Z,2026-04-02T14:00:00Z,live,ok,live_endpoint,,TTC-PULSE/alerts/raw_snapshots/alerts_20260402T135638Z.pb,TTC-PULSE/alerts/raw_snapshots/alerts_20260402T135638Z.pb,3957,ed16393cd798915787c8f1fcbf2409397c23b71e93d708c87c3ea2c180588ae3,
alerts_sidecar_20260402T135638Z,2026-04-02T13:56:39Z,2026-04-02T13:56:38Z,2026-04-02T13:30:00Z,2026-04-02T14:00:00Z,live,ok,live_endpoint,,TTC-PULSE/alerts/raw_snapshots/alerts_20260402T135638Z.pb,TTC-PULSE/alerts/raw_snapshots/alerts_20260402T135638Z.pb,2152,21c79a8972fba7d3051b9b770995e8e0d466c256cc42cc5dd077fd4cda18a1d8,
alerts_sidecar_20260402T135708Z,2026-04-02T13:57:09Z,2026-04-02T13:57:08Z,2026-04-02T13:30:00Z,2026-04-02T14:00:00Z,live,ok,live_endpoint,,TTC-PULSE/alerts/raw_snapshots/alerts_20260402T135708Z.pb,TTC-PULSE/alerts/raw_snapshots/alerts_20260402T135708Z.pb,8716,40e5a5f0b1cdef4f0ff85a2eb7d10c9d7ff8d5333d7f2e9d75ccbbf34063d265,
alerts_sidecar_20260402T135708Z,2026-04-02T13:57:09Z,2026-04-02T13:57:08Z,2026-04-02T13:30:00Z,2026-04-02T14:00:00Z,live,ok,live_endpoint,,TTC-PULSE/alerts/raw_snapshots/alerts_20260402T135708Z.pb,TTC-PULSE/alerts/raw_snapshots/alerts_20260402T135708Z.pb,4497,00088b8efd4affc62b18ac22aeebeb4f1964407997ac41c08e78c4ccbb9fb5d6,
alerts_sidecar_20260402T135708Z,2026-04-02T13:57:09Z,2026-04-02T13:57:08Z,2026-04-02T13:30:00Z,2026-04-02T14:00:00Z,live,ok,live_endpoint,,TTC-PULSE/alerts/raw_snapshots/alerts_20260402T135708Z.pb,TTC-PULSE/alerts/raw_snapshots/alerts_20260402T135708Z.pb,2152,c714222e45f399cfe2b802aad2f1717cc813be8fc20c19ed1ce7107e1094b9ce,
alerts_sidecar_20260402T135738Z,2026-04-02T13:57:39Z,2026-04-02T13:57:38Z,2026-04-02T13:30:00Z,2026-04-02T14:00:00Z,live,ok,live_endpoint,,TTC-PULSE/alerts/raw_snapshots/alerts_20260402T135738Z.pb,TTC-PULSE/alerts/raw_snapshots/alerts_20260402T135738Z.pb,8716,15f2f11b772683a0cbd68e2720639266abf2616dc0933c9f2f0cfc2877f4da8e,
alerts_sidecar_20260402T135738Z,2026-04-02T13:57:39Z,2026-04-02T13:57:38Z,2026-04-02T13:30:00Z,2026-04-02T14:00:00Z,live,ok,live_endpoint,,TTC-PULSE/alerts/raw_snapshots/alerts_20260402T135738Z.pb,TTC-PULSE/alerts/raw_snapshots/alerts_20260402T135738Z.pb,4497,ad18b21fded1d4b4a8544505c56bf50e74d81e8aa6788458e19a2a4f7dc9d5f8,
alerts_sidecar_20260402T135738Z,2026-04-02T13:57:39Z,2026-04-02T13:57:38Z,2026-04-02T13:30:00Z,2026-04-02T14:00:00Z,live,ok,live_endpoint,,TTC-PULSE/alerts/raw_snapshots/alerts_20260402T135738Z.pb,TTC-PULSE/alerts/raw_snapshots/alerts_20260402T135738Z.pb,2152,f7067f6b72d1c217afb1d5d45ab9d9f86c276fd641d4ac2bfea02bae422a78b1,
alerts_sidecar_20260402T135808Z,2026-04-02T13:58:09Z,2026-04-02T13:58:08Z,2026-04-02T13:30:00Z,2026-04-02T14:00:00Z,live,ok,live_endpoint,,TTC-PULSE/alerts/raw_snapshots/alerts_20260402T135808Z.pb,TTC-PULSE/alerts/raw_snapshots/alerts_20260402T135808Z.pb,8716,e0573911afd0ed84fad2eea65df7cb8ed06bf7435f5065d519302c9d2cd550ba,
alerts_sidecar_20260402T135808Z,2026-04-02T13:58:09Z,2026-04-02T13:58:08Z,2026-04-02T13:30:00Z,2026-04-02T14:00:00Z,live,ok,live_endpoint,,TTC-PULSE/alerts/raw_snapshots/alerts_20260402T135808Z.pb,TTC-PULSE/alerts/raw_snapshots/alerts_20260402T135808Z.pb,4497,814a83872d91ba0ed390010ae3213db23460472b939fc1cbc49c6119e3bff128,
alerts_sidecar_20260402T135808Z,2026-04-02T13:58:09Z,2026-04-02T13:58:08Z,2026-04-02T13:30:00Z,2026-04-02T14:00:00Z,live,ok,live_endpoint,,TTC-PULSE/alerts/raw_snapshots/alerts_20260402T135808Z.pb,TTC-PULSE/alerts/raw_snapshots/alerts_20260402T135808Z.pb,2152,600b419ee6da3876eabde1cbbb1b55614ed966fb331b0f852656f936b7065868,
alerts_sidecar_20260402T135838Z,2026-04-02T13:58:39Z,2026-04-02T13:58:38Z,2026-04-02T13:30:00Z,2026-04-02T14:00:00Z,live,ok,live_endpoint,,TTC-PULSE/alerts/raw_snapshots/alerts_20260402T135838Z.pb,TTC-PULSE/alerts/raw_snapshots/alerts_20260402T135838Z.pb,8716,b6ab4e18834e24ae769a83f96a01eb41df1767811164ccb36381b77221e2f6f6,
alerts_sidecar_20260402T135838Z,2026-04-02T13:58:39Z,2026-04-02T13:58:38Z,2026-04-02T13:30:00Z,2026-04-02T14:00:00Z,live,ok,live_endpoint,,TTC-PULSE/alerts/raw_snapshots/alerts_20260402T135838Z.pb,TTC-PULSE/alerts/raw_snapshots/alerts_20260402T135838Z.pb,4497,b8b1e9befd6a956014bb7824313e2e6b2ce91b7fd77efaf64e9fecbbdef16b46,
alerts_sidecar_20260402T135838Z,2026-04-02T13:58:39Z,2026-04-02T13:58:38Z,2026-04-02T13:30:00Z,2026-04-02T14:00:00Z,live,ok,live_endpoint,,TTC-PULSE/alerts/raw_snapshots/alerts_20260402T135838Z.pb,TTC-PULSE/alerts/raw_snapshots/alerts_20260402T135838Z.pb,2152,a9a9b21d57aa3da2d4b45c752038136fd1ae00a181f527982164f17b2452c774,
alerts_sidecar_20260402T135908Z,2026-04-02T13:59:09Z,2026-04-02T13:59:08Z,2026-04-02T13:30:00Z,2026-04-02T14:00:00Z,live,ok,live_endpoint,,TTC-PULSE/alerts/raw_snapshots/alerts_20260402T135908Z.pb,TTC-PULSE/alerts/raw_snapshots/alerts_20260402T135908Z.pb,8716,c2f03cccab5f64fa1803cd9d3db4c47eec61e75bc922f573792c3d095bd50b43,
alerts_sidecar_20260402T135908Z,2026-04-02T13:59:09Z,2026-04-02T13:59:08Z,2026-04-02T13:30:00Z,2026-04-02T14:00:00Z,live,ok,live_endpoint,,TTC-PULSE/alerts/raw_snapshots/alerts_20260402T135908Z.pb,TTC-PULSE/alerts/raw_snapshots/alerts_20260402T135908Z.pb,4497,9732d2f0f8966585f9ec5f88a148d0b71c011c8e597fd301647af55e8c3fbd03,
alerts_sidecar_20260402T135908Z,2026-04-02T13:59:09Z,2026-04-02T13:59:08Z,2026-04-02T13:30:00Z,2026-04-02T14:00:00Z,live,ok,live_endpoint,,TTC-PULSE/alerts/raw_snapshots/alerts_20260402T135908Z.pb,TTC-PULSE/alerts/raw_snapshots/alerts_20260402T135908Z.pb,2152,b5c378c4bf4131a9e242736ea6edc43c7df008e9dee7c94e1d4b0a69856a4957,
alerts_sidecar_20260402T135938Z,2026-04-02T13:59:39Z,2026-04-02T13:59:38Z,2026-04-02T13:30:00Z,2026-04-02T14:00:00Z,live,ok,live_endpoint,,TTC-PULSE/alerts/raw_snapshots/alerts_20260402T135938Z.pb,TTC-PULSE/alerts/raw_snapshots/alerts_20260402T135938Z.pb,8716,8d40f3743f790898d7b66ea58896114f152d3fd3def56e576d881ca1241ba0de,
alerts_sidecar_20260402T135938Z,2026-04-02T13:59:39Z,2026-04-02T13:59:38Z,2026-04-02T13:30:00Z,2026-04-02T14:00:00Z,live,ok,live_endpoint,,TTC-PULSE/alerts/raw_snapshots/alerts_20260402T135938Z.pb,TTC-PULSE/alerts/raw_snapshots/alerts_20260402T135938Z.pb,4497,a813750e647090e46e89336ad0c8e76f134385028c45a7f92892d67c5585b17c,
alerts_sidecar_20260402T135938Z,2026-04-02T13:59:39Z,2026-04-02T13:59:38Z,2026-04-02T13:30:00Z,2026-04-02T14:00:00Z,live,ok,live_endpoint,,TTC-PULSE/alerts/raw_snapshots/alerts_20260402T135938Z.pb,TTC-PULSE/alerts/raw_snapshots/alerts_20260402T135938Z.pb,2152,092c30307c986c415ca9b6d9665981f6d398c96b50971fd5a9d14e643a98c7df,
alerts_sidecar_20260402T140008Z,2026-04-02T14:00:09Z,2026-04-02T14:00:08Z,2026-04-02T14:00:00Z,2026-04-02T14:30:00Z,live,ok,live_endpoint,,TTC-PULSE/alerts/raw_snapshots/alerts_20260402T140008Z.pb,TTC-PULSE/alerts/raw_snapshots/alerts_20260402T140008Z.pb,8716,e23b5c969d5548802b28f3e14aa82bbf05bffb77993ffa12c207b57457b3b58a,
alerts_sidecar_20260402T140008Z,2026-04-02T14:00:09Z,2026-04-02T14:00:08Z,2026-04-02T14:00:00Z,2026-04-02T14:30:00Z,live,ok,live_endpoint,,TTC-PULSE/alerts/raw_snapshots/alerts_20260402T140008Z.pb,TTC-PULSE/alerts/raw_snapshots/alerts_20260402T140008Z.pb,4497,5a1bee22dcb0d72b5088eff2d6d4237be7a112c19c550a62bf19c53a6a2cb3ef,
alerts_sidecar_20260402T140008Z,2026-04-02T14:00:09Z,2026-04-02T14:00:08Z,2026-04-02T14:00:00Z,2026-04-02T14:30:00Z,live,ok,live_endpoint,,TTC-PULSE/alerts/raw_snapshots/alerts_20260402T140008Z.pb,TTC-PULSE/alerts/raw_snapshots/alerts_20260402T140008Z.pb,2152,c9270a5fe90a507b547a1cbd73126045738128d36a480f172982ab297ce2a4f3,
alerts_sidecar_20260402T140038Z,2026-04-02T14:00:39Z,2026-04-02T14:00:38Z,2026-04-02T14:00:00Z,2026-04-02T14:30:00Z,live,ok,live_endpoint,,TTC-PULSE/alerts/raw_snapshots/alerts_20260402T140038Z.pb,TTC-PULSE/alerts/raw_snapshots/alerts_20260402T140038Z.pb,8716,00bd27317717b508f0d3501bf183bd96f4871bd4be23a2beb551359da06628f3,
alerts_sidecar_20260402T140038Z,2026-04-02T14:00:39Z,2026-04-02T14:00:38Z,2026-04-02T14:00:00Z,2026-04-02T14:30:00Z,live,ok,live_endpoint,,TTC-PULSE/alerts/raw_snapshots/alerts_20260402T140038Z.pb,TTC-PULSE/alerts/raw_snapshots/alerts_20260402T140038Z.pb,4497,aafbf4ffd5082dcd06e247a83209d8983e734631182a15bfd7a51121efc3c267,
alerts_sidecar_20260402T140038Z,2026-04-02T14:00:39Z,2026-04-02T14:00:38Z,2026-04-02T14:00:00Z,2026-04-02T14:30:00Z,live,ok,live_endpoint,,TTC-PULSE/alerts/raw_snapshots/alerts_20260402T140038Z.pb,TTC-PULSE/alerts/raw_snapshots/alerts_20260402T140038Z.pb,2152,7d24b170d705228234e57b641154a3f9407bcb46979f184d4ac269397e699ed1,
alerts_sidecar_20260402T140108Z,2026-04-02T14:01:09Z,2026-04-02T14:01:08Z,2026-04-02T14:00:00Z,2026-04-02T14:30:00Z,live,ok,live_endpoint,,TTC-PULSE/alerts/raw_snapshots/alerts_20260402T140108Z.pb,TTC-PULSE/alerts/raw_snapshots/alerts_20260402T140108Z.pb,8716,f6d122b214d6a2970a4e764154a49aa412acacf6f4957b11bd9dfb7e1e097ab6,
alerts_sidecar_20260402T140108Z,2026-04-02T14:01:09Z,2026-04-02T14:01:08Z,2026-04-02T14:00:00Z,2026-04-02T14:30:00Z,live,ok,live_endpoint,,TTC-PULSE/alerts/raw_snapshots/alerts_20260402T140108Z.pb,TTC-PULSE/alerts/raw_snapshots/alerts_20260402T140108Z.pb,4497,18a79258cfb2417ca75391ca60a11b2c9e6dc48e297335cb466d0f2ff438bb58,
alerts_sidecar_20260402T140108Z,2026-04-02T14:01:09Z,2026-04-02T14:01:08Z,2026-04-02T14:00:00Z,2026-04-02T14:30:00Z,live,ok,live_endpoint,,TTC-PULSE/alerts/raw_snapshots/alerts_20260402T140108Z.pb,TTC-PULSE/alerts/raw_snapshots/alerts_20260402T140108Z.pb,2152,3605b8d7ca84be4380a50985a2292ff61bc323510f5fca689a959b8b87888b6d,
alerts_sidecar_20260402T140138Z,2026-04-02T14:01:39Z,2026-04-02T14:01:38Z,2026-04-02T14:00:00Z,2026-04-02T14:30:00Z,live,ok,live_endpoint,,TTC-PULSE/alerts/raw_snapshots/alerts_20260402T140138Z.pb,TTC-PULSE/alerts/raw_snapshots/alerts_20260402T140138Z.pb,8716,9e1a136b7332535d0c21e11717edeb1d85c52cf68db89db7cb0b74b00fc6fece,
alerts_sidecar_20260402T140138Z,2026-04-02T14:01:39Z,2026-04-02T14:01:38Z,2026-04-02T14:00:00Z,2026-04-02T14:30:00Z,live,ok,live_endpoint,,TTC-PULSE/alerts/raw_snapshots/alerts_20260402T140138Z.pb,TTC-PULSE/alerts/raw_snapshots/alerts_20260402T140138Z.pb,4497,6043ab2157da5f53212895c690d87f6bb621c3ab1cb49ecc7805ac6bbd3f21b1,
alerts_sidecar_20260402T140138Z,2026-04-02T14:01:39Z,2026-04-02T14:01:38Z,2026-04-02T14:00:00Z,2026-04-02T14:30:00Z,live,ok,live_endpoint,,TTC-PULSE/alerts/raw_snapshots/alerts_20260402T140138Z.pb,TTC-PULSE/alerts/raw_snapshots/alerts_20260402T140138Z.pb,2152,dfbed36b85e66288c7f1a095718d8ec63ce6d4b3fdec76c5e600a00ea14e76fb,
alerts_sidecar_20260402T140208Z,2026-04-02T14:02:09Z,2026-04-02T14:02:08Z,2026-04-02T14:00:00Z,2026-04-02T14:30:00Z,live,ok,live_endpoint,,TTC-PULSE/alerts/raw_snapshots/alerts_20260402T140208Z.pb,TTC-PULSE/alerts/raw_snapshots/alerts_20260402T140208Z.pb,8716,41f368f1c97aa5672b2c8d659ce34b905a631e4453258ca6227ff6477c667383,
alerts_sidecar_20260402T140208Z,2026-04-02T14:02:09Z,2026-04-02T14:02:08Z,2026-04-02T14:00:00Z,2026-04-02T14:30:00Z,live,ok,live_endpoint,,TTC-PULSE/alerts/raw_snapshots/alerts_20260402T140208Z.pb,TTC-PULSE/alerts/raw_snapshots/alerts_20260402T140208Z.pb,4497,e512ddec6b0b8b494d4158036f0e313a2f1306891a5b7837971b7705db5adba5,
alerts_sidecar_20260402T140208Z,2026-04-02T14:02:09Z,2026-04-02T14:02:08Z,2026-04-02T14:00:00Z,2026-04-02T14:30:00Z,live,ok,live_endpoint,,TTC-PULSE/alerts/raw_snapshots/alerts_20260402T140208Z.pb,TTC-PULSE/alerts/raw_snapshots/alerts_20260402T140208Z.pb,2152,d4a739e0183423be506c5c76e069da723f41e36c509818526f95ec3d9e3ed1ce,
alerts_sidecar_20260402T140238Z,2026-04-02T14:02:39Z,2026-04-02T14:02:38Z,2026-04-02T14:00:00Z,2026-04-02T14:30:00Z,live,ok,live_endpoint,,TTC-PULSE/alerts/raw_snapshots/alerts_20260402T140238Z.pb,TTC-PULSE/alerts/raw_snapshots/alerts_20260402T140238Z.pb,8716,5f696a780910f41bd4c3a879928732c7bc3a03f130a8eaf32c1e0eb91aacdef3,
alerts_sidecar_20260402T140238Z,2026-04-02T14:02:39Z,2026-04-02T14:02:38Z,2026-04-02T14:00:00Z,2026-04-02T14:30:00Z,live,ok,live_endpoint,,TTC-PULSE/alerts/raw_snapshots/alerts_20260402T140238Z.pb,TTC-PULSE/alerts/raw_snapshots/alerts_20260402T140238Z.pb,4497,245b120f50c2875db311b7b1b7e8d03fc818a193126dcc9b9cc28c2618ab14d9,
alerts_sidecar_20260402T140238Z,2026-04-02T14:02:39Z,2026-04-02T14:02:38Z,2026-04-02T14:00:00Z,2026-04-02T14:30:00Z,live,ok,live_endpoint,,TTC-PULSE/alerts/raw_snapshots/alerts_20260402T140238Z.pb,TTC-PULSE/alerts/raw_snapshots/alerts_20260402T140238Z.pb,2152,8297ce899690ea2a390d85c8c4aeef239449c641141d344a65e48d0192da3a06,
alerts_sidecar_20260402T140729Z,2026-04-02T14:07:30Z,2026-04-02T14:07:29Z,2026-04-02T14:00:00Z,2026-04-02T14:30:00Z,live,ok,live_endpoint,,TTC-PULSE/alerts/raw_snapshots/alerts_20260402T140729Z.pb,TTC-PULSE/alerts/raw_snapshots/alerts_20260402T140729Z.pb,8716,77d5a9f22712eb856c1c4fabd60a9af218991cbfdb69595913f7ae4a98446601,
alerts_sidecar_20260402T140729Z,2026-04-02T14:07:30Z,2026-04-02T14:07:29Z,2026-04-02T14:00:00Z,2026-04-02T14:30:00Z,live,ok,live_endpoint,,TTC-PULSE/alerts/raw_snapshots/alerts_20260402T140729Z.pb,TTC-PULSE/alerts/raw_snapshots/alerts_20260402T140729Z.pb,4497,4254b0ca843ee0238f0ebc97062cff05106d33016cfdd3d3d5870ad14a2200ee,
alerts_sidecar_20260402T140729Z,2026-04-02T14:07:30Z,2026-04-02T14:07:29Z,2026-04-02T14:00:00Z,2026-04-02T14:30:00Z,live,ok,live_endpoint,,TTC-PULSE/alerts/raw_snapshots/alerts_20260402T140729Z.pb,TTC-PULSE/alerts/raw_snapshots/alerts_20260402T140729Z.pb,2152,c49677b8ef017bb1ee696ed16c22e614ce58c35feec960208e50561f35522fc1,
alerts_sidecar_20260402T140759Z,2026-04-02T14:08:00Z,2026-04-02T14:07:59Z,2026-04-02T14:00:00Z,2026-04-02T14:30:00Z,live,ok,live_endpoint,,TTC-PULSE/alerts/raw_snapshots/alerts_20260402T140759Z.pb,TTC-PULSE/alerts/raw_snapshots/alerts_20260402T140759Z.pb,8716,0f673d07ffc5902a44be49cfd30ced690c9c69cad3e1bd81c58a2ae3fc870c89,
alerts_sidecar_20260402T140759Z,2026-04-02T14:08:00Z,2026-04-02T14:07:59Z,2026-04-02T14:00:00Z,2026-04-02T14:30:00Z,live,ok,live_endpoint,,TTC-PULSE/alerts/raw_snapshots/alerts_20260402T140759Z.pb,TTC-PULSE/alerts/raw_snapshots/alerts_20260402T140759Z.pb,4497,54a8b97f77276360ec057f68fb4a6b5a057a937763eec3fef15185cd2d7da2e3,
alerts_sidecar_20260402T140759Z,2026-04-02T14:08:00Z,2026-04-02T14:07:59Z,2026-04-02T14:00:00Z,2026-04-02T14:30:00Z,live,ok,live_endpoint,,TTC-PULSE/alerts/raw_snapshots/alerts_20260402T140759Z.pb,TTC-PULSE/alerts/raw_snapshots/alerts_20260402T140759Z.pb,2152,be0881deb7a02f28c011aeac248b37c18c5ff1e5c45e1f35c239689dbe3ad370,
alerts_sidecar_20260402T140829Z,2026-04-02T14:08:29Z,2026-04-02T14:08:29Z,2026-04-02T14:00:00Z,2026-04-02T14:30:00Z,live,ok,live_endpoint,,TTC-PULSE/alerts/raw_snapshots/alerts_20260402T140829Z.pb,TTC-PULSE/alerts/raw_snapshots/alerts_20260402T140829Z.pb,8716,d3bef243d576396fe991d6240b156fb07f0f34cc2fd216c9f9c12c8a2cbc4fd3,
alerts_sidecar_20260402T140829Z,2026-04-02T14:08:30Z,2026-04-02T14:08:29Z,2026-04-02T14:00:00Z,2026-04-02T14:30:00Z,live,ok,live_endpoint,,TTC-PULSE/alerts/raw_snapshots/alerts_20260402T140829Z.pb,TTC-PULSE/alerts/raw_snapshots/alerts_20260402T140829Z.pb,4497,c0fd888c1a88b7fee808935eddd03dd71fcfd7417e294dc15e83aa5437e2bb2e,
alerts_sidecar_20260402T140829Z,2026-04-02T14:08:30Z,2026-04-02T14:08:29Z,2026-04-02T14:00:00Z,2026-04-02T14:30:00Z,live,ok,live_endpoint,,TTC-PULSE/alerts/raw_snapshots/alerts_20260402T140829Z.pb,TTC-PULSE/alerts/raw_snapshots/alerts_20260402T140829Z.pb,2152,6e03bc5f7efa68a0313eaeb1c6df689673c91fd9500b6e341ca7d612ef01c717,
alerts_sidecar_20260402T140859Z,2026-04-02T14:09:00Z,2026-04-02T14:08:59Z,2026-04-02T14:00:00Z,2026-04-02T14:30:00Z,live,ok,live_endpoint,,TTC-PULSE/alerts/raw_snapshots/alerts_20260402T140859Z.pb,TTC-PULSE/alerts/raw_snapshots/alerts_20260402T140859Z.pb,8716,3f41dc30bf9fe274f19e064f59299b522267f9fc30e413aee505359adcebd7d0,
alerts_sidecar_20260402T140859Z,2026-04-02T14:09:00Z,2026-04-02T14:08:59Z,2026-04-02T14:00:00Z,2026-04-02T14:30:00Z,live,ok,live_endpoint,,TTC-PULSE/alerts/raw_snapshots/alerts_20260402T140859Z.pb,TTC-PULSE/alerts/raw_snapshots/alerts_20260402T140859Z.pb,4497,60fc5eff83c30034c1b703595b4b68cc77c565fd2372158378eb8536d0c37fd8,
alerts_sidecar_20260402T140859Z,2026-04-02T14:09:00Z,2026-04-02T14:08:59Z,2026-04-02T14:00:00Z,2026-04-02T14:30:00Z,live,ok,live_endpoint,,TTC-PULSE/alerts/raw_snapshots/alerts_20260402T140859Z.pb,TTC-PULSE/alerts/raw_snapshots/alerts_20260402T140859Z.pb,2152,e7e6343c66bb5dcc916ddd1359903327666f0c0d7ff5fca19429c1c5a33db652,
alerts_sidecar_20260402T183152Z,2026-04-02T18:31:53Z,2026-04-02T18:31:52Z,2026-04-02T18:30:00Z,2026-04-02T19:00:00Z,live,ok,live_endpoint,,TTC-PULSE/alerts/raw_snapshots/alerts_20260402T183152Z.pb,TTC-PULSE/alerts/raw_snapshots/alerts_20260402T183152Z.pb,8716,953a1eb7f040eae6a479501c530b77ed2cfd41e10bfc791053c087912ce6362d,
alerts_sidecar_20260402T183152Z,2026-04-02T18:31:53Z,2026-04-02T18:31:52Z,2026-04-02T18:30:00Z,2026-04-02T19:00:00Z,live,ok,live_endpoint,,TTC-PULSE/alerts/raw_snapshots/alerts_20260402T183152Z.pb,TTC-PULSE/alerts/raw_snapshots/alerts_20260402T183152Z.pb,6062,0d50cf02fe7079398aecd9a7557c20ebd59bc5909ac6d8ebadef69c77dd4ac7a,
alerts_sidecar_20260402T183152Z,2026-04-02T18:31:53Z,2026-04-02T18:31:52Z,2026-04-02T18:30:00Z,2026-04-02T19:00:00Z,live,ok,live_endpoint,,TTC-PULSE/alerts/raw_snapshots/alerts_20260402T183152Z.pb,TTC-PULSE/alerts/raw_snapshots/alerts_20260402T183152Z.pb,2715,a72eb8d6d34a50a49feeb6a28cd9334b641e6f18913cfd32b7e630d96520b938,
alerts_sidecar_20260402T183222Z,2026-04-02T18:32:23Z,2026-04-02T18:32:22Z,2026-04-02T18:30:00Z,2026-04-02T19:00:00Z,live,ok,live_endpoint,,TTC-PULSE/alerts/raw_snapshots/alerts_20260402T183222Z.pb,TTC-PULSE/alerts/raw_snapshots/alerts_20260402T183222Z.pb,8716,1531c9f9cec00acae128d59401e733eea699dca07a066e651f35a37e650e9340,
alerts_sidecar_20260402T183222Z,2026-04-02T18:32:23Z,2026-04-02T18:32:22Z,2026-04-02T18:30:00Z,2026-04-02T19:00:00Z,live,ok,live_endpoint,,TTC-PULSE/alerts/raw_snapshots/alerts_20260402T183222Z.pb,TTC-PULSE/alerts/raw_snapshots/alerts_20260402T183222Z.pb,6062,de70ceb9a6d4cb0a17d314eff44a9df3549bba60d00d6cf0900952f0b0b5ac17,
alerts_sidecar_20260402T183222Z,2026-04-02T18:32:23Z,2026-04-02T18:32:22Z,2026-04-02T18:30:00Z,2026-04-02T19:00:00Z,live,ok,live_endpoint,,TTC-PULSE/alerts/raw_snapshots/alerts_20260402T183222Z.pb,TTC-PULSE/alerts/raw_snapshots/alerts_20260402T183222Z.pb,2715,958a6ced0ca4f101a2687be77b4bd9808f2bf9783a820b8a99e9afd23cabf3cd,
alerts_sidecar_20260402T183252Z,2026-04-02T18:32:53Z,2026-04-02T18:32:52Z,2026-04-02T18:30:00Z,2026-04-02T19:00:00Z,live,ok,live_endpoint,,TTC-PULSE/alerts/raw_snapshots/alerts_20260402T183252Z.pb,TTC-PULSE/alerts/raw_snapshots/alerts_20260402T183252Z.pb,8716,36e7b10ccb40e446d8d860e2a07d04e05ab07d33fbba5b41c65adbf8d7a9915f,
alerts_sidecar_20260402T183252Z,2026-04-02T18:32:53Z,2026-04-02T18:32:52Z,2026-04-02T18:30:00Z,2026-04-02T19:00:00Z,live,ok,live_endpoint,,TTC-PULSE/alerts/raw_snapshots/alerts_20260402T183252Z.pb,TTC-PULSE/alerts/raw_snapshots/alerts_20260402T183252Z.pb,6062,94244105bf2cdaa90c26f0693ae94c9d29c058a889e437bcfb90db7cb67ff33e,
alerts_sidecar_20260402T183252Z,2026-04-02T18:32:54Z,2026-04-02T18:32:52Z,2026-04-02T18:30:00Z,2026-04-02T19:00:00Z,live,ok,live_endpoint,,TTC-PULSE/alerts/raw_snapshots/alerts_20260402T183252Z.pb,TTC-PULSE/alerts/raw_snapshots/alerts_20260402T183252Z.pb,2715,c2653af8b26873908d0cca1a9c3623beca0c6b45f72b403d01687a8a7bb9bd3e,
alerts_sidecar_20260402T183322Z,2026-04-02T18:33:23Z,2026-04-02T18:33:22Z,2026-04-02T18:30:00Z,2026-04-02T19:00:00Z,live,ok,live_endpoint,,TTC-PULSE/alerts/raw_snapshots/alerts_20260402T183322Z.pb,TTC-PULSE/alerts/raw_snapshots/alerts_20260402T183322Z.pb,8716,d7714aa9802687196e00df51e712941f4be5f022945c9aef0c90717c40cdfd6a,
alerts_sidecar_20260402T183322Z,2026-04-02T18:33:23Z,2026-04-02T18:33:22Z,2026-04-02T18:30:00Z,2026-04-02T19:00:00Z,live,ok,live_endpoint,,TTC-PULSE/alerts/raw_snapshots/alerts_20260402T183322Z.pb,TTC-PULSE/alerts/raw_snapshots/alerts_20260402T183322Z.pb,6062,874a2b24286a028dac7db2950db07f025c4b5ae75163d826682eb660bc2ad592,
alerts_sidecar_20260402T183322Z,2026-04-02T18:33:23Z,2026-04-02T18:33:22Z,2026-04-02T18:30:00Z,2026-04-02T19:00:00Z,live,ok,live_endpoint,,TTC-PULSE/alerts/raw_snapshots/alerts_20260402T183322Z.pb,TTC-PULSE/alerts/raw_snapshots/alerts_20260402T183322Z.pb,2715,32a8129767b0f00309cd1e9f5c3b0868fc3020e3eba16e86902407a45a09be93,
alerts_sidecar_20260402T183352Z,2026-04-02T18:33:53Z,2026-04-02T18:33:52Z,2026-04-02T18:30:00Z,2026-04-02T19:00:00Z,live,ok,live_endpoint,,TTC-PULSE/alerts/raw_snapshots/alerts_20260402T183352Z.pb,TTC-PULSE/alerts/raw_snapshots/alerts_20260402T183352Z.pb,8716,580a08bc18f758bf4553528db1681c43a31dd234fb895c2bfb39d704d4bb7bd6,
alerts_sidecar_20260402T183352Z,2026-04-02T18:33:53Z,2026-04-02T18:33:52Z,2026-04-02T18:30:00Z,2026-04-02T19:00:00Z,live,ok,live_endpoint,,TTC-PULSE/alerts/raw_snapshots/alerts_20260402T183352Z.pb,TTC-PULSE/alerts/raw_snapshots/alerts_20260402T183352Z.pb,6062,bf671af04ebb76b6187316efc8edf2898f8ae66fa49576385b0c64adbfebcff1,
alerts_sidecar_20260402T183352Z,2026-04-02T18:33:53Z,2026-04-02T18:33:52Z,2026-04-02T18:30:00Z,2026-04-02T19:00:00Z,live,ok,live_endpoint,,TTC-PULSE/alerts/raw_snapshots/alerts_20260402T183352Z.pb,TTC-PULSE/alerts/raw_snapshots/alerts_20260402T183352Z.pb,2715,f6445aea80cf7899ba1edb4f141a05fab455b7d51621ab8b2ad0f055bdd4b2fb,
alerts_sidecar_20260402T183422Z,2026-04-02T18:34:23Z,2026-04-02T18:34:22Z,2026-04-02T18:30:00Z,2026-04-02T19:00:00Z,live,ok,live_endpoint,,TTC-PULSE/alerts/raw_snapshots/alerts_20260402T183422Z.pb,TTC-PULSE/alerts/raw_snapshots/alerts_20260402T183422Z.pb,8716,ea74d18f027d3847a6427730e425bf2a37e4e84f6fdd873340a69e06d4045c76,
alerts_sidecar_20260402T183422Z,2026-04-02T18:34:23Z,2026-04-02T18:34:22Z,2026-04-02T18:30:00Z,2026-04-02T19:00:00Z,live,ok,live_endpoint,,TTC-PULSE/alerts/raw_snapshots/alerts_20260402T183422Z.pb,TTC-PULSE/alerts/raw_snapshots/alerts_20260402T183422Z.pb,6062,464f7fc82b780af67d20869371124e9bac58df7641cccf283d46b3511b350189,
alerts_sidecar_20260402T183422Z,2026-04-02T18:34:23Z,2026-04-02T18:34:22Z,2026-04-02T18:30:00Z,2026-04-02T19:00:00Z,live,ok,live_endpoint,,TTC-PULSE/alerts/raw_snapshots/alerts_20260402T183422Z.pb,TTC-PULSE/alerts/raw_snapshots/alerts_20260402T183422Z.pb,2715,0f07b1b9dc4bc865c07612f72fc1daab1fead24dcbe0e20c6e9323e538232340,
alerts_sidecar_20260402T183452Z,2026-04-02T18:34:53Z,2026-04-02T18:34:52Z,2026-04-02T18:30:00Z,2026-04-02T19:00:00Z,live,ok,live_endpoint,,TTC-PULSE/alerts/raw_snapshots/alerts_20260402T183452Z.pb,TTC-PULSE/alerts/raw_snapshots/alerts_20260402T183452Z.pb,8716,2c80dc1d47199467c17b4a875f613a4b6992e4d2e9af7a4a1409d3bc43d4ed8b,
alerts_sidecar_20260402T183452Z,2026-04-02T18:34:53Z,2026-04-02T18:34:52Z,2026-04-02T18:30:00Z,2026-04-02T19:00:00Z,live,ok,live_endpoint,,TTC-PULSE/alerts/raw_snapshots/alerts_20260402T183452Z.pb,TTC-PULSE/alerts/raw_snapshots/alerts_20260402T183452Z.pb,6062,2420ca6600bb3b463193be94968b3830bc6efbe68702f1668bf9f492fbcb7aec,
alerts_sidecar_20260402T183452Z,2026-04-02T18:34:53Z,2026-04-02T18:34:52Z,2026-04-02T18:30:00Z,2026-04-02T19:00:00Z,live,ok,live_endpoint,,TTC-PULSE/alerts/raw_snapshots/alerts_20260402T183452Z.pb,TTC-PULSE/alerts/raw_snapshots/alerts_20260402T183452Z.pb,2715,44f02fc329927b7b8adc68d74a2ae14285d8cdb3eae54caf748b92fa5a8a1768,
alerts_sidecar_20260402T183522Z,2026-04-02T18:35:23Z,2026-04-02T18:35:22Z,2026-04-02T18:30:00Z,2026-04-02T19:00:00Z,live,ok,live_endpoint,,TTC-PULSE/alerts/raw_snapshots/alerts_20260402T183522Z.pb,TTC-PULSE/alerts/raw_snapshots/alerts_20260402T183522Z.pb,8716,81005b03416349c8c980c118fc89458baae0d28b9b85807c0c064fd7608d32af,
alerts_sidecar_20260402T183522Z,2026-04-02T18:35:23Z,2026-04-02T18:35:22Z,2026-04-02T18:30:00Z,2026-04-02T19:00:00Z,live,ok,live_endpoint,,TTC-PULSE/alerts/raw_snapshots/alerts_20260402T183522Z.pb,TTC-PULSE/alerts/raw_snapshots/alerts_20260402T183522Z.pb,6062,2e0944dcb80fc1e282e705046123f0277318ac8970a497f5b158e7f8396b02c2,
alerts_sidecar_20260402T183522Z,2026-04-02T18:35:24Z,2026-04-02T18:35:22Z,2026-04-02T18:30:00Z,2026-04-02T19:00:00Z,live,ok,live_endpoint,,TTC-PULSE/alerts/raw_snapshots/alerts_20260402T183522Z.pb,TTC-PULSE/alerts/raw_snapshots/alerts_20260402T183522Z.pb,2715,cad27ca7074e78e85049dde7a2f49c289cc5df237aa4b16438e0fa922d8d0f3c,
alerts_sidecar_20260402T183552Z,2026-04-02T18:35:53Z,2026-04-02T18:35:52Z,2026-04-02T18:30:00Z,2026-04-02T19:00:00Z,live,ok,live_endpoint,,TTC-PULSE/alerts/raw_snapshots/alerts_20260402T183552Z.pb,TTC-PULSE/alerts/raw_snapshots/alerts_20260402T183552Z.pb,8716,dc4a06c13ffa497dab33218efde3698db4757e4646d250e6502ec98080385d60,
alerts_sidecar_20260402T183552Z,2026-04-02T18:35:53Z,2026-04-02T18:35:52Z,2026-04-02T18:30:00Z,2026-04-02T19:00:00Z,live,ok,live_endpoint,,TTC-PULSE/alerts/raw_snapshots/alerts_20260402T183552Z.pb,TTC-PULSE/alerts/raw_snapshots/alerts_20260402T183552Z.pb,6062,89294050caf9c1f2c5528bc9073b9a76741dfaa09fe87e854b2aaa20cb049cc2,
alerts_sidecar_20260402T183552Z,2026-04-02T18:35:53Z,2026-04-02T18:35:52Z,2026-04-02T18:30:00Z,2026-04-02T19:00:00Z,live,ok,live_endpoint,,TTC-PULSE/alerts/raw_snapshots/alerts_20260402T183552Z.pb,TTC-PULSE/alerts/raw_snapshots/alerts_20260402T183552Z.pb,2715,cec7bbedbf654a81e6362c7da4d1f0c050a56f426420c9c74046e1fb156231da,
alerts_sidecar_20260402T183622Z,2026-04-02T18:36:23Z,2026-04-02T18:36:22Z,2026-04-02T18:30:00Z,2026-04-02T19:00:00Z,live,ok,live_endpoint,,TTC-PULSE/alerts/raw_snapshots/alerts_20260402T183622Z.pb,TTC-PULSE/alerts/raw_snapshots/alerts_20260402T183622Z.pb,8716,43574d57c1e6babd7916ffd8c8c656d9b57b7227ee374b37888ea11005fbdb23,
alerts_sidecar_20260402T183622Z,2026-04-02T18:36:23Z,2026-04-02T18:36:22Z,2026-04-02T18:30:00Z,2026-04-02T19:00:00Z,live,ok,live_endpoint,,TTC-PULSE/alerts/raw_snapshots/alerts_20260402T183622Z.pb,TTC-PULSE/alerts/raw_snapshots/alerts_20260402T183622Z.pb,6062,633e12080003259b864e9e0f3755b4aade4733acf0f1ad7bbdac1a00ed7ac82d,
alerts_sidecar_20260402T183622Z,2026-04-02T18:36:23Z,2026-04-02T18:36:22Z,2026-04-02T18:30:00Z,2026-04-02T19:00:00Z,live,ok,live_endpoint,,TTC-PULSE/alerts/raw_snapshots/alerts_20260402T183622Z.pb,TTC-PULSE/alerts/raw_snapshots/alerts_20260402T183622Z.pb,2715,306f8ca195f4444046e1c082060edb508c9c556d34e977b7bc21df5d3296c9f2,
alerts_sidecar_20260402T183652Z,2026-04-02T18:36:53Z,2026-04-02T18:36:52Z,2026-04-02T18:30:00Z,2026-04-02T19:00:00Z,live,ok,live_endpoint,,TTC-PULSE/alerts/raw_snapshots/alerts_20260402T183652Z.pb,TTC-PULSE/alerts/raw_snapshots/alerts_20260402T183652Z.pb,8716,37c58eea075f22b10e2a5e5f4eec9053cb94b2cc56b115c0107b6365e08ebbf1,
alerts_sidecar_20260402T183652Z,2026-04-02T18:36:53Z,2026-04-02T18:36:52Z,2026-04-02T18:30:00Z,2026-04-02T19:00:00Z,live,ok,live_endpoint,,TTC-PULSE/alerts/raw_snapshots/alerts_20260402T183652Z.pb,TTC-PULSE/alerts/raw_snapshots/alerts_20260402T183652Z.pb,6062,505d7ef98fad162b98ee020f1660ca545103783ce550be7a3feb5f3e2f04f6d8,
alerts_sidecar_20260402T183652Z,2026-04-02T18:36:53Z,2026-04-02T18:36:52Z,2026-04-02T18:30:00Z,2026-04-02T19:00:00Z,live,ok,live_endpoint,,TTC-PULSE/alerts/raw_snapshots/alerts_20260402T183652Z.pb,TTC-PULSE/alerts/raw_snapshots/alerts_20260402T183652Z.pb,2715,011ba9de5c4ba00dd655598e9c8f0eb88568a87f472d9171340cac6dad8a394f,
alerts_sidecar_20260402T183722Z,2026-04-02T18:37:23Z,2026-04-02T18:37:22Z,2026-04-02T18:30:00Z,2026-04-02T19:00:00Z,live,ok,live_endpoint,,TTC-PULSE/alerts/raw_snapshots/alerts_20260402T183722Z.pb,TTC-PULSE/alerts/raw_snapshots/alerts_20260402T183722Z.pb,8716,5c498d1f89384616549cf1b2224c8c5bac935bc14f2eed3b1d867a7183abd12f,
alerts_sidecar_20260402T183722Z,2026-04-02T18:37:23Z,2026-04-02T18:37:22Z,2026-04-02T18:30:00Z,2026-04-02T19:00:00Z,live,ok,live_endpoint,,TTC-PULSE/alerts/raw_snapshots/alerts_20260402T183722Z.pb,TTC-PULSE/alerts/raw_snapshots/alerts_20260402T183722Z.pb,6062,ce9e4fe201786c5f555b9ab51d35cb256b57903ca0d1390a9d115417b7487db7,
alerts_sidecar_20260402T183722Z,2026-04-02T18:37:23Z,2026-04-02T18:37:22Z,2026-04-02T18:30:00Z,2026-04-02T19:00:00Z,live,ok,live_endpoint,,TTC-PULSE/alerts/raw_snapshots/alerts_20260402T183722Z.pb,TTC-PULSE/alerts/raw_snapshots/alerts_20260402T183722Z.pb,2715,077665c7cd1257b39e1989c8b8147b7f5aabc53b3094172f21c90bc2627f74c8,
alerts_sidecar_20260402T183752Z,2026-04-02T18:37:53Z,2026-04-02T18:37:52Z,2026-04-02T18:30:00Z,2026-04-02T19:00:00Z,live,ok,live_endpoint,,TTC-PULSE/alerts/raw_snapshots/alerts_20260402T183752Z.pb,TTC-PULSE/alerts/raw_snapshots/alerts_20260402T183752Z.pb,8716,d53e26303bb1211baf21916835f774fb61c18a45e8322f762c2208f172197f41,
alerts_sidecar_20260402T183752Z,2026-04-02T18:37:53Z,2026-04-02T18:37:52Z,2026-04-02T18:30:00Z,2026-04-02T19:00:00Z,live,ok,live_endpoint,,TTC-PULSE/alerts/raw_snapshots/alerts_20260402T183752Z.pb,TTC-PULSE/alerts/raw_snapshots/alerts_20260402T183752Z.pb,6062,dbb9018be9fa6f232205f320dba931d639c0548aaf883599cd4856d2f3388607,
alerts_sidecar_20260402T183752Z,2026-04-02T18:37:53Z,2026-04-02T18:37:52Z,2026-04-02T18:30:00Z,2026-04-02T19:00:00Z,live,ok,live_endpoint,,TTC-PULSE/alerts/raw_snapshots/alerts_20260402T183752Z.pb,TTC-PULSE/alerts/raw_snapshots/alerts_20260402T183752Z.pb,2715,3b05b5988ce2709a159b1ba2eb18d7894eb4a1023ef1b82a81bccdf6a8180d45,
alerts_sidecar_20260402T183822Z,2026-04-02T18:38:23Z,2026-04-02T18:38:22Z,2026-04-02T18:30:00Z,2026-04-02T19:00:00Z,live,ok,live_endpoint,,TTC-PULSE/alerts/raw_snapshots/alerts_20260402T183822Z.pb,TTC-PULSE/alerts/raw_snapshots/alerts_20260402T183822Z.pb,8716,1b9d9b48ce0211be76362706a0ac63c48523ad9f4f647a7065b093df193cb849,
alerts_sidecar_20260402T183822Z,2026-04-02T18:38:23Z,2026-04-02T18:38:22Z,2026-04-02T18:30:00Z,2026-04-02T19:00:00Z,live,ok,live_endpoint,,TTC-PULSE/alerts/raw_snapshots/alerts_20260402T183822Z.pb,TTC-PULSE/alerts/raw_snapshots/alerts_20260402T183822Z.pb,6062,d741776f0c061c6b0883e090614197ef72f34eac01af9da9cab02dbedf812ffd,
alerts_sidecar_20260402T183822Z,2026-04-02T18:38:23Z,2026-04-02T18:38:22Z,2026-04-02T18:30:00Z,2026-04-02T19:00:00Z,live,ok,live_endpoint,,TTC-PULSE/alerts/raw_snapshots/alerts_20260402T183822Z.pb,TTC-PULSE/alerts/raw_snapshots/alerts_20260402T183822Z.pb,2715,8c0f82da9611adb9ced59159c83b3268fc71d949b4df89fd01a2b61a196ee681,
alerts_sidecar_20260402T183852Z,2026-04-02T18:38:53Z,2026-04-02T18:38:52Z,2026-04-02T18:30:00Z,2026-04-02T19:00:00Z,live,ok,live_endpoint,,TTC-PULSE/alerts/raw_snapshots/alerts_20260402T183852Z.pb,TTC-PULSE/alerts/raw_snapshots/alerts_20260402T183852Z.pb,8716,7233e05e23f6f5789ce471bd6309eefe2e461bbbb89d3f56c9fd3b018d4396a2,
alerts_sidecar_20260402T183852Z,2026-04-02T18:38:53Z,2026-04-02T18:38:52Z,2026-04-02T18:30:00Z,2026-04-02T19:00:00Z,live,ok,live_endpoint,,TTC-PULSE/alerts/raw_snapshots/alerts_20260402T183852Z.pb,TTC-PULSE/alerts/raw_snapshots/alerts_20260402T183852Z.pb,6062,4dd95eaa4e9c4c0526bb3db74878e388c9230f3e81de479076bfdcbb4d3f099d,
alerts_sidecar_20260402T183852Z,2026-04-02T18:38:53Z,2026-04-02T18:38:52Z,2026-04-02T18:30:00Z,2026-04-02T19:00:00Z,live,ok,live_endpoint,,TTC-PULSE/alerts/raw_snapshots/alerts_20260402T183852Z.pb,TTC-PULSE/alerts/raw_snapshots/alerts_20260402T183852Z.pb,2715,7cec403c00e9d70526af842e3807f1dcb71b11200a59fbe525610ceac8057076,
alerts_sidecar_20260402T183922Z,2026-04-02T18:39:23Z,2026-04-02T18:39:22Z,2026-04-02T18:30:00Z,2026-04-02T19:00:00Z,live,ok,live_endpoint,,TTC-PULSE/alerts/raw_snapshots/alerts_20260402T183922Z.pb,TTC-PULSE/alerts/raw_snapshots/alerts_20260402T183922Z.pb,8716,fee520d8c7ee879a8d245dc8640cba8cf84bb339c901fc1cb577c80915ab750c,
alerts_sidecar_20260402T183922Z,2026-04-02T18:39:23Z,2026-04-02T18:39:22Z,2026-04-02T18:30:00Z,2026-04-02T19:00:00Z,live,ok,live_endpoint,,TTC-PULSE/alerts/raw_snapshots/alerts_20260402T183922Z.pb,TTC-PULSE/alerts/raw_snapshots/alerts_20260402T183922Z.pb,6062,3fc25957d758c82324a603253e868ae366704fd7b0a38953cefcfc3c50e24353,
alerts_sidecar_20260402T183922Z,2026-04-02T18:39:23Z,2026-04-02T18:39:22Z,2026-04-02T18:30:00Z,2026-04-02T19:00:00Z,live,ok,live_endpoint,,TTC-PULSE/alerts/raw_snapshots/alerts_20260402T183922Z.pb,TTC-PULSE/alerts/raw_snapshots/alerts_20260402T183922Z.pb,2715,bda1d4d6689aa1709973e8e59c67347952b3a8e6e077701fb411f5f12401cdb6,
alerts_sidecar_20260402T183952Z,2026-04-02T18:39:53Z,2026-04-02T18:39:52Z,2026-04-02T18:30:00Z,2026-04-02T19:00:00Z,live,ok,live_endpoint,,TTC-PULSE/alerts/raw_snapshots/alerts_20260402T183952Z.pb,TTC-PULSE/alerts/raw_snapshots/alerts_20260402T183952Z.pb,8716,f1aa5b9ea07f4c7965c8b92dd330d83be339ecd9ebca3dd6de9e6aeebffaa25e,
alerts_sidecar_20260402T183952Z,2026-04-02T18:39:53Z,2026-04-02T18:39:52Z,2026-04-02T18:30:00Z,2026-04-02T19:00:00Z,live,ok,live_endpoint,,TTC-PULSE/alerts/raw_snapshots/alerts_20260402T183952Z.pb,TTC-PULSE/alerts/raw_snapshots/alerts_20260402T183952Z.pb,6062,72f2e4927915d49eb3801c8a71605e74029aa5ab30f9ce958143d14ddd3310c0,
alerts_sidecar_20260402T183952Z,2026-04-02T18:39:53Z,2026-04-02T18:39:52Z,2026-04-02T18:30:00Z,2026-04-02T19:00:00Z,live,ok,live_endpoint,,TTC-PULSE/alerts/raw_snapshots/alerts_20260402T183952Z.pb,TTC-PULSE/alerts/raw_snapshots/alerts_20260402T183952Z.pb,2715,886a482dbbcb3bc1c6e5bf438b51f4c30e97a57593047bc9d326d694b5381dc7,
alerts_sidecar_20260402T184022Z,2026-04-02T18:40:23Z,2026-04-02T18:40:22Z,2026-04-02T18:30:00Z,2026-04-02T19:00:00Z,live,ok,live_endpoint,,TTC-PULSE/alerts/raw_snapshots/alerts_20260402T184022Z.pb,TTC-PULSE/alerts/raw_snapshots/alerts_20260402T184022Z.pb,8716,50f8a6f1b6ade47e2b5222bb3778f3e5b181bbed2f07998e9a617da3eaf68267,
alerts_sidecar_20260402T184022Z,2026-04-02T18:40:23Z,2026-04-02T18:40:22Z,2026-04-02T18:30:00Z,2026-04-02T19:00:00Z,live,ok,live_endpoint,,TTC-PULSE/alerts/raw_snapshots/alerts_20260402T184022Z.pb,TTC-PULSE/alerts/raw_snapshots/alerts_20260402T184022Z.pb,6062,5ea465a6f49e006f1bde37148283df869887bc16239f290e94dff542926459fc,
alerts_sidecar_20260402T184022Z,2026-04-02T18:40:23Z,2026-04-02T18:40:22Z,2026-04-02T18:30:00Z,2026-04-02T19:00:00Z,live,ok,live_endpoint,,TTC-PULSE/alerts/raw_snapshots/alerts_20260402T184022Z.pb,TTC-PULSE/alerts/raw_snapshots/alerts_20260402T184022Z.pb,2715,9abe75827cd3297bd2cb17a9ceced16abea1391ba1fccc080162de39c86da4a0,
alerts_sidecar_20260402T184052Z,2026-04-02T18:40:53Z,2026-04-02T18:40:52Z,2026-04-02T18:30:00Z,2026-04-02T19:00:00Z,live,ok,live_endpoint,,TTC-PULSE/alerts/raw_snapshots/alerts_20260402T184052Z.pb,TTC-PULSE/alerts/raw_snapshots/alerts_20260402T184052Z.pb,8716,2fa9cfe5fae111d94ea48918c5a9d1272d7688931c11196ed180e372ea1e1722,
alerts_sidecar_20260402T184052Z,2026-04-02T18:40:53Z,2026-04-02T18:40:52Z,2026-04-02T18:30:00Z,2026-04-02T19:00:00Z,live,ok,live_endpoint,,TTC-PULSE/alerts/raw_snapshots/alerts_20260402T184052Z.pb,TTC-PULSE/alerts/raw_snapshots/alerts_20260402T184052Z.pb,6062,e66d1f5e1b0d712f06049df4e8be2b179f157ab232c02364bdca25bbe1ddaea2,
alerts_sidecar_20260402T184052Z,2026-04-02T18:40:54Z,2026-04-02T18:40:52Z,2026-04-02T18:30:00Z,2026-04-02T19:00:00Z,live,ok,live_endpoint,,TTC-PULSE/alerts/raw_snapshots/alerts_20260402T184052Z.pb,TTC-PULSE/alerts/raw_snapshots/alerts_20260402T184052Z.pb,2715,1a40d6e0952b1408ded3546fdebd259ee3fd763f7a3230f31b9186db6daf0873,
alerts_sidecar_20260402T184122Z,2026-04-02T18:41:23Z,2026-04-02T18:41:22Z,2026-04-02T18:30:00Z,2026-04-02T19:00:00Z,live,ok,live_endpoint,,TTC-PULSE/alerts/raw_snapshots/alerts_20260402T184122Z.pb,TTC-PULSE/alerts/raw_snapshots/alerts_20260402T184122Z.pb,8716,0435beb81ed91e6f11eeab51cace388b8fcd2428eca171d6ab756ddaa7b8c5fb,
alerts_sidecar_20260402T184122Z,2026-04-02T18:41:23Z,2026-04-02T18:41:22Z,2026-04-02T18:30:00Z,2026-04-02T19:00:00Z,live,ok,live_endpoint,,TTC-PULSE/alerts/raw_snapshots/alerts_20260402T184122Z.pb,TTC-PULSE/alerts/raw_snapshots/alerts_20260402T184122Z.pb,6062,014cd2893838dec0fb1d0ec06c196a0fccf677ee3ed5a395f7dfeaf0d13ca236,
alerts_sidecar_20260402T184122Z,2026-04-02T18:41:23Z,2026-04-02T18:41:22Z,2026-04-02T18:30:00Z,2026-04-02T19:00:00Z,live,ok,live_endpoint,,TTC-PULSE/alerts/raw_snapshots/alerts_20260402T184122Z.pb,TTC-PULSE/alerts/raw_snapshots/alerts_20260402T184122Z.pb,2715,ecd222a935c09b240f1e1c027ba69ea9894d5d16bc4b726701761671edfeb28c,
alerts_sidecar_20260402T184152Z,2026-04-02T18:41:53Z,2026-04-02T18:41:52Z,2026-04-02T18:30:00Z,2026-04-02T19:00:00Z,live,ok,live_endpoint,,TTC-PULSE/alerts/raw_snapshots/alerts_20260402T184152Z.pb,TTC-PULSE/alerts/raw_snapshots/alerts_20260402T184152Z.pb,8716,f39d0f51dc315ee94cde36016e886405823368922678e1e4af38b4bc2c05d9f2,
alerts_sidecar_20260402T184152Z,2026-04-02T18:41:53Z,2026-04-02T18:41:52Z,2026-04-02T18:30:00Z,2026-04-02T19:00:00Z,live,ok,live_endpoint,,TTC-PULSE/alerts/raw_snapshots/alerts_20260402T184152Z.pb,TTC-PULSE/alerts/raw_snapshots/alerts_20260402T184152Z.pb,6062,733fba0bc783d36ae6642633b2526cca3ba77916eef410384c5aac1828913868,
alerts_sidecar_20260402T184152Z,2026-04-02T18:41:53Z,2026-04-02T18:41:52Z,2026-04-02T18:30:00Z,2026-04-02T19:00:00Z,live,ok,live_endpoint,,TTC-PULSE/alerts/raw_snapshots/alerts_20260402T184152Z.pb,TTC-PULSE/alerts/raw_snapshots/alerts_20260402T184152Z.pb,2715,797f106280c13d3203fa4dc56ccfa6d3436a2da5d0cf50092eb24aca9868d406,
alerts_sidecar_20260402T184222Z,2026-04-02T18:42:23Z,2026-04-02T18:42:22Z,2026-04-02T18:30:00Z,2026-04-02T19:00:00Z,live,ok,live_endpoint,,TTC-PULSE/alerts/raw_snapshots/alerts_20260402T184222Z.pb,TTC-PULSE/alerts/raw_snapshots/alerts_20260402T184222Z.pb,8716,676d2ac2b1e80da8068cd8974a05b24d22014346735ea6ca6f1c78cafc9aaf92,
alerts_sidecar_20260402T184222Z,2026-04-02T18:42:23Z,2026-04-02T18:42:22Z,2026-04-02T18:30:00Z,2026-04-02T19:00:00Z,live,ok,live_endpoint,,TTC-PULSE/alerts/raw_snapshots/alerts_20260402T184222Z.pb,TTC-PULSE/alerts/raw_snapshots/alerts_20260402T184222Z.pb,6062,624b0155edb451b8ab43cd32e51123b19551fdc87d4b7f25ff7824555446afc1,
alerts_sidecar_20260402T184222Z,2026-04-02T18:42:23Z,2026-04-02T18:42:22Z,2026-04-02T18:30:00Z,2026-04-02T19:00:00Z,live,ok,live_endpoint,,TTC-PULSE/alerts/raw_snapshots/alerts_20260402T184222Z.pb,TTC-PULSE/alerts/raw_snapshots/alerts_20260402T184222Z.pb,2715,b1c77fcc771ccc16d695a541cef3ea85ea5fde023c5bfa5d09f3965e139ed0ec,
alerts_sidecar_20260402T184252Z,2026-04-02T18:42:53Z,2026-04-02T18:42:52Z,2026-04-02T18:30:00Z,2026-04-02T19:00:00Z,live,ok,live_endpoint,,TTC-PULSE/alerts/raw_snapshots/alerts_20260402T184252Z.pb,TTC-PULSE/alerts/raw_snapshots/alerts_20260402T184252Z.pb,8716,0f21ad081a95f2b79ab34a7ecbf97c011b40f9298095c3d61227fe4d2914ffcb,
alerts_sidecar_20260402T184252Z,2026-04-02T18:42:53Z,2026-04-02T18:42:52Z,2026-04-02T18:30:00Z,2026-04-02T19:00:00Z,live,ok,live_endpoint,,TTC-PULSE/alerts/raw_snapshots/alerts_20260402T184252Z.pb,TTC-PULSE/alerts/raw_snapshots/alerts_20260402T184252Z.pb,6062,32a25d3549c23ed420898782e761d1bf279b6fcae886ac2ffbca403e6930d54d,
alerts_sidecar_20260402T184252Z,2026-04-02T18:42:54Z,2026-04-02T18:42:52Z,2026-04-02T18:30:00Z,2026-04-02T19:00:00Z,live,ok,live_endpoint,,TTC-PULSE/alerts/raw_snapshots/alerts_20260402T184252Z.pb,TTC-PULSE/alerts/raw_snapshots/alerts_20260402T184252Z.pb,2715,9fcd445e87ac2243cdbad87ab585b3c50dc8fb9f6c60a612502bf208ff36ee91,
alerts_sidecar_20260402T184322Z,2026-04-02T18:43:23Z,2026-04-02T18:43:22Z,2026-04-02T18:30:00Z,2026-04-02T19:00:00Z,live,ok,live_endpoint,,TTC-PULSE/alerts/raw_snapshots/alerts_20260402T184322Z.pb,TTC-PULSE/alerts/raw_snapshots/alerts_20260402T184322Z.pb,8716,7c650293497320bbeacd54910e17ea24ff7e14a81ec0f075c0e448b99906f3a2,
alerts_sidecar_20260402T184322Z,2026-04-02T18:43:23Z,2026-04-02T18:43:22Z,2026-04-02T18:30:00Z,2026-04-02T19:00:00Z,live,ok,live_endpoint,,TTC-PULSE/alerts/raw_snapshots/alerts_20260402T184322Z.pb,TTC-PULSE/alerts/raw_snapshots/alerts_20260402T184322Z.pb,6062,da413b948b798b4437cfa9f49c8568fa6c8ecf3e27dc7bd6cb6a0337e2054805,
alerts_sidecar_20260402T184322Z,2026-04-02T18:43:23Z,2026-04-02T18:43:22Z,2026-04-02T18:30:00Z,2026-04-02T19:00:00Z,live,ok,live_endpoint,,TTC-PULSE/alerts/raw_snapshots/alerts_20260402T184322Z.pb,TTC-PULSE/alerts/raw_snapshots/alerts_20260402T184322Z.pb,2715,543eaa1f210ca0cd3740007a8b86f0a96097d1dd0220ce39236ca8b4a72c3e1f,
alerts_sidecar_20260402T184352Z,2026-04-02T18:43:53Z,2026-04-02T18:43:52Z,2026-04-02T18:30:00Z,2026-04-02T19:00:00Z,live,ok,live_endpoint,,TTC-PULSE/alerts/raw_snapshots/alerts_20260402T184352Z.pb,TTC-PULSE/alerts/raw_snapshots/alerts_20260402T184352Z.pb,8716,2ee856b1ec79bae059f7261f7a887174c6629106e5be5e65bc564e1a9e173701,
alerts_sidecar_20260402T184352Z,2026-04-02T18:43:53Z,2026-04-02T18:43:52Z,2026-04-02T18:30:00Z,2026-04-02T19:00:00Z,live,ok,live_endpoint,,TTC-PULSE/alerts/raw_snapshots/alerts_20260402T184352Z.pb,TTC-PULSE/alerts/raw_snapshots/alerts_20260402T184352Z.pb,6062,418b29952b9bb01f8db88e50dcbfa5a552423cb942224e8e5d0b4eae8b08c6e6,
alerts_sidecar_20260402T184352Z,2026-04-02T18:43:53Z,2026-04-02T18:43:52Z,2026-04-02T18:30:00Z,2026-04-02T19:00:00Z,live,ok,live_endpoint,,TTC-PULSE/alerts/raw_snapshots/alerts_20260402T184352Z.pb,TTC-PULSE/alerts/raw_snapshots/alerts_20260402T184352Z.pb,2715,e3b6f9d83df752e038f3770c9b561ee5c3e0de2cab18a5745905560989de4218,
alerts_sidecar_20260402T184422Z,2026-04-02T18:44:23Z,2026-04-02T18:44:22Z,2026-04-02T18:30:00Z,2026-04-02T19:00:00Z,live,ok,live_endpoint,,TTC-PULSE/alerts/raw_snapshots/alerts_20260402T184422Z.pb,TTC-PULSE/alerts/raw_snapshots/alerts_20260402T184422Z.pb,8716,ef50ad4626f411f27e7bdc08eb5c8e0592213d5a510379d75070049e954312da,
alerts_sidecar_20260402T184422Z,2026-04-02T18:44:23Z,2026-04-02T18:44:22Z,2026-04-02T18:30:00Z,2026-04-02T19:00:00Z,live,ok,live_endpoint,,TTC-PULSE/alerts/raw_snapshots/alerts_20260402T184422Z.pb,TTC-PULSE/alerts/raw_snapshots/alerts_20260402T184422Z.pb,6062,cbbb1e000ecd6ddfdfd9ebf10d612bb3b8b1f6e3dae6d93f6a50b15589144b2e,
alerts_sidecar_20260402T184422Z,2026-04-02T18:44:23Z,2026-04-02T18:44:22Z,2026-04-02T18:30:00Z,2026-04-02T19:00:00Z,live,ok,live_endpoint,,TTC-PULSE/alerts/raw_snapshots/alerts_20260402T184422Z.pb,TTC-PULSE/alerts/raw_snapshots/alerts_20260402T184422Z.pb,2715,8d76ae46a4833eaa3e5f170df69b4e7fab92b55cfb710dd67100e77b32bd4c5e,
alerts_sidecar_20260402T184452Z,2026-04-02T18:44:53Z,2026-04-02T18:44:52Z,2026-04-02T18:30:00Z,2026-04-02T19:00:00Z,live,ok,live_endpoint,,TTC-PULSE/alerts/raw_snapshots/alerts_20260402T184452Z.pb,TTC-PULSE/alerts/raw_snapshots/alerts_20260402T184452Z.pb,8716,6d859bfbf41c686a1e4c227604d22ef5c8889fd7bfc935871cfea3e9fe9fe9b1,
alerts_sidecar_20260402T184452Z,2026-04-02T18:44:53Z,2026-04-02T18:44:52Z,2026-04-02T18:30:00Z,2026-04-02T19:00:00Z,live,ok,live_endpoint,,TTC-PULSE/alerts/raw_snapshots/alerts_20260402T184452Z.pb,TTC-PULSE/alerts/raw_snapshots/alerts_20260402T184452Z.pb,6062,9a4fe38e3e99c521d0e0325bef9ddc3ace63b73cf97471b5e4b39d147d945bee,
alerts_sidecar_20260402T184452Z,2026-04-02T18:44:53Z,2026-04-02T18:44:52Z,2026-04-02T18:30:00Z,2026-04-02T19:00:00Z,live,ok,live_endpoint,,TTC-PULSE/alerts/raw_snapshots/alerts_20260402T184452Z.pb,TTC-PULSE/alerts/raw_snapshots/alerts_20260402T184452Z.pb,2715,d1353c6d27f8cbe77df9773c2385105383daaf27363f55ba4bddb69dcf225d1e,
alerts_sidecar_20260402T184522Z,2026-04-02T18:45:23Z,2026-04-02T18:45:22Z,2026-04-02T18:30:00Z,2026-04-02T19:00:00Z,live,ok,live_endpoint,,TTC-PULSE/alerts/raw_snapshots/alerts_20260402T184522Z.pb,TTC-PULSE/alerts/raw_snapshots/alerts_20260402T184522Z.pb,8716,da575a410fa65e029576feef9dc99a708e25f2cf2fcba6e3bdaf8853f5c180a2,
alerts_sidecar_20260402T184522Z,2026-04-02T18:45:23Z,2026-04-02T18:45:22Z,2026-04-02T18:30:00Z,2026-04-02T19:00:00Z,live,ok,live_endpoint,,TTC-PULSE/alerts/raw_snapshots/alerts_20260402T184522Z.pb,TTC-PULSE/alerts/raw_snapshots/alerts_20260402T184522Z.pb,6062,7eb6986cc1469c97ba65414f788de6b95356ce0108d81130a2379abc55c96531,
alerts_sidecar_20260402T184522Z,2026-04-02T18:45:23Z,2026-04-02T18:45:22Z,2026-04-02T18:30:00Z,2026-04-02T19:00:00Z,live,ok,live_endpoint,,TTC-PULSE/alerts/raw_snapshots/alerts_20260402T184522Z.pb,TTC-PULSE/alerts/raw_snapshots/alerts_20260402T184522Z.pb,2715,fce3bb9369a685672fd3249ae9ae9452987adb341049d26f97b7309abeea5437,
alerts_sidecar_20260402T184552Z,2026-04-02T18:45:53Z,2026-04-02T18:45:52Z,2026-04-02T18:30:00Z,2026-04-02T19:00:00Z,live,ok,live_endpoint,,TTC-PULSE/alerts/raw_snapshots/alerts_20260402T184552Z.pb,TTC-PULSE/alerts/raw_snapshots/alerts_20260402T184552Z.pb,8716,96554f1bfc149f34b0d73863d0e38e39b3d11ece33d13d4e6a3842a2ab249cd1,
alerts_sidecar_20260402T184552Z,2026-04-02T18:45:53Z,2026-04-02T18:45:52Z,2026-04-02T18:30:00Z,2026-04-02T19:00:00Z,live,ok,live_endpoint,,TTC-PULSE/alerts/raw_snapshots/alerts_20260402T184552Z.pb,TTC-PULSE/alerts/raw_snapshots/alerts_20260402T184552Z.pb,6062,9654f0634750ee646efcc93c01e95166826437f3211d8814bdce43c70b799e84,
alerts_sidecar_20260402T184552Z,2026-04-02T18:45:53Z,2026-04-02T18:45:52Z,2026-04-02T18:30:00Z,2026-04-02T19:00:00Z,live,ok,live_endpoint,,TTC-PULSE/alerts/raw_snapshots/alerts_20260402T184552Z.pb,TTC-PULSE/alerts/raw_snapshots/alerts_20260402T184552Z.pb,2715,202f7808dce55b80b2227ca51b8098aaf48898df59eee64f3f98e5a54dcd2500,
alerts_sidecar_20260402T184622Z,2026-04-02T18:46:23Z,2026-04-02T18:46:22Z,2026-04-02T18:30:00Z,2026-04-02T19:00:00Z,live,ok,live_endpoint,,TTC-PULSE/alerts/raw_snapshots/alerts_20260402T184622Z.pb,TTC-PULSE/alerts/raw_snapshots/alerts_20260402T184622Z.pb,8716,abdbc789bcf5c96fc624432a990513d9f062dee74cb5589842b866b111143f52,
alerts_sidecar_20260402T184622Z,2026-04-02T18:46:23Z,2026-04-02T18:46:22Z,2026-04-02T18:30:00Z,2026-04-02T19:00:00Z,live,ok,live_endpoint,,TTC-PULSE/alerts/raw_snapshots/alerts_20260402T184622Z.pb,TTC-PULSE/alerts/raw_snapshots/alerts_20260402T184622Z.pb,6062,9cf215065ff01e2c5a0b66cc7ed8c2563e3bfec450d1a560d174792ee36f5a41,
alerts_sidecar_20260402T184622Z,2026-04-02T18:46:23Z,2026-04-02T18:46:22Z,2026-04-02T18:30:00Z,2026-04-02T19:00:00Z,live,ok,live_endpoint,,TTC-PULSE/alerts/raw_snapshots/alerts_20260402T184622Z.pb,TTC-PULSE/alerts/raw_snapshots/alerts_20260402T184622Z.pb,2715,a4713b344876f70584df82ecb19ca84a2093460bba2ef6761686de0230f30bfd,
alerts_sidecar_20260402T184652Z,2026-04-02T18:46:53Z,2026-04-02T18:46:52Z,2026-04-02T18:30:00Z,2026-04-02T19:00:00Z,live,ok,live_endpoint,,TTC-PULSE/alerts/raw_snapshots/alerts_20260402T184652Z.pb,TTC-PULSE/alerts/raw_snapshots/alerts_20260402T184652Z.pb,8716,38fc239e665b1bbb959878cb99c7219630474254c078d512bda821e91406f86c,
alerts_sidecar_20260402T184652Z,2026-04-02T18:46:53Z,2026-04-02T18:46:52Z,2026-04-02T18:30:00Z,2026-04-02T19:00:00Z,live,ok,live_endpoint,,TTC-PULSE/alerts/raw_snapshots/alerts_20260402T184652Z.pb,TTC-PULSE/alerts/raw_snapshots/alerts_20260402T184652Z.pb,6062,2cc80014c57030ce55f7fb94c5ca6b4bd2566f692f3587e747fa305649980e45,
alerts_sidecar_20260402T184652Z,2026-04-02T18:46:53Z,2026-04-02T18:46:52Z,2026-04-02T18:30:00Z,2026-04-02T19:00:00Z,live,ok,live_endpoint,,TTC-PULSE/alerts/raw_snapshots/alerts_20260402T184652Z.pb,TTC-PULSE/alerts/raw_snapshots/alerts_20260402T184652Z.pb,2715,e552fdb3c64f30e67ae0093cf56f75110a6fb98cef99ed153fdd1a278eb191ed,
alerts_sidecar_20260402T184722Z,2026-04-02T18:47:23Z,2026-04-02T18:47:22Z,2026-04-02T18:30:00Z,2026-04-02T19:00:00Z,live,ok,live_endpoint,,TTC-PULSE/alerts/raw_snapshots/alerts_20260402T184722Z.pb,TTC-PULSE/alerts/raw_snapshots/alerts_20260402T184722Z.pb,8716,b34bd0d58f584eafa727f29adb2dceb7100000eb36cb04bb640232efdfd2d123,
alerts_sidecar_20260402T184722Z,2026-04-02T18:47:23Z,2026-04-02T18:47:22Z,2026-04-02T18:30:00Z,2026-04-02T19:00:00Z,live,ok,live_endpoint,,TTC-PULSE/alerts/raw_snapshots/alerts_20260402T184722Z.pb,TTC-PULSE/alerts/raw_snapshots/alerts_20260402T184722Z.pb,6062,d2f6214f700a90f9bce5da46cd8dcede215e948c140d588e73e2b911746e33dd,
alerts_sidecar_20260402T184722Z,2026-04-02T18:47:24Z,2026-04-02T18:47:22Z,2026-04-02T18:30:00Z,2026-04-02T19:00:00Z,live,ok,live_endpoint,,TTC-PULSE/alerts/raw_snapshots/alerts_20260402T184722Z.pb,TTC-PULSE/alerts/raw_snapshots/alerts_20260402T184722Z.pb,2715,5638357b854b92c361227bf310211662febea7f4d5461f08128279faacfa4f75,
alerts_sidecar_20260402T184752Z,2026-04-02T18:47:53Z,2026-04-02T18:47:52Z,2026-04-02T18:30:00Z,2026-04-02T19:00:00Z,live,ok,live_endpoint,,TTC-PULSE/alerts/raw_snapshots/alerts_20260402T184752Z.pb,TTC-PULSE/alerts/raw_snapshots/alerts_20260402T184752Z.pb,8716,f42ad8f9715fda2591375c49dae3fd21c4ed0f6b5fd3b0f0e6243ac6f81a58c2,
alerts_sidecar_20260402T184752Z,2026-04-02T18:47:53Z,2026-04-02T18:47:52Z,2026-04-02T18:30:00Z,2026-04-02T19:00:00Z,live,ok,live_endpoint,,TTC-PULSE/alerts/raw_snapshots/alerts_20260402T184752Z.pb,TTC-PULSE/alerts/raw_snapshots/alerts_20260402T184752Z.pb,6062,91cedbbb14134b3576f7ec2ff07caba310f8aa5cae931d54f655a923eb5e297e,
alerts_sidecar_20260402T184752Z,2026-04-02T18:47:53Z,2026-04-02T18:47:52Z,2026-04-02T18:30:00Z,2026-04-02T19:00:00Z,live,ok,live_endpoint,,TTC-PULSE/alerts/raw_snapshots/alerts_20260402T184752Z.pb,TTC-PULSE/alerts/raw_snapshots/alerts_20260402T184752Z.pb,2715,3f0479cc9e9a8a50b8fadd35368b56d25bfc245235a0721c80900317c7ce073e,
alerts_sidecar_20260402T184822Z,2026-04-02T18:48:23Z,2026-04-02T18:48:22Z,2026-04-02T18:30:00Z,2026-04-02T19:00:00Z,live,ok,live_endpoint,,TTC-PULSE/alerts/raw_snapshots/alerts_20260402T184822Z.pb,TTC-PULSE/alerts/raw_snapshots/alerts_20260402T184822Z.pb,8716,ad79ba61ad6f54804a60efc66f4c7fef87b3dc212a1165e5580d1286417a020b,
alerts_sidecar_20260402T184822Z,2026-04-02T18:48:23Z,2026-04-02T18:48:22Z,2026-04-02T18:30:00Z,2026-04-02T19:00:00Z,live,ok,live_endpoint,,TTC-PULSE/alerts/raw_snapshots/alerts_20260402T184822Z.pb,TTC-PULSE/alerts/raw_snapshots/alerts_20260402T184822Z.pb,6062,94dcec7fc9febe92aefe6d04c8263fbe5e5697b6a024fda0f4b327ee67cbf40c,
alerts_sidecar_20260402T184822Z,2026-04-02T18:48:23Z,2026-04-02T18:48:22Z,2026-04-02T18:30:00Z,2026-04-02T19:00:00Z,live,ok,live_endpoint,,TTC-PULSE/alerts/raw_snapshots/alerts_20260402T184822Z.pb,TTC-PULSE/alerts/raw_snapshots/alerts_20260402T184822Z.pb,2715,eccbca2f1ac9c7574db5f7e0be4e190dd18253bb18346793b5782b97aa4af7aa,
alerts_sidecar_20260402T184852Z,2026-04-02T18:48:53Z,2026-04-02T18:48:52Z,2026-04-02T18:30:00Z,2026-04-02T19:00:00Z,live,ok,live_endpoint,,TTC-PULSE/alerts/raw_snapshots/alerts_20260402T184852Z.pb,TTC-PULSE/alerts/raw_snapshots/alerts_20260402T184852Z.pb,8716,3c7070056dfaf7fd20fd95f75cde740b06e2287964f0283b52eddc420f2a564f,
alerts_sidecar_20260402T184852Z,2026-04-02T18:48:53Z,2026-04-02T18:48:52Z,2026-04-02T18:30:00Z,2026-04-02T19:00:00Z,live,ok,live_endpoint,,TTC-PULSE/alerts/raw_snapshots/alerts_20260402T184852Z.pb,TTC-PULSE/alerts/raw_snapshots/alerts_20260402T184852Z.pb,6062,31daad6b997546e97a8ec886a110d30495859727d8f50a1fc13d5323407ff7d7,
alerts_sidecar_20260402T184852Z,2026-04-02T18:48:53Z,2026-04-02T18:48:52Z,2026-04-02T18:30:00Z,2026-04-02T19:00:00Z,live,ok,live_endpoint,,TTC-PULSE/alerts/raw_snapshots/alerts_20260402T184852Z.pb,TTC-PULSE/alerts/raw_snapshots/alerts_20260402T184852Z.pb,2715,706f45debb59a273f49c0a251a62c54aac72edca90040b82ade997fc2aeaa57e,
alerts_sidecar_20260402T184922Z,2026-04-02T18:49:24Z,2026-04-02T18:49:22Z,2026-04-02T18:30:00Z,2026-04-02T19:00:00Z,live,ok,live_endpoint,,TTC-PULSE/alerts/raw_snapshots/alerts_20260402T184922Z.pb,TTC-PULSE/alerts/raw_snapshots/alerts_20260402T184922Z.pb,8716,fca207bd9a46a8772d4bcebce740980bdd613098493b40507756a9e813cc6087,
alerts_sidecar_20260402T184922Z,2026-04-02T18:49:24Z,2026-04-02T18:49:22Z,2026-04-02T18:30:00Z,2026-04-02T19:00:00Z,live,ok,live_endpoint,,TTC-PULSE/alerts/raw_snapshots/alerts_20260402T184922Z.pb,TTC-PULSE/alerts/raw_snapshots/alerts_20260402T184922Z.pb,6062,6d684d6032d5593e51ba19a406b0523ebd432d8467abe7f2d8e46a0afdc842a4,
alerts_sidecar_20260402T184922Z,2026-04-02T18:49:24Z,2026-04-02T18:49:22Z,2026-04-02T18:30:00Z,2026-04-02T19:00:00Z,live,ok,live_endpoint,,TTC-PULSE/alerts/raw_snapshots/alerts_20260402T184922Z.pb,TTC-PULSE/alerts/raw_snapshots/alerts_20260402T184922Z.pb,2715,066600a988a49a5c77f37093d118c59e531641b8d8a08e3dcd1f559d0e451149,
alerts_sidecar_20260402T184952Z,2026-04-02T18:49:53Z,2026-04-02T18:49:52Z,2026-04-02T18:30:00Z,2026-04-02T19:00:00Z,live,ok,live_endpoint,,TTC-PULSE/alerts/raw_snapshots/alerts_20260402T184952Z.pb,TTC-PULSE/alerts/raw_snapshots/alerts_20260402T184952Z.pb,8716,3de6ed72842fccfb592572db9f8608d824e6511896e5a0bed35c42f2efd17c5e,
alerts_sidecar_20260402T184952Z,2026-04-02T18:49:53Z,2026-04-02T18:49:52Z,2026-04-02T18:30:00Z,2026-04-02T19:00:00Z,live,ok,live_endpoint,,TTC-PULSE/alerts/raw_snapshots/alerts_20260402T184952Z.pb,TTC-PULSE/alerts/raw_snapshots/alerts_20260402T184952Z.pb,6062,f01f3bd316ed41a70b91d1d6d55f16af3977c7dfa23685100809cfd8da490eaa,
alerts_sidecar_20260402T184952Z,2026-04-02T18:49:54Z,2026-04-02T18:49:52Z,2026-04-02T18:30:00Z,2026-04-02T19:00:00Z,live,ok,live_endpoint,,TTC-PULSE/alerts/raw_snapshots/alerts_20260402T184952Z.pb,TTC-PULSE/alerts/raw_snapshots/alerts_20260402T184952Z.pb,2715,1691c6db7ce98483230275b69ed1e4b780073d7d3841ba9c46e153b8e6bb6c5a,
alerts_sidecar_20260402T185022Z,2026-04-02T18:50:23Z,2026-04-02T18:50:22Z,2026-04-02T18:30:00Z,2026-04-02T19:00:00Z,live,ok,live_endpoint,,TTC-PULSE/alerts/raw_snapshots/alerts_20260402T185022Z.pb,TTC-PULSE/alerts/raw_snapshots/alerts_20260402T185022Z.pb,8716,53b574bc013cd2ae45d3434925736f1d70e7b7965a1751e72e921dd09daebbb2,
alerts_sidecar_20260402T185022Z,2026-04-02T18:50:23Z,2026-04-02T18:50:22Z,2026-04-02T18:30:00Z,2026-04-02T19:00:00Z,live,ok,live_endpoint,,TTC-PULSE/alerts/raw_snapshots/alerts_20260402T185022Z.pb,TTC-PULSE/alerts/raw_snapshots/alerts_20260402T185022Z.pb,6062,aa921fba198938df0649740e7f5ff5fd16496a43b37121c1d4b48686dac06abb,
alerts_sidecar_20260402T185022Z,2026-04-02T18:50:24Z,2026-04-02T18:50:22Z,2026-04-02T18:30:00Z,2026-04-02T19:00:00Z,live,ok,live_endpoint,,TTC-PULSE/alerts/raw_snapshots/alerts_20260402T185022Z.pb,TTC-PULSE/alerts/raw_snapshots/alerts_20260402T185022Z.pb,2715,06e06e4082866283233e7930a2af2ec5ccb6c3c6543c07367bf5cf6483a8ce16,
alerts_sidecar_20260402T185052Z,2026-04-02T18:50:53Z,2026-04-02T18:50:52Z,2026-04-02T18:30:00Z,2026-04-02T19:00:00Z,live,ok,live_endpoint,,TTC-PULSE/alerts/raw_snapshots/alerts_20260402T185052Z.pb,TTC-PULSE/alerts/raw_snapshots/alerts_20260402T185052Z.pb,8716,58195583b1b22c7e02c21f874124e591d268a9dfba8c9a84fdb96fa2b41d7212,
alerts_sidecar_20260402T185052Z,2026-04-02T18:50:53Z,2026-04-02T18:50:52Z,2026-04-02T18:30:00Z,2026-04-02T19:00:00Z,live,ok,live_endpoint,,TTC-PULSE/alerts/raw_snapshots/alerts_20260402T185052Z.pb,TTC-PULSE/alerts/raw_snapshots/alerts_20260402T185052Z.pb,6062,bbcb12573e5dafb0a9629de15ab9b8b89e29e326bd4167662c965e13ba9f8925,
alerts_sidecar_20260402T185052Z,2026-04-02T18:50:53Z,2026-04-02T18:50:52Z,2026-04-02T18:30:00Z,2026-04-02T19:00:00Z,live,ok,live_endpoint,,TTC-PULSE/alerts/raw_snapshots/alerts_20260402T185052Z.pb,TTC-PULSE/alerts/raw_snapshots/alerts_20260402T185052Z.pb,2715,4663e7e45fec6ee7d20c9d9a86affad4088630edf24e35c29402817d3c964d97,
alerts_sidecar_20260402T185122Z,2026-04-02T18:51:23Z,2026-04-02T18:51:22Z,2026-04-02T18:30:00Z,2026-04-02T19:00:00Z,live,ok,live_endpoint,,TTC-PULSE/alerts/raw_snapshots/alerts_20260402T185122Z.pb,TTC-PULSE/alerts/raw_snapshots/alerts_20260402T185122Z.pb,8716,891907f00f5876596d47a134d4a57d5b8c77f7deb3d48eec195c566883a84a1d,
alerts_sidecar_20260402T185122Z,2026-04-02T18:51:23Z,2026-04-02T18:51:22Z,2026-04-02T18:30:00Z,2026-04-02T19:00:00Z,live,ok,live_endpoint,,TTC-PULSE/alerts/raw_snapshots/alerts_20260402T185122Z.pb,TTC-PULSE/alerts/raw_snapshots/alerts_20260402T185122Z.pb,6062,a3ae23e6152c5e11f9cd0b024dfee8da638208dfe67c62d67d32078299f6fa8c,
alerts_sidecar_20260402T185122Z,2026-04-02T18:51:23Z,2026-04-02T18:51:22Z,2026-04-02T18:30:00Z,2026-04-02T19:00:00Z,live,ok,live_endpoint,,TTC-PULSE/alerts/raw_snapshots/alerts_20260402T185122Z.pb,TTC-PULSE/alerts/raw_snapshots/alerts_20260402T185122Z.pb,2715,21a75c00511043c36e22bac2deec1cb1ead43ea20e9e54269fb4e8e3daf818d5,
alerts_sidecar_20260402T185152Z,2026-04-02T18:51:53Z,2026-04-02T18:51:52Z,2026-04-02T18:30:00Z,2026-04-02T19:00:00Z,live,ok,live_endpoint,,TTC-PULSE/alerts/raw_snapshots/alerts_20260402T185152Z.pb,TTC-PULSE/alerts/raw_snapshots/alerts_20260402T185152Z.pb,8716,0281af36a8fb6d74e39e0e6a5ad26413fa8af95206cbc76aee9990b1d0355484,
alerts_sidecar_20260402T185152Z,2026-04-02T18:51:53Z,2026-04-02T18:51:52Z,2026-04-02T18:30:00Z,2026-04-02T19:00:00Z,live,ok,live_endpoint,,TTC-PULSE/alerts/raw_snapshots/alerts_20260402T185152Z.pb,TTC-PULSE/alerts/raw_snapshots/alerts_20260402T185152Z.pb,6062,240cc70be1be626b7df7fb556bbf0e64d251634d8f6b0f532fea95374818d94f,
alerts_sidecar_20260402T185152Z,2026-04-02T18:51:54Z,2026-04-02T18:51:52Z,2026-04-02T18:30:00Z,2026-04-02T19:00:00Z,live,ok,live_endpoint,,TTC-PULSE/alerts/raw_snapshots/alerts_20260402T185152Z.pb,TTC-PULSE/alerts/raw_snapshots/alerts_20260402T185152Z.pb,2715,a359b277601cb94fe9bbad85debf5fb7fcd5bd4211b3afd3ad0d38584c5e0815,
alerts_sidecar_20260402T185222Z,2026-04-02T18:52:23Z,2026-04-02T18:52:22Z,2026-04-02T18:30:00Z,2026-04-02T19:00:00Z,live,ok,live_endpoint,,TTC-PULSE/alerts/raw_snapshots/alerts_20260402T185222Z.pb,TTC-PULSE/alerts/raw_snapshots/alerts_20260402T185222Z.pb,8716,036489c30ee5421992e3b754a79108400cb75f196eeec806083c33c06c169064,
alerts_sidecar_20260402T185222Z,2026-04-02T18:52:24Z,2026-04-02T18:52:22Z,2026-04-02T18:30:00Z,2026-04-02T19:00:00Z,live,ok,live_endpoint,,TTC-PULSE/alerts/raw_snapshots/alerts_20260402T185222Z.pb,TTC-PULSE/alerts/raw_snapshots/alerts_20260402T185222Z.pb,6062,6a2a899652fa60b4db7677b880acb2b93d07d3ea1b19a03cb64b56b22ac75c3b,
alerts_sidecar_20260402T185222Z,2026-04-02T18:52:24Z,2026-04-02T18:52:22Z,2026-04-02T18:30:00Z,2026-04-02T19:00:00Z,live,ok,live_endpoint,,TTC-PULSE/alerts/raw_snapshots/alerts_20260402T185222Z.pb,TTC-PULSE/alerts/raw_snapshots/alerts_20260402T185222Z.pb,2715,6a898cc89dfffc88c45f6a69ca36507307feca287ae65204cfdb71381da1ed4a,
alerts_sidecar_20260402T185252Z,2026-04-02T18:52:53Z,2026-04-02T18:52:52Z,2026-04-02T18:30:00Z,2026-04-02T19:00:00Z,live,ok,live_endpoint,,TTC-PULSE/alerts/raw_snapshots/alerts_20260402T185252Z.pb,TTC-PULSE/alerts/raw_snapshots/alerts_20260402T185252Z.pb,8716,b2065e5875da312d900eca5d1ccdf4f14c2f57260c231337872fd4a2a6fa532a,
alerts_sidecar_20260402T185252Z,2026-04-02T18:52:54Z,2026-04-02T18:52:52Z,2026-04-02T18:30:00Z,2026-04-02T19:00:00Z,live,ok,live_endpoint,,TTC-PULSE/alerts/raw_snapshots/alerts_20260402T185252Z.pb,TTC-PULSE/alerts/raw_snapshots/alerts_20260402T185252Z.pb,6062,e8e04f3ff06ff823215ffa68ea4b57b86af1b4b41300a8a9fa3b672d587d1f67,
alerts_sidecar_20260402T185252Z,2026-04-02T18:52:54Z,2026-04-02T18:52:52Z,2026-04-02T18:30:00Z,2026-04-02T19:00:00Z,live,ok,live_endpoint,,TTC-PULSE/alerts/raw_snapshots/alerts_20260402T185252Z.pb,TTC-PULSE/alerts/raw_snapshots/alerts_20260402T185252Z.pb,2715,8496058c361e5f0e65d2e30475e947384f21f0a2b1b21dea2de77881233b3eef,
alerts_sidecar_20260418T130329Z,2026-04-18T13:03:30Z,2026-04-18T13:03:29Z,2026-04-18T13:00:00Z,2026-04-18T13:30:00Z,live,ok,live_endpoint,,TTC-PULSE/alerts/raw_snapshots/alerts_20260418T130329Z.pb,TTC-PULSE/alerts/raw_snapshots/alerts_20260418T130329Z.pb,1447,13b94076b8f22722d2b41368d0f4acc9874469b5453126dc2d0bafa4a87c74dd,
alerts_sidecar_20260418T130329Z,2026-04-18T13:03:30Z,2026-04-18T13:03:29Z,2026-04-18T13:00:00Z,2026-04-18T13:30:00Z,live,ok,live_endpoint,,TTC-PULSE/alerts/raw_snapshots/alerts_20260418T130329Z.pb,TTC-PULSE/alerts/raw_snapshots/alerts_20260418T130329Z.pb,6311,f4a8a23c93d538956d9990ba209de1af3edfe1c4e49c406883f41a0f93f131ef,
alerts_sidecar_20260418T130329Z,2026-04-18T13:03:30Z,2026-04-18T13:03:29Z,2026-04-18T13:00:00Z,2026-04-18T13:30:00Z,live,ok,live_endpoint,,TTC-PULSE/alerts/raw_snapshots/alerts_20260418T130329Z.pb,TTC-PULSE/alerts/raw_snapshots/alerts_20260418T130329Z.pb,7418,e641ef8ceaf46fa8a7213dddc61d38bf7baa5d18bf157c49a7280600628a7391,
alerts_sidecar_20260418T130359Z,2026-04-18T13:03:59Z,2026-04-18T13:03:59Z,2026-04-18T13:00:00Z,2026-04-18T13:30:00Z,live,ok,live_endpoint,,TTC-PULSE/alerts/raw_snapshots/alerts_20260418T130359Z.pb,TTC-PULSE/alerts/raw_snapshots/alerts_20260418T130359Z.pb,1447,85327f13c19c9a23a828dcdd00eb596d7b54fbd8458faa77c4d27ad43d551577,
alerts_sidecar_20260418T130359Z,2026-04-18T13:04:00Z,2026-04-18T13:03:59Z,2026-04-18T13:00:00Z,2026-04-18T13:30:00Z,live,ok,live_endpoint,,TTC-PULSE/alerts/raw_snapshots/alerts_20260418T130359Z.pb,TTC-PULSE/alerts/raw_snapshots/alerts_20260418T130359Z.pb,6311,6e09353354030802895bb5f7ccce6e0d7c95677bd92774d61176d99fb065ca38,
alerts_sidecar_20260418T130359Z,2026-04-18T13:04:00Z,2026-04-18T13:03:59Z,2026-04-18T13:00:00Z,2026-04-18T13:30:00Z,live,ok,live_endpoint,,TTC-PULSE/alerts/raw_snapshots/alerts_20260418T130359Z.pb,TTC-PULSE/alerts/raw_snapshots/alerts_20260418T130359Z.pb,7418,d32f17b43c26542d06cd2f6fac359e7c499367c526fa0e83bfece112395dd680,
alerts_sidecar_20260418T130429Z,2026-04-18T13:04:30Z,2026-04-18T13:04:29Z,2026-04-18T13:00:00Z,2026-04-18T13:30:00Z,live,ok,live_endpoint,,TTC-PULSE/alerts/raw_snapshots/alerts_20260418T130429Z.pb,TTC-PULSE/alerts/raw_snapshots/alerts_20260418T130429Z.pb,1447,cf2a61412d7689774b7ea0ca57d5c890d88b29c23c370a7cc9cc51e8dc4a14f0,
alerts_sidecar_20260418T130429Z,2026-04-18T13:04:30Z,2026-04-18T13:04:29Z,2026-04-18T13:00:00Z,2026-04-18T13:30:00Z,live,ok,live_endpoint,,TTC-PULSE/alerts/raw_snapshots/alerts_20260418T130429Z.pb,TTC-PULSE/alerts/raw_snapshots/alerts_20260418T130429Z.pb,6311,455a72bc475ebd3306b82656b7bc5e8d5f1f6bc9c8bf36a3acaf29021ff01f4b,
alerts_sidecar_20260418T130429Z,2026-04-18T13:04:30Z,2026-04-18T13:04:29Z,2026-04-18T13:00:00Z,2026-04-18T13:30:00Z,live,ok,live_endpoint,,TTC-PULSE/alerts/raw_snapshots/alerts_20260418T130429Z.pb,TTC-PULSE/alerts/raw_snapshots/alerts_20260418T130429Z.pb,7418,15fe72e74674a1ff8a7704e60debbc49af3c6678a579837b4efae6500d63d907,
alerts_sidecar_20260418T130459Z,2026-04-18T13:05:00Z,2026-04-18T13:04:59Z,2026-04-18T13:00:00Z,2026-04-18T13:30:00Z,live,ok,live_endpoint,,TTC-PULSE/alerts/raw_snapshots/alerts_20260418T130459Z.pb,TTC-PULSE/alerts/raw_snapshots/alerts_20260418T130459Z.pb,1447,8323d677832965f523faf3b89ecf32260a8e8309f88d46f0d4a0c616c625e62c,
alerts_sidecar_20260418T130459Z,2026-04-18T13:05:00Z,2026-04-18T13:04:59Z,2026-04-18T13:00:00Z,2026-04-18T13:30:00Z,live,ok,live_endpoint,,TTC-PULSE/alerts/raw_snapshots/alerts_20260418T130459Z.pb,TTC-PULSE/alerts/raw_snapshots/alerts_20260418T130459Z.pb,6311,0ca84b7d6d93e20de1d3780161a07b22dac11361c1583927c368961218988e0e,
alerts_sidecar_20260418T130459Z,2026-04-18T13:05:01Z,2026-04-18T13:04:59Z,2026-04-18T13:00:00Z,2026-04-18T13:30:00Z,live,ok,live_endpoint,,TTC-PULSE/alerts/raw_snapshots/alerts_20260418T130459Z.pb,TTC-PULSE/alerts/raw_snapshots/alerts_20260418T130459Z.pb,7418,ad4679d5afd51b0fc501b9c5d64800f174875a5c66fcad8e389f60ee91d4e361,
alerts_sidecar_20260418T130529Z,2026-04-18T13:05:29Z,2026-04-18T13:05:29Z,2026-04-18T13:00:00Z,2026-04-18T13:30:00Z,live,ok,live_endpoint,,TTC-PULSE/alerts/raw_snapshots/alerts_20260418T130529Z.pb,TTC-PULSE/alerts/raw_snapshots/alerts_20260418T130529Z.pb,1447,dfda8817d9c28491fded485222e44ed7a024e6d5b779603561f684ae514f6afb,
alerts_sidecar_20260418T130529Z,2026-04-18T13:05:30Z,2026-04-18T13:05:29Z,2026-04-18T13:00:00Z,2026-04-18T13:30:00Z,live,ok,live_endpoint,,TTC-PULSE/alerts/raw_snapshots/alerts_20260418T130529Z.pb,TTC-PULSE/alerts/raw_snapshots/alerts_20260418T130529Z.pb,6311,6bce154f54a1a393185108cd76848e67679ba0bfb77c9c10c5953a0bd168d871,
alerts_sidecar_20260418T130529Z,2026-04-18T13:05:30Z,2026-04-18T13:05:29Z,2026-04-18T13:00:00Z,2026-04-18T13:30:00Z,live,ok,live_endpoint,,TTC-PULSE/alerts/raw_snapshots/alerts_20260418T130529Z.pb,TTC-PULSE/alerts/raw_snapshots/alerts_20260418T130529Z.pb,7418,763fb4d089e287c2fe4b5a3c1141b4cdaf2abec71975a68d694dd24e0b6a4eaa,
alerts_sidecar_20260418T130559Z,2026-04-18T13:05:59Z,2026-04-18T13:05:59Z,2026-04-18T13:00:00Z,2026-04-18T13:30:00Z,live,ok,live_endpoint,,TTC-PULSE/alerts/raw_snapshots/alerts_20260418T130559Z.pb,TTC-PULSE/alerts/raw_snapshots/alerts_20260418T130559Z.pb,1447,e208fe62691e86b387cd6cf758ad0595480ccbf4489466d322eef1b1c82f9eda,
alerts_sidecar_20260418T130559Z,2026-04-18T13:06:00Z,2026-04-18T13:05:59Z,2026-04-18T13:00:00Z,2026-04-18T13:30:00Z,live,ok,live_endpoint,,TTC-PULSE/alerts/raw_snapshots/alerts_20260418T130559Z.pb,TTC-PULSE/alerts/raw_snapshots/alerts_20260418T130559Z.pb,6311,8ca9e275b748d68627a7940762a41f9aa18804ad02c0d2d7aca2e5e952a1b0d5,
alerts_sidecar_20260418T130559Z,2026-04-18T13:06:00Z,2026-04-18T13:05:59Z,2026-04-18T13:00:00Z,2026-04-18T13:30:00Z,live,ok,live_endpoint,,TTC-PULSE/alerts/raw_snapshots/alerts_20260418T130559Z.pb,TTC-PULSE/alerts/raw_snapshots/alerts_20260418T130559Z.pb,7418,75cc4c7dda8b2fb3a1cb31370e0214808ca9eb36a9571d6defd98598a678ea2f,
alerts_sidecar_20260418T130629Z,2026-04-18T13:06:30Z,2026-04-18T13:06:29Z,2026-04-18T13:00:00Z,2026-04-18T13:30:00Z,live,ok,live_endpoint,,TTC-PULSE/alerts/raw_snapshots/alerts_20260418T130629Z.pb,TTC-PULSE/alerts/raw_snapshots/alerts_20260418T130629Z.pb,1447,9c4e86e99b6f93b15061b9583abae3d3103ec743cb06cd3df14333bc13a7e22c,
alerts_sidecar_20260418T130629Z,2026-04-18T13:06:30Z,2026-04-18T13:06:29Z,2026-04-18T13:00:00Z,2026-04-18T13:30:00Z,live,ok,live_endpoint,,TTC-PULSE/alerts/raw_snapshots/alerts_20260418T130629Z.pb,TTC-PULSE/alerts/raw_snapshots/alerts_20260418T130629Z.pb,6311,bac0cf7c8c4e2dd10ecdb50120a93611952196bdc78406cabb178401e39c0ee0,
alerts_sidecar_20260418T130629Z,2026-04-18T13:06:30Z,2026-04-18T13:06:29Z,2026-04-18T13:00:00Z,2026-04-18T13:30:00Z,live,ok,live_endpoint,,TTC-PULSE/alerts/raw_snapshots/alerts_20260418T130629Z.pb,TTC-PULSE/alerts/raw_snapshots/alerts_20260418T130629Z.pb,7418,75e6dced0e8fbb1fe1f48b435f78792ea35c284e3b12cac766d9f0fefacfb495,
alerts_sidecar_20260418T130659Z,2026-04-18T13:06:59Z,2026-04-18T13:06:59Z,2026-04-18T13:00:00Z,2026-04-18T13:30:00Z,live,ok,live_endpoint,,TTC-PULSE/alerts/raw_snapshots/alerts_20260418T130659Z.pb,TTC-PULSE/alerts/raw_snapshots/alerts_20260418T130659Z.pb,1447,0156e0d75f999c472de64399c711c8cb859777cfd262c8ac83b324b158c01faf,
alerts_sidecar_20260418T130659Z,2026-04-18T13:07:00Z,2026-04-18T13:06:59Z,2026-04-18T13:00:00Z,2026-04-18T13:30:00Z,live,ok,live_endpoint,,TTC-PULSE/alerts/raw_snapshots/alerts_20260418T130659Z.pb,TTC-PULSE/alerts/raw_snapshots/alerts_20260418T130659Z.pb,6311,a3b898e73426f82d2bede555873281f9c10b7dac5a403808e6a276f73232a0e1,
alerts_sidecar_20260418T130659Z,2026-04-18T13:07:00Z,2026-04-18T13:06:59Z,2026-04-18T13:00:00Z,2026-04-18T13:30:00Z,live,ok,live_endpoint,,TTC-PULSE/alerts/raw_snapshots/alerts_20260418T130659Z.pb,TTC-PULSE/alerts/raw_snapshots/alerts_20260418T130659Z.pb,7418,3faa515b69c5be7c4d055e99515f5fb4028975c89d83b7a407cb122023375c8e,
alerts_sidecar_20260418T130729Z,2026-04-18T13:07:29Z,2026-04-18T13:07:29Z,2026-04-18T13:00:00Z,2026-04-18T13:30:00Z,live,ok,live_endpoint,,TTC-PULSE/alerts/raw_snapshots/alerts_20260418T130729Z.pb,TTC-PULSE/alerts/raw_snapshots/alerts_20260418T130729Z.pb,1447,55d09498d013b3a3102e0a8b67ce5e02abc39155eac575f432b603be7f448fe2,
alerts_sidecar_20260418T130729Z,2026-04-18T13:07:30Z,2026-04-18T13:07:29Z,2026-04-18T13:00:00Z,2026-04-18T13:30:00Z,live,ok,live_endpoint,,TTC-PULSE/alerts/raw_snapshots/alerts_20260418T130729Z.pb,TTC-PULSE/alerts/raw_snapshots/alerts_20260418T130729Z.pb,6311,001b76621cdf609dccda64f8875668b7ab6068fb758a2b76ae0ba1f4ee7d5015,
alerts_sidecar_20260418T130729Z,2026-04-18T13:07:30Z,2026-04-18T13:07:29Z,2026-04-18T13:00:00Z,2026-04-18T13:30:00Z,live,ok,live_endpoint,,TTC-PULSE/alerts/raw_snapshots/alerts_20260418T130729Z.pb,TTC-PULSE/alerts/raw_snapshots/alerts_20260418T130729Z.pb,7418,8d677eeb07923778b31b980a85ec81ec12447b2befefe3d9ddc138bd828415dd,
alerts_sidecar_20260418T130759Z,2026-04-18T13:07:59Z,2026-04-18T13:07:59Z,2026-04-18T13:00:00Z,2026-04-18T13:30:00Z,live,ok,live_endpoint,,TTC-PULSE/alerts/raw_snapshots/alerts_20260418T130759Z.pb,TTC-PULSE/alerts/raw_snapshots/alerts_20260418T130759Z.pb,1447,cf00eb8bc921c702ffc8819aea131a966b651d35e809bd3b0b7311bac276a0e3,
alerts_sidecar_20260418T130759Z,2026-04-18T13:08:00Z,2026-04-18T13:07:59Z,2026-04-18T13:00:00Z,2026-04-18T13:30:00Z,live,ok,live_endpoint,,TTC-PULSE/alerts/raw_snapshots/alerts_20260418T130759Z.pb,TTC-PULSE/alerts/raw_snapshots/alerts_20260418T130759Z.pb,6311,3c1fcc3ea2e0119c58e371050c9c0d5ac5d2ca7a7d4d9298ecf31f50a4bad391,
alerts_sidecar_20260418T130759Z,2026-04-18T13:08:00Z,2026-04-18T13:07:59Z,2026-04-18T13:00:00Z,2026-04-18T13:30:00Z,live,ok,live_endpoint,,TTC-PULSE/alerts/raw_snapshots/alerts_20260418T130759Z.pb,TTC-PULSE/alerts/raw_snapshots/alerts_20260418T130759Z.pb,7418,9a29698854a9abf447dc5fecf24005be8d0fdc77e8d9ecf501ed460d585fd89c,
alerts_sidecar_20260418T130829Z,2026-04-18T13:08:29Z,2026-04-18T13:08:29Z,2026-04-18T13:00:00Z,2026-04-18T13:30:00Z,live,ok,live_endpoint,,TTC-PULSE/alerts/raw_snapshots/alerts_20260418T130829Z.pb,TTC-PULSE/alerts/raw_snapshots/alerts_20260418T130829Z.pb,1447,12992838abd3dc551247869dafe082b9f8616ac0cfc34e1beb782dda004dc9f5,
alerts_sidecar_20260418T130829Z,2026-04-18T13:08:30Z,2026-04-18T13:08:29Z,2026-04-18T13:00:00Z,2026-04-18T13:30:00Z,live,ok,live_endpoint,,TTC-PULSE/alerts/raw_snapshots/alerts_20260418T130829Z.pb,TTC-PULSE/alerts/raw_snapshots/alerts_20260418T130829Z.pb,6311,2d321181e36f366e1b8476536b7a7b904302d0a804c4f76779fcf26b3458ff01,
alerts_sidecar_20260418T130829Z,2026-04-18T13:08:30Z,2026-04-18T13:08:29Z,2026-04-18T13:00:00Z,2026-04-18T13:30:00Z,live,ok,live_endpoint,,TTC-PULSE/alerts/raw_snapshots/alerts_20260418T130829Z.pb,TTC-PULSE/alerts/raw_snapshots/alerts_20260418T130829Z.pb,7418,d537db8fb895e8bdd7be27cc2863e336ee29dae201d5e7e6d23936f594380368,
alerts_sidecar_20260418T130859Z,2026-04-18T13:08:59Z,2026-04-18T13:08:59Z,2026-04-18T13:00:00Z,2026-04-18T13:30:00Z,live,ok,live_endpoint,,TTC-PULSE/alerts/raw_snapshots/alerts_20260418T130859Z.pb,TTC-PULSE/alerts/raw_snapshots/alerts_20260418T130859Z.pb,1447,23b3230bb00aa98c3e23bbbd4c8a5fbfd70548837f7b984eb3e1c7eb6a9674a6,
alerts_sidecar_20260418T130859Z,2026-04-18T13:09:00Z,2026-04-18T13:08:59Z,2026-04-18T13:00:00Z,2026-04-18T13:30:00Z,live,ok,live_endpoint,,TTC-PULSE/alerts/raw_snapshots/alerts_20260418T130859Z.pb,TTC-PULSE/alerts/raw_snapshots/alerts_20260418T130859Z.pb,6311,6c5c8f23b527ee82d6b54d7e4881d0ce3fcd9027b3c2f14784ee42c4dd1d498b,
alerts_sidecar_20260418T130859Z,2026-04-18T13:09:00Z,2026-04-18T13:08:59Z,2026-04-18T13:00:00Z,2026-04-18T13:30:00Z,live,ok,live_endpoint,,TTC-PULSE/alerts/raw_snapshots/alerts_20260418T130859Z.pb,TTC-PULSE/alerts/raw_snapshots/alerts_20260418T130859Z.pb,7418,7a318ab2fbe9cc38957f25f3c0c521f68258db887f03f922390ca16c1b909fc4,
alerts_sidecar_20260418T130929Z,2026-04-18T13:09:30Z,2026-04-18T13:09:29Z,2026-04-18T13:00:00Z,2026-04-18T13:30:00Z,live,ok,live_endpoint,,TTC-PULSE/alerts/raw_snapshots/alerts_20260418T130929Z.pb,TTC-PULSE/alerts/raw_snapshots/alerts_20260418T130929Z.pb,1447,236121e888f79b809c4ede671d8332f0e193f79c41530b31a3b2e2721d87f5d6,
alerts_sidecar_20260418T130929Z,2026-04-18T13:09:30Z,2026-04-18T13:09:29Z,2026-04-18T13:00:00Z,2026-04-18T13:30:00Z,live,ok,live_endpoint,,TTC-PULSE/alerts/raw_snapshots/alerts_20260418T130929Z.pb,TTC-PULSE/alerts/raw_snapshots/alerts_20260418T130929Z.pb,6311,a3a49249153d78572f23194322c56fcdd011f6d43a85cb30383646fd1fa1e283,
alerts_sidecar_20260418T130929Z,2026-04-18T13:09:30Z,2026-04-18T13:09:29Z,2026-04-18T13:00:00Z,2026-04-18T13:30:00Z,live,ok,live_endpoint,,TTC-PULSE/alerts/raw_snapshots/alerts_20260418T130929Z.pb,TTC-PULSE/alerts/raw_snapshots/alerts_20260418T130929Z.pb,7418,a75598c4b5dacfe8364b78406c0ce4f1d3df837fd612e7ac51745d6fa10aa88f,
alerts_sidecar_20260418T130959Z,2026-04-18T13:09:59Z,2026-04-18T13:09:59Z,2026-04-18T13:00:00Z,2026-04-18T13:30:00Z,live,ok,live_endpoint,,TTC-PULSE/alerts/raw_snapshots/alerts_20260418T130959Z.pb,TTC-PULSE/alerts/raw_snapshots/alerts_20260418T130959Z.pb,1447,cb2e818d11e30cf6610c86d4f090203389f107b359845defc8ec7fafc5c1557e,
alerts_sidecar_20260418T130959Z,2026-04-18T13:10:00Z,2026-04-18T13:09:59Z,2026-04-18T13:00:00Z,2026-04-18T13:30:00Z,live,ok,live_endpoint,,TTC-PULSE/alerts/raw_snapshots/alerts_20260418T130959Z.pb,TTC-PULSE/alerts/raw_snapshots/alerts_20260418T130959Z.pb,6311,6b50884fa8c4473d018ce4111e8fdf9f1b10415f0547242131e69fd766a6d3d6,
alerts_sidecar_20260418T130959Z,2026-04-18T13:10:00Z,2026-04-18T13:09:59Z,2026-04-18T13:00:00Z,2026-04-18T13:30:00Z,live,ok,live_endpoint,,TTC-PULSE/alerts/raw_snapshots/alerts_20260418T130959Z.pb,TTC-PULSE/alerts/raw_snapshots/alerts_20260418T130959Z.pb,7418,2e7bf7fe930c40ba64fea8a6e732486363660784ac7afec63f1db033295f724f,
alerts_sidecar_20260418T131029Z,2026-04-18T13:10:30Z,2026-04-18T13:10:29Z,2026-04-18T13:00:00Z,2026-04-18T13:30:00Z,live,ok,live_endpoint,,TTC-PULSE/alerts/raw_snapshots/alerts_20260418T131029Z.pb,TTC-PULSE/alerts/raw_snapshots/alerts_20260418T131029Z.pb,1447,434bb1e3feaa9d1cbfe03ae5befbf590d20ffd2169717e2d1ceb13d31c3eef2f,
alerts_sidecar_20260418T131029Z,2026-04-18T13:10:30Z,2026-04-18T13:10:29Z,2026-04-18T13:00:00Z,2026-04-18T13:30:00Z,live,ok,live_endpoint,,TTC-PULSE/alerts/raw_snapshots/alerts_20260418T131029Z.pb,TTC-PULSE/alerts/raw_snapshots/alerts_20260418T131029Z.pb,6311,803f9925e0a6be16c66000a296c854b6bb7b351cd51a69dc61995cb3e113a602,
alerts_sidecar_20260418T131029Z,2026-04-18T13:10:30Z,2026-04-18T13:10:29Z,2026-04-18T13:00:00Z,2026-04-18T13:30:00Z,live,ok,live_endpoint,,TTC-PULSE/alerts/raw_snapshots/alerts_20260418T131029Z.pb,TTC-PULSE/alerts/raw_snapshots/alerts_20260418T131029Z.pb,7418,1d0dd92e55b4c49a30c186560c8bb74a23e2f4f0d4d77d63bb765cbc97dbcba7,
alerts_sidecar_20260418T131059Z,2026-04-18T13:11:00Z,2026-04-18T13:10:59Z,2026-04-18T13:00:00Z,2026-04-18T13:30:00Z,live,ok,live_endpoint,,TTC-PULSE/alerts/raw_snapshots/alerts_20260418T131059Z.pb,TTC-PULSE/alerts/raw_snapshots/alerts_20260418T131059Z.pb,1447,5defdcc488ad04169eeb32bd000be62324e81ffb1876e2943c90f7f7b7c7bf09,
alerts_sidecar_20260418T131059Z,2026-04-18T13:11:00Z,2026-04-18T13:10:59Z,2026-04-18T13:00:00Z,2026-04-18T13:30:00Z,live,ok,live_endpoint,,TTC-PULSE/alerts/raw_snapshots/alerts_20260418T131059Z.pb,TTC-PULSE/alerts/raw_snapshots/alerts_20260418T131059Z.pb,6311,68b3a9a2be747ff8504fda8a921a8bab2bd9798616190f05b96dd3cb45653dff,
alerts_sidecar_20260418T131059Z,2026-04-18T13:11:00Z,2026-04-18T13:10:59Z,2026-04-18T13:00:00Z,2026-04-18T13:30:00Z,live,ok,live_endpoint,,TTC-PULSE/alerts/raw_snapshots/alerts_20260418T131059Z.pb,TTC-PULSE/alerts/raw_snapshots/alerts_20260418T131059Z.pb,7418,7d2f0a896b096139c52ead0c899e7f545a5fa5a11825f55649995686579c0fc3,
alerts_sidecar_20260418T131129Z,2026-04-18T13:11:29Z,2026-04-18T13:11:29Z,2026-04-18T13:00:00Z,2026-04-18T13:30:00Z,live,ok,live_endpoint,,TTC-PULSE/alerts/raw_snapshots/alerts_20260418T131129Z.pb,TTC-PULSE/alerts/raw_snapshots/alerts_20260418T131129Z.pb,1447,bf067c57afd0ddb5052b9713e5f1f23888ca2f517fa872c5c342bbc4b2e7bb0a,
alerts_sidecar_20260418T131129Z,2026-04-18T13:11:30Z,2026-04-18T13:11:29Z,2026-04-18T13:00:00Z,2026-04-18T13:30:00Z,live,ok,live_endpoint,,TTC-PULSE/alerts/raw_snapshots/alerts_20260418T131129Z.pb,TTC-PULSE/alerts/raw_snapshots/alerts_20260418T131129Z.pb,6311,e17931a9daf5178af652a55143639484f556905fe323b6f750c6a8e5ba25e1a7,
alerts_sidecar_20260418T131129Z,2026-04-18T13:11:30Z,2026-04-18T13:11:29Z,2026-04-18T13:00:00Z,2026-04-18T13:30:00Z,live,ok,live_endpoint,,TTC-PULSE/alerts/raw_snapshots/alerts_20260418T131129Z.pb,TTC-PULSE/alerts/raw_snapshots/alerts_20260418T131129Z.pb,7418,a0e60447a75f366a558d1d6184c9dfe46d7e7f8d0bc69aaa7ee64438c0ab26a6,
alerts_sidecar_20260418T131159Z,2026-04-18T13:11:59Z,2026-04-18T13:11:59Z,2026-04-18T13:00:00Z,2026-04-18T13:30:00Z,live,ok,live_endpoint,,TTC-PULSE/alerts/raw_snapshots/alerts_20260418T131159Z.pb,TTC-PULSE/alerts/raw_snapshots/alerts_20260418T131159Z.pb,1447,c1838b13b95732641617ad7ae7946e581de093409a87624d0ea647ee1df02dec,
alerts_sidecar_20260418T131159Z,2026-04-18T13:12:00Z,2026-04-18T13:11:59Z,2026-04-18T13:00:00Z,2026-04-18T13:30:00Z,live,ok,live_endpoint,,TTC-PULSE/alerts/raw_snapshots/alerts_20260418T131159Z.pb,TTC-PULSE/alerts/raw_snapshots/alerts_20260418T131159Z.pb,6311,2d401922bf55c0b207670fd80677eeb8bb98334e921da128a6eead5f088387ff,
alerts_sidecar_20260418T131159Z,2026-04-18T13:12:00Z,2026-04-18T13:11:59Z,2026-04-18T13:00:00Z,2026-04-18T13:30:00Z,live,ok,live_endpoint,,TTC-PULSE/alerts/raw_snapshots/alerts_20260418T131159Z.pb,TTC-PULSE/alerts/raw_snapshots/alerts_20260418T131159Z.pb,7418,ef1dd23d699117e543f89625a2b842c1f38efb2b116e545e63780b12345e6a17,
alerts_sidecar_20260418T131229Z,2026-04-18T13:12:30Z,2026-04-18T13:12:29Z,2026-04-18T13:00:00Z,2026-04-18T13:30:00Z,live,ok,live_endpoint,,TTC-PULSE/alerts/raw_snapshots/alerts_20260418T131229Z.pb,TTC-PULSE/alerts/raw_snapshots/alerts_20260418T131229Z.pb,1447,854ff4dda7318a4416ee2dc5cecb7e236cd5cb372917d105536f5450d008a6bb,
alerts_sidecar_20260418T131229Z,2026-04-18T13:12:30Z,2026-04-18T13:12:29Z,2026-04-18T13:00:00Z,2026-04-18T13:30:00Z,live,ok,live_endpoint,,TTC-PULSE/alerts/raw_snapshots/alerts_20260418T131229Z.pb,TTC-PULSE/alerts/raw_snapshots/alerts_20260418T131229Z.pb,6311,e4464b715bc6d80af1f58842cb510bf2d0544471a7f8e2e5b163577afa1effe3,
alerts_sidecar_20260418T131229Z,2026-04-18T13:12:30Z,2026-04-18T13:12:29Z,2026-04-18T13:00:00Z,2026-04-18T13:30:00Z,live,ok,live_endpoint,,TTC-PULSE/alerts/raw_snapshots/alerts_20260418T131229Z.pb,TTC-PULSE/alerts/raw_snapshots/alerts_20260418T131229Z.pb,7418,20c40bfff6d0daf51b7c78c0e8dc716aecc62e716a5966604a54914e1799b03d,
alerts_sidecar_20260418T131259Z,2026-04-18T13:12:59Z,2026-04-18T13:12:59Z,2026-04-18T13:00:00Z,2026-04-18T13:30:00Z,live,ok,live_endpoint,,TTC-PULSE/alerts/raw_snapshots/alerts_20260418T131259Z.pb,TTC-PULSE/alerts/raw_snapshots/alerts_20260418T131259Z.pb,1447,8fffb1c46e23291666434d2f1aa571819c35b11d16ff74b654c09cd3a4e56f49,
alerts_sidecar_20260418T131259Z,2026-04-18T13:13:00Z,2026-04-18T13:12:59Z,2026-04-18T13:00:00Z,2026-04-18T13:30:00Z,live,ok,live_endpoint,,TTC-PULSE/alerts/raw_snapshots/alerts_20260418T131259Z.pb,TTC-PULSE/alerts/raw_snapshots/alerts_20260418T131259Z.pb,6311,f68c2975b78bd942ff048aa91e581d1aabe65cfc65aea9d3154927560e46323f,
alerts_sidecar_20260418T131259Z,2026-04-18T13:13:00Z,2026-04-18T13:12:59Z,2026-04-18T13:00:00Z,2026-04-18T13:30:00Z,live,ok,live_endpoint,,TTC-PULSE/alerts/raw_snapshots/alerts_20260418T131259Z.pb,TTC-PULSE/alerts/raw_snapshots/alerts_20260418T131259Z.pb,7418,e42ea322903a5b13ada1f963aab5f5db99b52c5cb40bbeda9705e1f1f5afac29,
alerts_sidecar_20260418T131329Z,2026-04-18T13:13:30Z,2026-04-18T13:13:29Z,2026-04-18T13:00:00Z,2026-04-18T13:30:00Z,live,ok,live_endpoint,,TTC-PULSE/alerts/raw_snapshots/alerts_20260418T131329Z.pb,TTC-PULSE/alerts/raw_snapshots/alerts_20260418T131329Z.pb,1447,ac3f42a9b6f5b57231fb9600e4b7b5428d4c7bfcdca1bb44d40a6930e8078bf6,
alerts_sidecar_20260418T131329Z,2026-04-18T13:13:30Z,2026-04-18T13:13:29Z,2026-04-18T13:00:00Z,2026-04-18T13:30:00Z,live,ok,live_endpoint,,TTC-PULSE/alerts/raw_snapshots/alerts_20260418T131329Z.pb,TTC-PULSE/alerts/raw_snapshots/alerts_20260418T131329Z.pb,6311,91b6e465f9127f8c32161baf64b65d55c3b1b4c08e04f3c19da9e94ff6e87ba1,
alerts_sidecar_20260418T131329Z,2026-04-18T13:13:30Z,2026-04-18T13:13:29Z,2026-04-18T13:00:00Z,2026-04-18T13:30:00Z,live,ok,live_endpoint,,TTC-PULSE/alerts/raw_snapshots/alerts_20260418T131329Z.pb,TTC-PULSE/alerts/raw_snapshots/alerts_20260418T131329Z.pb,7418,69a4df466bc73af4fab88ad7c20b00b8c64f3ac97b80e529b4ef15df54573009,
alerts_sidecar_20260418T131359Z,2026-04-18T13:13:59Z,2026-04-18T13:13:59Z,2026-04-18T13:00:00Z,2026-04-18T13:30:00Z,live,ok,live_endpoint,,TTC-PULSE/alerts/raw_snapshots/alerts_20260418T131359Z.pb,TTC-PULSE/alerts/raw_snapshots/alerts_20260418T131359Z.pb,1447,1d0c68973d58eae4d14a342e07cc3cb956dc213c1900beca239011cf4b571899,
alerts_sidecar_20260418T131359Z,2026-04-18T13:14:00Z,2026-04-18T13:13:59Z,2026-04-18T13:00:00Z,2026-04-18T13:30:00Z,live,ok,live_endpoint,,TTC-PULSE/alerts/raw_snapshots/alerts_20260418T131359Z.pb,TTC-PULSE/alerts/raw_snapshots/alerts_20260418T131359Z.pb,6311,e3ea950d6a82cc3038eedd5d7a0256212e8f269ccfc749e63f424949e3405d57,
alerts_sidecar_20260418T131359Z,2026-04-18T13:14:00Z,2026-04-18T13:13:59Z,2026-04-18T13:00:00Z,2026-04-18T13:30:00Z,live,ok,live_endpoint,,TTC-PULSE/alerts/raw_snapshots/alerts_20260418T131359Z.pb,TTC-PULSE/alerts/raw_snapshots/alerts_20260418T131359Z.pb,7418,3b32b54c5278985b4ca0099cb6e69c151d3bba79a271ece780e4e295755411ad,
alerts_sidecar_20260418T131429Z,2026-04-18T13:14:29Z,2026-04-18T13:14:29Z,2026-04-18T13:00:00Z,2026-04-18T13:30:00Z,live,ok,live_endpoint,,TTC-PULSE/alerts/raw_snapshots/alerts_20260418T131429Z.pb,TTC-PULSE/alerts/raw_snapshots/alerts_20260418T131429Z.pb,1447,eeebf6839e5b746c8af2252f81f230b2efae0dea8f21e69d49c97f66a96fff95,
alerts_sidecar_20260418T131429Z,2026-04-18T13:14:30Z,2026-04-18T13:14:29Z,2026-04-18T13:00:00Z,2026-04-18T13:30:00Z,live,ok,live_endpoint,,TTC-PULSE/alerts/raw_snapshots/alerts_20260418T131429Z.pb,TTC-PULSE/alerts/raw_snapshots/alerts_20260418T131429Z.pb,6311,0b4e1025db0020668449c8793ead808851e4bb6cb7df1a70cba877af1844e4af,
alerts_sidecar_20260418T131429Z,2026-04-18T13:14:30Z,2026-04-18T13:14:29Z,2026-04-18T13:00:00Z,2026-04-18T13:30:00Z,live,ok,live_endpoint,,TTC-PULSE/alerts/raw_snapshots/alerts_20260418T131429Z.pb,TTC-PULSE/alerts/raw_snapshots/alerts_20260418T131429Z.pb,7418,9bfb89d93217ba60f1715a11812a571590b57931633084ad4243fb3a2485ea30,
alerts_sidecar_20260418T131459Z,2026-04-18T13:14:59Z,2026-04-18T13:14:59Z,2026-04-18T13:00:00Z,2026-04-18T13:30:00Z,live,ok,live_endpoint,,TTC-PULSE/alerts/raw_snapshots/alerts_20260418T131459Z.pb,TTC-PULSE/alerts/raw_snapshots/alerts_20260418T131459Z.pb,1447,35d52afd5e820478631caea2bb067789674a9d4796998c7fe237cd96f354f953,
alerts_sidecar_20260418T131459Z,2026-04-18T13:15:00Z,2026-04-18T13:14:59Z,2026-04-18T13:00:00Z,2026-04-18T13:30:00Z,live,ok,live_endpoint,,TTC-PULSE/alerts/raw_snapshots/alerts_20260418T131459Z.pb,TTC-PULSE/alerts/raw_snapshots/alerts_20260418T131459Z.pb,6311,bafc79afc741a9f3d9c1aadc9b86f8b0807b43da37bdb75c2236240ada72c366,
alerts_sidecar_20260418T131459Z,2026-04-18T13:15:00Z,2026-04-18T13:14:59Z,2026-04-18T13:00:00Z,2026-04-18T13:30:00Z,live,ok,live_endpoint,,TTC-PULSE/alerts/raw_snapshots/alerts_20260418T131459Z.pb,TTC-PULSE/alerts/raw_snapshots/alerts_20260418T131459Z.pb,7418,40c136e4c5926e322e5ecc5c3f41cb4ae458027dcb88c1fae55b0bf8d4e5a447,
alerts_sidecar_20260418T131529Z,2026-04-18T13:15:29Z,2026-04-18T13:15:29Z,2026-04-18T13:00:00Z,2026-04-18T13:30:00Z,live,ok,live_endpoint,,TTC-PULSE/alerts/raw_snapshots/alerts_20260418T131529Z.pb,TTC-PULSE/alerts/raw_snapshots/alerts_20260418T131529Z.pb,1447,ddd1095ccceee9ae42a4cb86212e7c7a43fbcd23862b28b7bab73c7e9aabaedc,
alerts_sidecar_20260418T131529Z,2026-04-18T13:15:30Z,2026-04-18T13:15:29Z,2026-04-18T13:00:00Z,2026-04-18T13:30:00Z,live,ok,live_endpoint,,TTC-PULSE/alerts/raw_snapshots/alerts_20260418T131529Z.pb,TTC-PULSE/alerts/raw_snapshots/alerts_20260418T131529Z.pb,6311,222df36540d6c696cb35e728e0ab0fc0795f3fd8a50959b71520ef0e2fce4e07,
alerts_sidecar_20260418T131529Z,2026-04-18T13:15:30Z,2026-04-18T13:15:29Z,2026-04-18T13:00:00Z,2026-04-18T13:30:00Z,live,ok,live_endpoint,,TTC-PULSE/alerts/raw_snapshots/alerts_20260418T131529Z.pb,TTC-PULSE/alerts/raw_snapshots/alerts_20260418T131529Z.pb,7418,d6393d716ae1ec669995d9ec9297d1e2ceedf59e5c79709a36048728c0527a9a,
alerts_sidecar_20260418T131559Z,2026-04-18T13:15:59Z,2026-04-18T13:15:59Z,2026-04-18T13:00:00Z,2026-04-18T13:30:00Z,live,ok,live_endpoint,,TTC-PULSE/alerts/raw_snapshots/alerts_20260418T131559Z.pb,TTC-PULSE/alerts/raw_snapshots/alerts_20260418T131559Z.pb,1447,b060758823f6c12ec2db0a30228d7a92a4410f8d97edbd58ad78a0dad0563df6,
alerts_sidecar_20260418T131559Z,2026-04-18T13:16:00Z,2026-04-18T13:15:59Z,2026-04-18T13:00:00Z,2026-04-18T13:30:00Z,live,ok,live_endpoint,,TTC-PULSE/alerts/raw_snapshots/alerts_20260418T131559Z.pb,TTC-PULSE/alerts/raw_snapshots/alerts_20260418T131559Z.pb,6311,a5006e69f95b532b1eb5641eac2a8bb2d9ae949bfb080f1af1719c7a02d4ebb0,
alerts_sidecar_20260418T131559Z,2026-04-18T13:16:00Z,2026-04-18T13:15:59Z,2026-04-18T13:00:00Z,2026-04-18T13:30:00Z,live,ok,live_endpoint,,TTC-PULSE/alerts/raw_snapshots/alerts_20260418T131559Z.pb,TTC-PULSE/alerts/raw_snapshots/alerts_20260418T131559Z.pb,7418,c20ac4435404f71eca365434f3f3260dff23e43d1b4cd66f50b99b63668d69a5,
alerts_sidecar_20260418T131629Z,2026-04-18T13:16:29Z,2026-04-18T13:16:29Z,2026-04-18T13:00:00Z,2026-04-18T13:30:00Z,live,ok,live_endpoint,,TTC-PULSE/alerts/raw_snapshots/alerts_20260418T131629Z.pb,TTC-PULSE/alerts/raw_snapshots/alerts_20260418T131629Z.pb,1447,9fa5fe699958092d8bdb0f9ac101663dc8c9c5f0a8e9bd63654de1ae7b3f25e6,
alerts_sidecar_20260418T131629Z,2026-04-18T13:16:30Z,2026-04-18T13:16:29Z,2026-04-18T13:00:00Z,2026-04-18T13:30:00Z,live,ok,live_endpoint,,TTC-PULSE/alerts/raw_snapshots/alerts_20260418T131629Z.pb,TTC-PULSE/alerts/raw_snapshots/alerts_20260418T131629Z.pb,6311,a65b818cd15b585b843a54119f87147c2859a8a3a045e9f6eb7b1da38d525939,
alerts_sidecar_20260418T131629Z,2026-04-18T13:16:30Z,2026-04-18T13:16:29Z,2026-04-18T13:00:00Z,2026-04-18T13:30:00Z,live,ok,live_endpoint,,TTC-PULSE/alerts/raw_snapshots/alerts_20260418T131629Z.pb,TTC-PULSE/alerts/raw_snapshots/alerts_20260418T131629Z.pb,7418,de7d8d37847f8fd7054acc4f38d4a10b3b6bc7b2b4de1185e8c083613bbe9cda,
alerts_sidecar_20260418T131659Z,2026-04-18T13:16:59Z,2026-04-18T13:16:59Z,2026-04-18T13:00:00Z,2026-04-18T13:30:00Z,live,ok,live_endpoint,,TTC-PULSE/alerts/raw_snapshots/alerts_20260418T131659Z.pb,TTC-PULSE/alerts/raw_snapshots/alerts_20260418T131659Z.pb,1447,d049babdc964b63af1a3de66f4f0550d3c64b630f7e9cc58f4244f9fbd1ebd20,
alerts_sidecar_20260418T131659Z,2026-04-18T13:17:00Z,2026-04-18T13:16:59Z,2026-04-18T13:00:00Z,2026-04-18T13:30:00Z,live,ok,live_endpoint,,TTC-PULSE/alerts/raw_snapshots/alerts_20260418T131659Z.pb,TTC-PULSE/alerts/raw_snapshots/alerts_20260418T131659Z.pb,6311,f37a6afe16bee931a582e4632418933d1bb5d77e4e90cf4b7cec23942ea0b55e,
alerts_sidecar_20260418T131659Z,2026-04-18T13:17:00Z,2026-04-18T13:16:59Z,2026-04-18T13:00:00Z,2026-04-18T13:30:00Z,live,ok,live_endpoint,,TTC-PULSE/alerts/raw_snapshots/alerts_20260418T131659Z.pb,TTC-PULSE/alerts/raw_snapshots/alerts_20260418T131659Z.pb,7418,efc4c93596f948b94548f08ec053a5c6091f87597bc9d788b32d436805a9c51f,
alerts_sidecar_20260418T131729Z,2026-04-18T13:17:30Z,2026-04-18T13:17:29Z,2026-04-18T13:00:00Z,2026-04-18T13:30:00Z,live,ok,live_endpoint,,TTC-PULSE/alerts/raw_snapshots/alerts_20260418T131729Z.pb,TTC-PULSE/alerts/raw_snapshots/alerts_20260418T131729Z.pb,1447,01e7051d2a9b54baa2b51c5a8c63a41d003b1d0f3c251cc2f23152cc1ce713b6,
alerts_sidecar_20260418T131729Z,2026-04-18T13:17:30Z,2026-04-18T13:17:29Z,2026-04-18T13:00:00Z,2026-04-18T13:30:00Z,live,ok,live_endpoint,,TTC-PULSE/alerts/raw_snapshots/alerts_20260418T131729Z.pb,TTC-PULSE/alerts/raw_snapshots/alerts_20260418T131729Z.pb,6311,4868c53d8deb4813c6ad21ae6009744a2c9a5c86a83a9de95a0ff25ad90a4f79,
alerts_sidecar_20260418T131729Z,2026-04-18T13:17:30Z,2026-04-18T13:17:29Z,2026-04-18T13:00:00Z,2026-04-18T13:30:00Z,live,ok,live_endpoint,,TTC-PULSE/alerts/raw_snapshots/alerts_20260418T131729Z.pb,TTC-PULSE/alerts/raw_snapshots/alerts_20260418T131729Z.pb,7418,d409395e30d072729ec0776de4d5e573b8bcf0d5c4432a71184186e0bee6fda5,
alerts_sidecar_20260418T131759Z,2026-04-18T13:17:59Z,2026-04-18T13:17:59Z,2026-04-18T13:00:00Z,2026-04-18T13:30:00Z,live,ok,live_endpoint,,TTC-PULSE/alerts/raw_snapshots/alerts_20260418T131759Z.pb,TTC-PULSE/alerts/raw_snapshots/alerts_20260418T131759Z.pb,1447,f67b39992520612a032caf585de55b3650e720dc72ad1fc73c844f3619a9bf18,
alerts_sidecar_20260418T131759Z,2026-04-18T13:18:00Z,2026-04-18T13:17:59Z,2026-04-18T13:00:00Z,2026-04-18T13:30:00Z,live,ok,live_endpoint,,TTC-PULSE/alerts/raw_snapshots/alerts_20260418T131759Z.pb,TTC-PULSE/alerts/raw_snapshots/alerts_20260418T131759Z.pb,6311,7f60df97c984f5283bc509b4b7a1e4c073bad7ae119855891e34de9d19dd0ad7,
alerts_sidecar_20260418T131759Z,2026-04-18T13:18:00Z,2026-04-18T13:17:59Z,2026-04-18T13:00:00Z,2026-04-18T13:30:00Z,live,ok,live_endpoint,,TTC-PULSE/alerts/raw_snapshots/alerts_20260418T131759Z.pb,TTC-PULSE/alerts/raw_snapshots/alerts_20260418T131759Z.pb,7418,17d8868ac5cdfc3e51eb963f132e370673b85535ef52efd3e2c0effcc3455ea6,
alerts_sidecar_20260418T131829Z,2026-04-18T13:18:30Z,2026-04-18T13:18:29Z,2026-04-18T13:00:00Z,2026-04-18T13:30:00Z,live,ok,live_endpoint,,TTC-PULSE/alerts/raw_snapshots/alerts_20260418T131829Z.pb,TTC-PULSE/alerts/raw_snapshots/alerts_20260418T131829Z.pb,1447,81bfd3da2abd01bcb9177dca5bac255822b92ee0d5831b7e8f8c22e3e9fad44a,
alerts_sidecar_20260418T131829Z,2026-04-18T13:18:30Z,2026-04-18T13:18:29Z,2026-04-18T13:00:00Z,2026-04-18T13:30:00Z,live,ok,live_endpoint,,TTC-PULSE/alerts/raw_snapshots/alerts_20260418T131829Z.pb,TTC-PULSE/alerts/raw_snapshots/alerts_20260418T131829Z.pb,6311,4d4a736d654df935094c5a1fab705b37390712b85e7608b195f43b54ba01ddeb,
alerts_sidecar_20260418T131829Z,2026-04-18T13:18:30Z,2026-04-18T13:18:29Z,2026-04-18T13:00:00Z,2026-04-18T13:30:00Z,live,ok,live_endpoint,,TTC-PULSE/alerts/raw_snapshots/alerts_20260418T131829Z.pb,TTC-PULSE/alerts/raw_snapshots/alerts_20260418T131829Z.pb,7418,a21655615c4ef14a0135434d3c35a656d7b572c8ae9d67ab4313a5fa5957331b,
alerts_sidecar_20260418T131859Z,2026-04-18T13:19:00Z,2026-04-18T13:18:59Z,2026-04-18T13:00:00Z,2026-04-18T13:30:00Z,live,ok,live_endpoint,,TTC-PULSE/alerts/raw_snapshots/alerts_20260418T131859Z.pb,TTC-PULSE/alerts/raw_snapshots/alerts_20260418T131859Z.pb,1447,ca777b417015609f4d8f876ba43263294487836495d782dc2381c4aa2b5c1e3c,
alerts_sidecar_20260418T131859Z,2026-04-18T13:19:00Z,2026-04-18T13:18:59Z,2026-04-18T13:00:00Z,2026-04-18T13:30:00Z,live,ok,live_endpoint,,TTC-PULSE/alerts/raw_snapshots/alerts_20260418T131859Z.pb,TTC-PULSE/alerts/raw_snapshots/alerts_20260418T131859Z.pb,6311,5d3a1734bb0723b2b6fd0ea43728b220e41f4857deaa4da8e14944077ad3f424,
alerts_sidecar_20260418T131859Z,2026-04-18T13:19:00Z,2026-04-18T13:18:59Z,2026-04-18T13:00:00Z,2026-04-18T13:30:00Z,live,ok,live_endpoint,,TTC-PULSE/alerts/raw_snapshots/alerts_20260418T131859Z.pb,TTC-PULSE/alerts/raw_snapshots/alerts_20260418T131859Z.pb,7418,a80df52dd3fcfdce4a52774019af94873131c77eb32a956e5ff34630b52f16f3,
alerts_sidecar_20260418T131929Z,2026-04-18T13:19:29Z,2026-04-18T13:19:29Z,2026-04-18T13:00:00Z,2026-04-18T13:30:00Z,live,ok,live_endpoint,,TTC-PULSE/alerts/raw_snapshots/alerts_20260418T131929Z.pb,TTC-PULSE/alerts/raw_snapshots/alerts_20260418T131929Z.pb,1447,d0b7340898ae45bd258a29a5b14f87190b4002faffc0add8b5f01b9b8d6e77e4,
alerts_sidecar_20260418T131929Z,2026-04-18T13:19:30Z,2026-04-18T13:19:29Z,2026-04-18T13:00:00Z,2026-04-18T13:30:00Z,live,ok,live_endpoint,,TTC-PULSE/alerts/raw_snapshots/alerts_20260418T131929Z.pb,TTC-PULSE/alerts/raw_snapshots/alerts_20260418T131929Z.pb,6311,6ecfa9433bbacd1eda63d89fdfeb5f7da2b7173413644e56f49d7659d55d6fa8,
alerts_sidecar_20260418T131929Z,2026-04-18T13:19:30Z,2026-04-18T13:19:29Z,2026-04-18T13:00:00Z,2026-04-18T13:30:00Z,live,ok,live_endpoint,,TTC-PULSE/alerts/raw_snapshots/alerts_20260418T131929Z.pb,TTC-PULSE/alerts/raw_snapshots/alerts_20260418T131929Z.pb,7418,e1aca935d8ca6ecd450971f24b802506446481d39eff3da0b829e12ee67ed7ab,
alerts_sidecar_20260418T131959Z,2026-04-18T13:19:59Z,2026-04-18T13:19:59Z,2026-04-18T13:00:00Z,2026-04-18T13:30:00Z,live,ok,live_endpoint,,TTC-PULSE/alerts/raw_snapshots/alerts_20260418T131959Z.pb,TTC-PULSE/alerts/raw_snapshots/alerts_20260418T131959Z.pb,1447,4de74cd1c32107c00884a4f6242726d554ab291dbf2ec3b7db309f2dfabf6fa3,
alerts_sidecar_20260418T131959Z,2026-04-18T13:20:00Z,2026-04-18T13:19:59Z,2026-04-18T13:00:00Z,2026-04-18T13:30:00Z,live,ok,live_endpoint,,TTC-PULSE/alerts/raw_snapshots/alerts_20260418T131959Z.pb,TTC-PULSE/alerts/raw_snapshots/alerts_20260418T131959Z.pb,6311,182b6978388f8d11ebd61225e257fe787a4ae38097eec2aeddcdf062ef3d128a,
alerts_sidecar_20260418T131959Z,2026-04-18T13:20:00Z,2026-04-18T13:19:59Z,2026-04-18T13:00:00Z,2026-04-18T13:30:00Z,live,ok,live_endpoint,,TTC-PULSE/alerts/raw_snapshots/alerts_20260418T131959Z.pb,TTC-PULSE/alerts/raw_snapshots/alerts_20260418T131959Z.pb,7418,70e31cc7d9001abd3b24c2c2240e21024738e506e47f7d0b429bdb6631633664,
alerts_sidecar_20260418T132029Z,2026-04-18T13:20:29Z,2026-04-18T13:20:29Z,2026-04-18T13:00:00Z,2026-04-18T13:30:00Z,live,ok,live_endpoint,,TTC-PULSE/alerts/raw_snapshots/alerts_20260418T132029Z.pb,TTC-PULSE/alerts/raw_snapshots/alerts_20260418T132029Z.pb,1447,d466c341fd92ed2fa2251b732f19d6cef1a226244013d124a6aa3185d7c07394,
alerts_sidecar_20260418T132029Z,2026-04-18T13:20:30Z,2026-04-18T13:20:29Z,2026-04-18T13:00:00Z,2026-04-18T13:30:00Z,live,ok,live_endpoint,,TTC-PULSE/alerts/raw_snapshots/alerts_20260418T132029Z.pb,TTC-PULSE/alerts/raw_snapshots/alerts_20260418T132029Z.pb,6311,96f74ad624bf98fe1803d7d6428c2e210d1aa2a19193def7542903929276356e,
alerts_sidecar_20260418T132029Z,2026-04-18T13:20:30Z,2026-04-18T13:20:29Z,2026-04-18T13:00:00Z,2026-04-18T13:30:00Z,live,ok,live_endpoint,,TTC-PULSE/alerts/raw_snapshots/alerts_20260418T132029Z.pb,TTC-PULSE/alerts/raw_snapshots/alerts_20260418T132029Z.pb,7418,025d9826f32daa83e2d2c17e2d2dbb76f7a6a85fe20ff8792f6024bf79bd8851,
alerts_sidecar_20260418T132059Z,2026-04-18T13:20:59Z,2026-04-18T13:20:59Z,2026-04-18T13:00:00Z,2026-04-18T13:30:00Z,live,ok,live_endpoint,,TTC-PULSE/alerts/raw_snapshots/alerts_20260418T132059Z.pb,TTC-PULSE/alerts/raw_snapshots/alerts_20260418T132059Z.pb,1447,53253a2d9389d392e4c5e6fcb081f4d4ff719d46c21db378f682ee37bb51f0e8,
alerts_sidecar_20260418T132059Z,2026-04-18T13:21:00Z,2026-04-18T13:20:59Z,2026-04-18T13:00:00Z,2026-04-18T13:30:00Z,live,ok,live_endpoint,,TTC-PULSE/alerts/raw_snapshots/alerts_20260418T132059Z.pb,TTC-PULSE/alerts/raw_snapshots/alerts_20260418T132059Z.pb,6311,691c273ab0e06be6b093c38643226f5577d866d246a4f82ca4cb5ffce67c5b75,
alerts_sidecar_20260418T132059Z,2026-04-18T13:21:00Z,2026-04-18T13:20:59Z,2026-04-18T13:00:00Z,2026-04-18T13:30:00Z,live,ok,live_endpoint,,TTC-PULSE/alerts/raw_snapshots/alerts_20260418T132059Z.pb,TTC-PULSE/alerts/raw_snapshots/alerts_20260418T132059Z.pb,7418,2362d1d7f9ab66a11280d4d7b326f2cce5d2a71b4b2d55729ddc9f30a0908d38,
alerts_sidecar_20260418T132129Z,2026-04-18T13:21:30Z,2026-04-18T13:21:29Z,2026-04-18T13:00:00Z,2026-04-18T13:30:00Z,live,ok,live_endpoint,,TTC-PULSE/alerts/raw_snapshots/alerts_20260418T132129Z.pb,TTC-PULSE/alerts/raw_snapshots/alerts_20260418T132129Z.pb,1447,5625aa557e004a09a11b2fc85291daee027f54b11f495275649d90f31785b50b,
alerts_sidecar_20260418T132129Z,2026-04-18T13:21:30Z,2026-04-18T13:21:29Z,2026-04-18T13:00:00Z,2026-04-18T13:30:00Z,live,ok,live_endpoint,,TTC-PULSE/alerts/raw_snapshots/alerts_20260418T132129Z.pb,TTC-PULSE/alerts/raw_snapshots/alerts_20260418T132129Z.pb,6311,e7d1c8d903f5a9fc792ad7c2864d28d71b757e19f38c8418284145f40cbc133c,
alerts_sidecar_20260418T132129Z,2026-04-18T13:21:30Z,2026-04-18T13:21:29Z,2026-04-18T13:00:00Z,2026-04-18T13:30:00Z,live,ok,live_endpoint,,TTC-PULSE/alerts/raw_snapshots/alerts_20260418T132129Z.pb,TTC-PULSE/alerts/raw_snapshots/alerts_20260418T132129Z.pb,7418,03f37f80b8efc36747255fd2071f4151b05d65505480da4b06aa16f37c4c87eb,
alerts_sidecar_20260418T132159Z,2026-04-18T13:21:59Z,2026-04-18T13:21:59Z,2026-04-18T13:00:00Z,2026-04-18T13:30:00Z,live,ok,live_endpoint,,TTC-PULSE/alerts/raw_snapshots/alerts_20260418T132159Z.pb,TTC-PULSE/alerts/raw_snapshots/alerts_20260418T132159Z.pb,1447,4073eed1e8bbcf65c0b9f5764b347923febd4cb6721b50f2f2bbc3b3f910acff,
alerts_sidecar_20260418T132159Z,2026-04-18T13:22:00Z,2026-04-18T13:21:59Z,2026-04-18T13:00:00Z,2026-04-18T13:30:00Z,live,ok,live_endpoint,,TTC-PULSE/alerts/raw_snapshots/alerts_20260418T132159Z.pb,TTC-PULSE/alerts/raw_snapshots/alerts_20260418T132159Z.pb,6311,ab1e9f7e3f8cd3e43a59e2b71c29e3851582c3199ddae1e70bcb865b71a37c34,
alerts_sidecar_20260418T132159Z,2026-04-18T13:22:00Z,2026-04-18T13:21:59Z,2026-04-18T13:00:00Z,2026-04-18T13:30:00Z,live,ok,live_endpoint,,TTC-PULSE/alerts/raw_snapshots/alerts_20260418T132159Z.pb,TTC-PULSE/alerts/raw_snapshots/alerts_20260418T132159Z.pb,7418,c4af42a2d8d04371de99f1ff56c90fb8e77850ff5f642b085f10d64132e35a72,
alerts_sidecar_20260418T132229Z,2026-04-18T13:22:29Z,2026-04-18T13:22:29Z,2026-04-18T13:00:00Z,2026-04-18T13:30:00Z,live,ok,live_endpoint,,TTC-PULSE/alerts/raw_snapshots/alerts_20260418T132229Z.pb,TTC-PULSE/alerts/raw_snapshots/alerts_20260418T132229Z.pb,1447,763a5a4a4ba5e50177b6b5f723e0f22983aedec7875bc001720b5bdfae2dec83,
alerts_sidecar_20260418T132229Z,2026-04-18T13:22:30Z,2026-04-18T13:22:29Z,2026-04-18T13:00:00Z,2026-04-18T13:30:00Z,live,ok,live_endpoint,,TTC-PULSE/alerts/raw_snapshots/alerts_20260418T132229Z.pb,TTC-PULSE/alerts/raw_snapshots/alerts_20260418T132229Z.pb,6311,679590d6ac193dd6d24a3de38e6a297c74f1b9b273e603f5b10783b4db2c3c38,
alerts_sidecar_20260418T132229Z,2026-04-18T13:22:30Z,2026-04-18T13:22:29Z,2026-04-18T13:00:00Z,2026-04-18T13:30:00Z,live,ok,live_endpoint,,TTC-PULSE/alerts/raw_snapshots/alerts_20260418T132229Z.pb,TTC-PULSE/alerts/raw_snapshots/alerts_20260418T132229Z.pb,7418,66a459c97d4c9853c27503d0a91ddd770996a99276f3292e1dd662d25dab74d7,
alerts_sidecar_20260418T132259Z,2026-04-18T13:22:59Z,2026-04-18T13:22:59Z,2026-04-18T13:00:00Z,2026-04-18T13:30:00Z,live,ok,live_endpoint,,TTC-PULSE/alerts/raw_snapshots/alerts_20260418T132259Z.pb,TTC-PULSE/alerts/raw_snapshots/alerts_20260418T132259Z.pb,1447,ca8973de9957dde6a2245c9e524c240801ba86b37d8c6429ce3fa33d61f94c62,
alerts_sidecar_20260418T132259Z,2026-04-18T13:23:00Z,2026-04-18T13:22:59Z,2026-04-18T13:00:00Z,2026-04-18T13:30:00Z,live,ok,live_endpoint,,TTC-PULSE/alerts/raw_snapshots/alerts_20260418T132259Z.pb,TTC-PULSE/alerts/raw_snapshots/alerts_20260418T132259Z.pb,6311,685a73b6c37fd8218464835c2b2c4ce0a2e35ff1bb418e8bd241bab37a5587aa,
alerts_sidecar_20260418T132259Z,2026-04-18T13:23:00Z,2026-04-18T13:22:59Z,2026-04-18T13:00:00Z,2026-04-18T13:30:00Z,live,ok,live_endpoint,,TTC-PULSE/alerts/raw_snapshots/alerts_20260418T132259Z.pb,TTC-PULSE/alerts/raw_snapshots/alerts_20260418T132259Z.pb,7418,446a3c03549abcc8f587d8fd5fe923af5ec417806f00220f10288599934fdd8c,
alerts_sidecar_20260418T132329Z,2026-04-18T13:23:29Z,2026-04-18T13:23:29Z,2026-04-18T13:00:00Z,2026-04-18T13:30:00Z,live,ok,live_endpoint,,TTC-PULSE/alerts/raw_snapshots/alerts_20260418T132329Z.pb,TTC-PULSE/alerts/raw_snapshots/alerts_20260418T132329Z.pb,1447,113c486ad246ace7e7f3b0be6a2712e79daf5d8e0784a8beffb920759bbe45cd,
alerts_sidecar_20260418T132329Z,2026-04-18T13:23:30Z,2026-04-18T13:23:29Z,2026-04-18T13:00:00Z,2026-04-18T13:30:00Z,live,ok,live_endpoint,,TTC-PULSE/alerts/raw_snapshots/alerts_20260418T132329Z.pb,TTC-PULSE/alerts/raw_snapshots/alerts_20260418T132329Z.pb,6311,0caeeef521fa9d693ff82dda167d50a68e1d484bbc77f1875bc38321d15fcef3,
alerts_sidecar_20260418T132329Z,2026-04-18T13:23:30Z,2026-04-18T13:23:29Z,2026-04-18T13:00:00Z,2026-04-18T13:30:00Z,live,ok,live_endpoint,,TTC-PULSE/alerts/raw_snapshots/alerts_20260418T132329Z.pb,TTC-PULSE/alerts/raw_snapshots/alerts_20260418T132329Z.pb,7418,3663b1c917308de2a80d0e6b7eeb435139cdece470426a30e2bc5ffcf46bde2c,
alerts_sidecar_20260418T132359Z,2026-04-18T13:23:59Z,2026-04-18T13:23:59Z,2026-04-18T13:00:00Z,2026-04-18T13:30:00Z,live,ok,live_endpoint,,TTC-PULSE/alerts/raw_snapshots/alerts_20260418T132359Z.pb,TTC-PULSE/alerts/raw_snapshots/alerts_20260418T132359Z.pb,1447,4fa684a3167c87437b901ff20e531c2bac1e9018cc013efcb7de1e4531160035,
alerts_sidecar_20260418T132359Z,2026-04-18T13:24:00Z,2026-04-18T13:23:59Z,2026-04-18T13:00:00Z,2026-04-18T13:30:00Z,live,ok,live_endpoint,,TTC-PULSE/alerts/raw_snapshots/alerts_20260418T132359Z.pb,TTC-PULSE/alerts/raw_snapshots/alerts_20260418T132359Z.pb,6311,6953cc0981b511cc441426a4e6119eee65f5e5108e29d19b67c08a0ef071f50a,
alerts_sidecar_20260418T132359Z,2026-04-18T13:24:00Z,2026-04-18T13:23:59Z,2026-04-18T13:00:00Z,2026-04-18T13:30:00Z,live,ok,live_endpoint,,TTC-PULSE/alerts/raw_snapshots/alerts_20260418T132359Z.pb,TTC-PULSE/alerts/raw_snapshots/alerts_20260418T132359Z.pb,7418,dd8e59577f942d3a0e828f64a1e9d37cf041462f039f23b2d4727a50d6c8f7ee,
alerts_sidecar_20260418T132429Z,2026-04-18T13:24:29Z,2026-04-18T13:24:29Z,2026-04-18T13:00:00Z,2026-04-18T13:30:00Z,live,ok,live_endpoint,,TTC-PULSE/alerts/raw_snapshots/alerts_20260418T132429Z.pb,TTC-PULSE/alerts/raw_snapshots/alerts_20260418T132429Z.pb,1447,b5523daee8865f67392ac3e52c6896e68e1dcf34a3362ca3ad98e239f0ecf250,
alerts_sidecar_20260418T132429Z,2026-04-18T13:24:30Z,2026-04-18T13:24:29Z,2026-04-18T13:00:00Z,2026-04-18T13:30:00Z,live,ok,live_endpoint,,TTC-PULSE/alerts/raw_snapshots/alerts_20260418T132429Z.pb,TTC-PULSE/alerts/raw_snapshots/alerts_20260418T132429Z.pb,6311,90f328c7638201259b35aec866a5a0781f3a61386d3daa9c298e06399b3e6fa0,
alerts_sidecar_20260418T132429Z,2026-04-18T13:24:30Z,2026-04-18T13:24:29Z,2026-04-18T13:00:00Z,2026-04-18T13:30:00Z,live,ok,live_endpoint,,TTC-PULSE/alerts/raw_snapshots/alerts_20260418T132429Z.pb,TTC-PULSE/alerts/raw_snapshots/alerts_20260418T132429Z.pb,7418,ce623eee3200a260b4d6663060de4408103ffebe17d4360ea37274d829b7cde9,
alerts_sidecar_20260418T132459Z,2026-04-18T13:24:59Z,2026-04-18T13:24:59Z,2026-04-18T13:00:00Z,2026-04-18T13:30:00Z,live,ok,live_endpoint,,TTC-PULSE/alerts/raw_snapshots/alerts_20260418T132459Z.pb,TTC-PULSE/alerts/raw_snapshots/alerts_20260418T132459Z.pb,1447,e63f65a96f7557f60d466a2153377dc99011533b3af4c2b9e9588198c942fd85,
alerts_sidecar_20260418T132459Z,2026-04-18T13:25:00Z,2026-04-18T13:24:59Z,2026-04-18T13:00:00Z,2026-04-18T13:30:00Z,live,ok,live_endpoint,,TTC-PULSE/alerts/raw_snapshots/alerts_20260418T132459Z.pb,TTC-PULSE/alerts/raw_snapshots/alerts_20260418T132459Z.pb,6311,2fa6da2686292ef2ec9b85162ca547f02b746ab269c9b922116ead237c7cc3e6,
alerts_sidecar_20260418T132459Z,2026-04-18T13:25:00Z,2026-04-18T13:24:59Z,2026-04-18T13:00:00Z,2026-04-18T13:30:00Z,live,ok,live_endpoint,,TTC-PULSE/alerts/raw_snapshots/alerts_20260418T132459Z.pb,TTC-PULSE/alerts/raw_snapshots/alerts_20260418T132459Z.pb,7418,45ce900f686bb98c747783ab4b5d8c34e073b1bb97ea4200b3fc7252c4867b46,
alerts_sidecar_20260418T132529Z,2026-04-18T13:25:29Z,2026-04-18T13:25:29Z,2026-04-18T13:00:00Z,2026-04-18T13:30:00Z,live,ok,live_endpoint,,TTC-PULSE/alerts/raw_snapshots/alerts_20260418T132529Z.pb,TTC-PULSE/alerts/raw_snapshots/alerts_20260418T132529Z.pb,1447,74145e2a3f0777ef3f222fbdf90440230a6bd83572fc1fc2bdecf448f676a22f,
alerts_sidecar_20260418T132529Z,2026-04-18T13:25:30Z,2026-04-18T13:25:29Z,2026-04-18T13:00:00Z,2026-04-18T13:30:00Z,live,ok,live_endpoint,,TTC-PULSE/alerts/raw_snapshots/alerts_20260418T132529Z.pb,TTC-PULSE/alerts/raw_snapshots/alerts_20260418T132529Z.pb,6311,515d525e1afbbfe51ad4a2fa87f5c67ec50f04593a19047ee4073046ff0e7684,
alerts_sidecar_20260418T132529Z,2026-04-18T13:25:30Z,2026-04-18T13:25:29Z,2026-04-18T13:00:00Z,2026-04-18T13:30:00Z,live,ok,live_endpoint,,TTC-PULSE/alerts/raw_snapshots/alerts_20260418T132529Z.pb,TTC-PULSE/alerts/raw_snapshots/alerts_20260418T132529Z.pb,7418,910aaf3d40b3e0e64372b6829b69c9dc01982ac930b751b80c00d73612e3e6ed,
alerts_sidecar_20260418T132559Z,2026-04-18T13:26:00Z,2026-04-18T13:25:59Z,2026-04-18T13:00:00Z,2026-04-18T13:30:00Z,live,ok,live_endpoint,,TTC-PULSE/alerts/raw_snapshots/alerts_20260418T132559Z.pb,TTC-PULSE/alerts/raw_snapshots/alerts_20260418T132559Z.pb,1447,b6811e71df96b9999df6174ae2e6e09fd7057178c0e445bbeb6b9f26408c926d,
alerts_sidecar_20260418T132559Z,2026-04-18T13:26:00Z,2026-04-18T13:25:59Z,2026-04-18T13:00:00Z,2026-04-18T13:30:00Z,live,ok,live_endpoint,,TTC-PULSE/alerts/raw_snapshots/alerts_20260418T132559Z.pb,TTC-PULSE/alerts/raw_snapshots/alerts_20260418T132559Z.pb,6311,40fe6fb1b63efb7cc4dd0afc4a38f175ffe066d26a7d86bcab5c35c98d3dac7d,
alerts_sidecar_20260418T132559Z,2026-04-18T13:26:00Z,2026-04-18T13:25:59Z,2026-04-18T13:00:00Z,2026-04-18T13:30:00Z,live,ok,live_endpoint,,TTC-PULSE/alerts/raw_snapshots/alerts_20260418T132559Z.pb,TTC-PULSE/alerts/raw_snapshots/alerts_20260418T132559Z.pb,7418,ef27f5ad0e7778d6bca46c6008ef6e080ed7481f1dafbc8a0c82ae3cbed71424,
alerts_sidecar_20260418T132629Z,2026-04-18T13:26:29Z,2026-04-18T13:26:29Z,2026-04-18T13:00:00Z,2026-04-18T13:30:00Z,live,ok,live_endpoint,,TTC-PULSE/alerts/raw_snapshots/alerts_20260418T132629Z.pb,TTC-PULSE/alerts/raw_snapshots/alerts_20260418T132629Z.pb,1447,db087a8b76b30feb2a138fd7b51ec79e86ef80fc7102bc0db44faf0c61f43ef6,
alerts_sidecar_20260418T132629Z,2026-04-18T13:26:30Z,2026-04-18T13:26:29Z,2026-04-18T13:00:00Z,2026-04-18T13:30:00Z,live,ok,live_endpoint,,TTC-PULSE/alerts/raw_snapshots/alerts_20260418T132629Z.pb,TTC-PULSE/alerts/raw_snapshots/alerts_20260418T132629Z.pb,6311,1ce4d5c1bbfc75efffaf67cac8f489538c21a53d4bafb0e33ad90f24019f2c31,
alerts_sidecar_20260418T132629Z,2026-04-18T13:26:30Z,2026-04-18T13:26:29Z,2026-04-18T13:00:00Z,2026-04-18T13:30:00Z,live,ok,live_endpoint,,TTC-PULSE/alerts/raw_snapshots/alerts_20260418T132629Z.pb,TTC-PULSE/alerts/raw_snapshots/alerts_20260418T132629Z.pb,7418,938fac9f639f506a4774172c0a7c0bd418924f0dc7479066ffdfb2bf65b59f3d,
alerts_sidecar_20260418T132659Z,2026-04-18T13:27:00Z,2026-04-18T13:26:59Z,2026-04-18T13:00:00Z,2026-04-18T13:30:00Z,live,ok,live_endpoint,,TTC-PULSE/alerts/raw_snapshots/alerts_20260418T132659Z.pb,TTC-PULSE/alerts/raw_snapshots/alerts_20260418T132659Z.pb,1447,60e4d69a1b3a85e478ca657e935462cede4bc0e94dc88d824a489e6d722d276f,
alerts_sidecar_20260418T132659Z,2026-04-18T13:27:00Z,2026-04-18T13:26:59Z,2026-04-18T13:00:00Z,2026-04-18T13:30:00Z,live,ok,live_endpoint,,TTC-PULSE/alerts/raw_snapshots/alerts_20260418T132659Z.pb,TTC-PULSE/alerts/raw_snapshots/alerts_20260418T132659Z.pb,6311,01d20d87072fe69d17f0e973f7d0af3101babe78e4569b35f9c4b46283f5be89,
alerts_sidecar_20260418T132659Z,2026-04-18T13:27:00Z,2026-04-18T13:26:59Z,2026-04-18T13:00:00Z,2026-04-18T13:30:00Z,live,ok,live_endpoint,,TTC-PULSE/alerts/raw_snapshots/alerts_20260418T132659Z.pb,TTC-PULSE/alerts/raw_snapshots/alerts_20260418T132659Z.pb,7418,59e12924d053b5e7f98639af1947c0c79dcf1055013a1cdadd4a2f18b21c733e,
alerts_sidecar_20260418T132729Z,2026-04-18T13:27:29Z,2026-04-18T13:27:29Z,2026-04-18T13:00:00Z,2026-04-18T13:30:00Z,live,ok,live_endpoint,,TTC-PULSE/alerts/raw_snapshots/alerts_20260418T132729Z.pb,TTC-PULSE/alerts/raw_snapshots/alerts_20260418T132729Z.pb,1447,e4791ee919a33cb9b3f5e227508948536778eefc84696ec9461154c2d10ea203,
alerts_sidecar_20260418T132729Z,2026-04-18T13:27:30Z,2026-04-18T13:27:29Z,2026-04-18T13:00:00Z,2026-04-18T13:30:00Z,live,ok,live_endpoint,,TTC-PULSE/alerts/raw_snapshots/alerts_20260418T132729Z.pb,TTC-PULSE/alerts/raw_snapshots/alerts_20260418T132729Z.pb,6311,4136b271655aa4a4b76e93ee8ac832cfe87d8c23c2571522bf26aa6dd6164dd8,
alerts_sidecar_20260418T132729Z,2026-04-18T13:27:30Z,2026-04-18T13:27:29Z,2026-04-18T13:00:00Z,2026-04-18T13:30:00Z,live,ok,live_endpoint,,TTC-PULSE/alerts/raw_snapshots/alerts_20260418T132729Z.pb,TTC-PULSE/alerts/raw_snapshots/alerts_20260418T132729Z.pb,7418,c22355fa21d0d6f82810f9decf620dca808aa85a3b32bdf28a89298e7bfc486c,
alerts_sidecar_20260418T132759Z,2026-04-18T13:27:59Z,2026-04-18T13:27:59Z,2026-04-18T13:00:00Z,2026-04-18T13:30:00Z,live,ok,live_endpoint,,TTC-PULSE/alerts/raw_snapshots/alerts_20260418T132759Z.pb,TTC-PULSE/alerts/raw_snapshots/alerts_20260418T132759Z.pb,1447,25753c3113bd67ae994a1081855b794baab4c894497f32bdb06f16c059990a91,
alerts_sidecar_20260418T132759Z,2026-04-18T13:28:00Z,2026-04-18T13:27:59Z,2026-04-18T13:00:00Z,2026-04-18T13:30:00Z,live,ok,live_endpoint,,TTC-PULSE/alerts/raw_snapshots/alerts_20260418T132759Z.pb,TTC-PULSE/alerts/raw_snapshots/alerts_20260418T132759Z.pb,6311,cdd55c33dbfd93580ed1f6d0c1b06a9d1363c31b38bd89a7484687678c16450c,
alerts_sidecar_20260418T132759Z,2026-04-18T13:28:00Z,2026-04-18T13:27:59Z,2026-04-18T13:00:00Z,2026-04-18T13:30:00Z,live,ok,live_endpoint,,TTC-PULSE/alerts/raw_snapshots/alerts_20260418T132759Z.pb,TTC-PULSE/alerts/raw_snapshots/alerts_20260418T132759Z.pb,7418,e50e2ccdd61b2fdf2a3656cfe4704139180e59efabc95ebe474f0fa15e841f07,
alerts_sidecar_20260418T132829Z,2026-04-18T13:28:29Z,2026-04-18T13:28:29Z,2026-04-18T13:00:00Z,2026-04-18T13:30:00Z,live,ok,live_endpoint,,TTC-PULSE/alerts/raw_snapshots/alerts_20260418T132829Z.pb,TTC-PULSE/alerts/raw_snapshots/alerts_20260418T132829Z.pb,1447,3cb62a4f2a2ab69b7333f62bd9b0e6ff6ccfc9f94d124bd8f007244232e6bf38,
alerts_sidecar_20260418T132829Z,2026-04-18T13:28:30Z,2026-04-18T13:28:29Z,2026-04-18T13:00:00Z,2026-04-18T13:30:00Z,live,ok,live_endpoint,,TTC-PULSE/alerts/raw_snapshots/alerts_20260418T132829Z.pb,TTC-PULSE/alerts/raw_snapshots/alerts_20260418T132829Z.pb,6311,73ff12874fe64e399dd654248d1a8089572cfd2705a85e86a3bf1cd80d6039cc,
alerts_sidecar_20260418T132829Z,2026-04-18T13:28:30Z,2026-04-18T13:28:29Z,2026-04-18T13:00:00Z,2026-04-18T13:30:00Z,live,ok,live_endpoint,,TTC-PULSE/alerts/raw_snapshots/alerts_20260418T132829Z.pb,TTC-PULSE/alerts/raw_snapshots/alerts_20260418T132829Z.pb,7418,459983ea25e32c34f5f5395c4b090de14af0eab8b2fa29e07c0da0f16e9539f6,
alerts_sidecar_20260418T132859Z,2026-04-18T13:28:59Z,2026-04-18T13:28:59Z,2026-04-18T13:00:00Z,2026-04-18T13:30:00Z,live,ok,live_endpoint,,TTC-PULSE/alerts/raw_snapshots/alerts_20260418T132859Z.pb,TTC-PULSE/alerts/raw_snapshots/alerts_20260418T132859Z.pb,1447,914d37e25ffb281ffaa5b54990a72b8c907e3eb4f46671d1c97e6bf0aaa364b7,
alerts_sidecar_20260418T132859Z,2026-04-18T13:29:00Z,2026-04-18T13:28:59Z,2026-04-18T13:00:00Z,2026-04-18T13:30:00Z,live,ok,live_endpoint,,TTC-PULSE/alerts/raw_snapshots/alerts_20260418T132859Z.pb,TTC-PULSE/alerts/raw_snapshots/alerts_20260418T132859Z.pb,6311,a113989f5b1ae211a5756f00c223233e76fc9a324423bb6c7ece9fffcce71d4a,
alerts_sidecar_20260418T132859Z,2026-04-18T13:29:00Z,2026-04-18T13:28:59Z,2026-04-18T13:00:00Z,2026-04-18T13:30:00Z,live,ok,live_endpoint,,TTC-PULSE/alerts/raw_snapshots/alerts_20260418T132859Z.pb,TTC-PULSE/alerts/raw_snapshots/alerts_20260418T132859Z.pb,7418,08d98487cac1c3f4c6549ba465e6e8cb7c70ae4631db54ce8dc4c2d7b107d43a,
alerts_sidecar_20260418T132929Z,2026-04-18T13:29:29Z,2026-04-18T13:29:29Z,2026-04-18T13:00:00Z,2026-04-18T13:30:00Z,live,ok,live_endpoint,,TTC-PULSE/alerts/raw_snapshots/alerts_20260418T132929Z.pb,TTC-PULSE/alerts/raw_snapshots/alerts_20260418T132929Z.pb,1447,8857bf5e3b1362890f5039d5736f3a4b2a6d8600e7ab74b0d392ec75b0f05dd8,
alerts_sidecar_20260418T132929Z,2026-04-18T13:29:30Z,2026-04-18T13:29:29Z,2026-04-18T13:00:00Z,2026-04-18T13:30:00Z,live,ok,live_endpoint,,TTC-PULSE/alerts/raw_snapshots/alerts_20260418T132929Z.pb,TTC-PULSE/alerts/raw_snapshots/alerts_20260418T132929Z.pb,6311,01d753546796b62837a2b5f07dd20b68de3594d64d1008d54a94d8abcfb83032,
alerts_sidecar_20260418T132929Z,2026-04-18T13:29:30Z,2026-04-18T13:29:29Z,2026-04-18T13:00:00Z,2026-04-18T13:30:00Z,live,ok,live_endpoint,,TTC-PULSE/alerts/raw_snapshots/alerts_20260418T132929Z.pb,TTC-PULSE/alerts/raw_snapshots/alerts_20260418T132929Z.pb,7418,b1baacbac293bda2ef6237f57b0f19155e6d8353b9819002559588cfa8307d6d,
alerts_sidecar_20260418T132959Z,2026-04-18T13:29:59Z,2026-04-18T13:29:59Z,2026-04-18T13:00:00Z,2026-04-18T13:30:00Z,live,ok,live_endpoint,,TTC-PULSE/alerts/raw_snapshots/alerts_20260418T132959Z.pb,TTC-PULSE/alerts/raw_snapshots/alerts_20260418T132959Z.pb,1447,7b4b48d4339020190c9784c3de79c875d4ed2a3bab32b95bf83739d699382958,
alerts_sidecar_20260418T132959Z,2026-04-18T13:30:00Z,2026-04-18T13:29:59Z,2026-04-18T13:00:00Z,2026-04-18T13:30:00Z,live,ok,live_endpoint,,TTC-PULSE/alerts/raw_snapshots/alerts_20260418T132959Z.pb,TTC-PULSE/alerts/raw_snapshots/alerts_20260418T132959Z.pb,6311,4aa1cc0d0472faa9450ccd57d450dbd62ff38c57125dcdda2de32d2582dba8e7,
alerts_sidecar_20260418T132959Z,2026-04-18T13:30:00Z,2026-04-18T13:29:59Z,2026-04-18T13:00:00Z,2026-04-18T13:30:00Z,live,ok,live_endpoint,,TTC-PULSE/alerts/raw_snapshots/alerts_20260418T132959Z.pb,TTC-PULSE/alerts/raw_snapshots/alerts_20260418T132959Z.pb,7418,2635cd3114c9070ce19867ec0c54c0d1bffb2eb8abda886d191fcedaf4f4ce35,
alerts_sidecar_20260418T133029Z,2026-04-18T13:30:29Z,2026-04-18T13:30:29Z,2026-04-18T13:30:00Z,2026-04-18T14:00:00Z,live,ok,live_endpoint,,TTC-PULSE/alerts/raw_snapshots/alerts_20260418T133029Z.pb,TTC-PULSE/alerts/raw_snapshots/alerts_20260418T133029Z.pb,1447,b41e828f2cfd61436ca94d6bbfed23b0d690dd2f53738ed659c87f0183c7dded,
alerts_sidecar_20260418T133029Z,2026-04-18T13:30:30Z,2026-04-18T13:30:29Z,2026-04-18T13:30:00Z,2026-04-18T14:00:00Z,live,ok,live_endpoint,,TTC-PULSE/alerts/raw_snapshots/alerts_20260418T133029Z.pb,TTC-PULSE/alerts/raw_snapshots/alerts_20260418T133029Z.pb,6311,47cf1288d931d12e164f156a1e431e71f525a6b5dedc4fce55ed0d44ac7ee23b,
alerts_sidecar_20260418T133029Z,2026-04-18T13:30:30Z,2026-04-18T13:30:29Z,2026-04-18T13:30:00Z,2026-04-18T14:00:00Z,live,ok,live_endpoint,,TTC-PULSE/alerts/raw_snapshots/alerts_20260418T133029Z.pb,TTC-PULSE/alerts/raw_snapshots/alerts_20260418T133029Z.pb,7418,7507a02c7d0562ebcb6f660c40d1149b02eb08a9e7ea8df51bb1154404276a8e,
alerts_sidecar_20260418T133059Z,2026-04-18T13:30:59Z,2026-04-18T13:30:59Z,2026-04-18T13:30:00Z,2026-04-18T14:00:00Z,live,ok,live_endpoint,,TTC-PULSE/alerts/raw_snapshots/alerts_20260418T133059Z.pb,TTC-PULSE/alerts/raw_snapshots/alerts_20260418T133059Z.pb,1447,c5d1b3c0e007fbd32cc112ce3d93a7ce0a0284b0286cf2a3c420cfd921dfcbb0,
alerts_sidecar_20260418T133059Z,2026-04-18T13:31:00Z,2026-04-18T13:30:59Z,2026-04-18T13:30:00Z,2026-04-18T14:00:00Z,live,ok,live_endpoint,,TTC-PULSE/alerts/raw_snapshots/alerts_20260418T133059Z.pb,TTC-PULSE/alerts/raw_snapshots/alerts_20260418T133059Z.pb,6311,9248458b52a1f12f503fa17c5e541c80359bb3ec49b17770689f03b1b2b17031,
alerts_sidecar_20260418T133059Z,2026-04-18T13:31:00Z,2026-04-18T13:30:59Z,2026-04-18T13:30:00Z,2026-04-18T14:00:00Z,live,ok,live_endpoint,,TTC-PULSE/alerts/raw_snapshots/alerts_20260418T133059Z.pb,TTC-PULSE/alerts/raw_snapshots/alerts_20260418T133059Z.pb,7418,bfd5f575d64bbe21d348feb56d3cba0bef49659f79ef42e673e023434eb6d573,
alerts_sidecar_20260418T133129Z,2026-04-18T13:31:29Z,2026-04-18T13:31:29Z,2026-04-18T13:30:00Z,2026-04-18T14:00:00Z,live,ok,live_endpoint,,TTC-PULSE/alerts/raw_snapshots/alerts_20260418T133129Z.pb,TTC-PULSE/alerts/raw_snapshots/alerts_20260418T133129Z.pb,1447,7b56c32e90f6efa7b592a399d2e07f2a52dec46dbd849d13be61a9ca9b82e015,
alerts_sidecar_20260418T133129Z,2026-04-18T13:31:30Z,2026-04-18T13:31:29Z,2026-04-18T13:30:00Z,2026-04-18T14:00:00Z,live,ok,live_endpoint,,TTC-PULSE/alerts/raw_snapshots/alerts_20260418T133129Z.pb,TTC-PULSE/alerts/raw_snapshots/alerts_20260418T133129Z.pb,6311,9f1f8459b2b6bec2e9250e78f335769608a9b6a6b3849d9729a7b1eb98a8a2a4,
alerts_sidecar_20260418T133129Z,2026-04-18T13:31:30Z,2026-04-18T13:31:29Z,2026-04-18T13:30:00Z,2026-04-18T14:00:00Z,live,ok,live_endpoint,,TTC-PULSE/alerts/raw_snapshots/alerts_20260418T133129Z.pb,TTC-PULSE/alerts/raw_snapshots/alerts_20260418T133129Z.pb,7418,fc3a915cabc48d585ebfdd60e906f6fcb48d6ee7bfd459d3d79a30098f046426,
alerts_sidecar_20260418T133159Z,2026-04-18T13:31:59Z,2026-04-18T13:31:59Z,2026-04-18T13:30:00Z,2026-04-18T14:00:00Z,live,ok,live_endpoint,,TTC-PULSE/alerts/raw_snapshots/alerts_20260418T133159Z.pb,TTC-PULSE/alerts/raw_snapshots/alerts_20260418T133159Z.pb,1447,deea35a82220492b78b15c6aea999ec3193f26c02163c8762d1bb49dded29e99,
alerts_sidecar_20260418T133159Z,2026-04-18T13:32:00Z,2026-04-18T13:31:59Z,2026-04-18T13:30:00Z,2026-04-18T14:00:00Z,live,ok,live_endpoint,,TTC-PULSE/alerts/raw_snapshots/alerts_20260418T133159Z.pb,TTC-PULSE/alerts/raw_snapshots/alerts_20260418T133159Z.pb,6311,dca398ce3577e602531a2fa89a457eb2ad8dd5e05a14a8d7b6b30efca5e19a3f,
alerts_sidecar_20260418T133159Z,2026-04-18T13:32:00Z,2026-04-18T13:31:59Z,2026-04-18T13:30:00Z,2026-04-18T14:00:00Z,live,ok,live_endpoint,,TTC-PULSE/alerts/raw_snapshots/alerts_20260418T133159Z.pb,TTC-PULSE/alerts/raw_snapshots/alerts_20260418T133159Z.pb,7418,290d0ed48a7ed7497e1d1be163b58a49674c3fe57ef14c8f5c48fb4ab8bc5dd5,
alerts_sidecar_20260418T133229Z,2026-04-18T13:32:29Z,2026-04-18T13:32:29Z,2026-04-18T13:30:00Z,2026-04-18T14:00:00Z,live,ok,live_endpoint,,TTC-PULSE/alerts/raw_snapshots/alerts_20260418T133229Z.pb,TTC-PULSE/alerts/raw_snapshots/alerts_20260418T133229Z.pb,1447,582faed06b48999756baa2fb97f25062081c48152a819e21d2abcfdea8a3f6bf,
alerts_sidecar_20260418T133229Z,2026-04-18T13:32:30Z,2026-04-18T13:32:29Z,2026-04-18T13:30:00Z,2026-04-18T14:00:00Z,live,ok,live_endpoint,,TTC-PULSE/alerts/raw_snapshots/alerts_20260418T133229Z.pb,TTC-PULSE/alerts/raw_snapshots/alerts_20260418T133229Z.pb,6311,fbd4761a19b2af16add8f1d87d96f733410c6e795306fa9561e249c5fbe4296f,
alerts_sidecar_20260418T133229Z,2026-04-18T13:32:30Z,2026-04-18T13:32:29Z,2026-04-18T13:30:00Z,2026-04-18T14:00:00Z,live,ok,live_endpoint,,TTC-PULSE/alerts/raw_snapshots/alerts_20260418T133229Z.pb,TTC-PULSE/alerts/raw_snapshots/alerts_20260418T133229Z.pb,7418,2804b8c19c97f2d616df0ac4ba3a7ccd364f1849ee174bb3fcd18a251850a548,
alerts_sidecar_20260418T133259Z,2026-04-18T13:32:59Z,2026-04-18T13:32:59Z,2026-04-18T13:30:00Z,2026-04-18T14:00:00Z,live,ok,live_endpoint,,TTC-PULSE/alerts/raw_snapshots/alerts_20260418T133259Z.pb,TTC-PULSE/alerts/raw_snapshots/alerts_20260418T133259Z.pb,1447,214fcdb9f1e3fee6d3971a7c0a87f4fe3cf027d7e89720c56bf87976e7ea5983,
alerts_sidecar_20260418T133259Z,2026-04-18T13:33:00Z,2026-04-18T13:32:59Z,2026-04-18T13:30:00Z,2026-04-18T14:00:00Z,live,ok,live_endpoint,,TTC-PULSE/alerts/raw_snapshots/alerts_20260418T133259Z.pb,TTC-PULSE/alerts/raw_snapshots/alerts_20260418T133259Z.pb,6311,e8e7f0549b71bf3199d5c7300ead9831e247c5600d37985ccbece0243ff875d0,
alerts_sidecar_20260418T133259Z,2026-04-18T13:33:00Z,2026-04-18T13:32:59Z,2026-04-18T13:30:00Z,2026-04-18T14:00:00Z,live,ok,live_endpoint,,TTC-PULSE/alerts/raw_snapshots/alerts_20260418T133259Z.pb,TTC-PULSE/alerts/raw_snapshots/alerts_20260418T133259Z.pb,7418,2a6a343d056ba48f405f8b80fb9d25cf8d269c9232bf6cd929347410143f9648,
alerts_sidecar_20260418T133329Z,2026-04-18T13:33:30Z,2026-04-18T13:33:29Z,2026-04-18T13:30:00Z,2026-04-18T14:00:00Z,live,ok,live_endpoint,,TTC-PULSE/alerts/raw_snapshots/alerts_20260418T133329Z.pb,TTC-PULSE/alerts/raw_snapshots/alerts_20260418T133329Z.pb,1447,3c421a9941300d9d485995b137adac44670551ce5eab43c9f88b9d6a8f3f4174,
alerts_sidecar_20260418T133329Z,2026-04-18T13:33:30Z,2026-04-18T13:33:29Z,2026-04-18T13:30:00Z,2026-04-18T14:00:00Z,live,ok,live_endpoint,,TTC-PULSE/alerts/raw_snapshots/alerts_20260418T133329Z.pb,TTC-PULSE/alerts/raw_snapshots/alerts_20260418T133329Z.pb,6311,45209d4a1e22de1ccf84763de127ecb1d413c6d01a048cb1b5d392bfb7b1fd42,
alerts_sidecar_20260418T133329Z,2026-04-18T13:33:30Z,2026-04-18T13:33:29Z,2026-04-18T13:30:00Z,2026-04-18T14:00:00Z,live,ok,live_endpoint,,TTC-PULSE/alerts/raw_snapshots/alerts_20260418T133329Z.pb,TTC-PULSE/alerts/raw_snapshots/alerts_20260418T133329Z.pb,7418,c55cd0f2ef75012d9b0cc299520b2d7d469c90fe8d95cfe7d269ebacbf8be8c8,
alerts_sidecar_20260418T133359Z,2026-04-18T13:33:59Z,2026-04-18T13:33:59Z,2026-04-18T13:30:00Z,2026-04-18T14:00:00Z,live,ok,live_endpoint,,TTC-PULSE/alerts/raw_snapshots/alerts_20260418T133359Z.pb,TTC-PULSE/alerts/raw_snapshots/alerts_20260418T133359Z.pb,1447,a7e8431c6522a76584b68c2296ab51339a2cf8e736a22ff23c5c7d3e5774e400,
alerts_sidecar_20260418T133359Z,2026-04-18T13:34:00Z,2026-04-18T13:33:59Z,2026-04-18T13:30:00Z,2026-04-18T14:00:00Z,live,ok,live_endpoint,,TTC-PULSE/alerts/raw_snapshots/alerts_20260418T133359Z.pb,TTC-PULSE/alerts/raw_snapshots/alerts_20260418T133359Z.pb,6311,75f6dcdd81da8df9ad0bae0b3c0d00eaabe9f45061168cffb8848ec6c5cd942f,
alerts_sidecar_20260418T133359Z,2026-04-18T13:34:00Z,2026-04-18T13:33:59Z,2026-04-18T13:30:00Z,2026-04-18T14:00:00Z,live,ok,live_endpoint,,TTC-PULSE/alerts/raw_snapshots/alerts_20260418T133359Z.pb,TTC-PULSE/alerts/raw_snapshots/alerts_20260418T133359Z.pb,7418,3563308ed01c07d94e56322900f3123706f124a94a2ae54e68743bfdef02174b,
alerts_sidecar_20260418T133429Z,2026-04-18T13:34:29Z,2026-04-18T13:34:29Z,2026-04-18T13:30:00Z,2026-04-18T14:00:00Z,live,ok,live_endpoint,,TTC-PULSE/alerts/raw_snapshots/alerts_20260418T133429Z.pb,TTC-PULSE/alerts/raw_snapshots/alerts_20260418T133429Z.pb,1447,d8828f1a98aaa84fb8406d12abbd7ed074ffa22bfedd5392f827b1bba5747a83,
alerts_sidecar_20260418T133429Z,2026-04-18T13:34:30Z,2026-04-18T13:34:29Z,2026-04-18T13:30:00Z,2026-04-18T14:00:00Z,live,ok,live_endpoint,,TTC-PULSE/alerts/raw_snapshots/alerts_20260418T133429Z.pb,TTC-PULSE/alerts/raw_snapshots/alerts_20260418T133429Z.pb,6311,d326180e688fc8658099b4603fd728d0950b152e0128834ccf500e54fde0967a,
alerts_sidecar_20260418T133429Z,2026-04-18T13:34:30Z,2026-04-18T13:34:29Z,2026-04-18T13:30:00Z,2026-04-18T14:00:00Z,live,ok,live_endpoint,,TTC-PULSE/alerts/raw_snapshots/alerts_20260418T133429Z.pb,TTC-PULSE/alerts/raw_snapshots/alerts_20260418T133429Z.pb,7418,d016b7ce371f576820d59a9508577a328dec74a849270923ee52045cd1b27726,
alerts_sidecar_20260418T133459Z,2026-04-18T13:34:59Z,2026-04-18T13:34:59Z,2026-04-18T13:30:00Z,2026-04-18T14:00:00Z,live,ok,live_endpoint,,TTC-PULSE/alerts/raw_snapshots/alerts_20260418T133459Z.pb,TTC-PULSE/alerts/raw_snapshots/alerts_20260418T133459Z.pb,1447,aa6e9a9ac0df31bc21db57178c5854ba2b4ba946d44c1ee588d77b57caf94be7,
alerts_sidecar_20260418T133459Z,2026-04-18T13:35:00Z,2026-04-18T13:34:59Z,2026-04-18T13:30:00Z,2026-04-18T14:00:00Z,live,ok,live_endpoint,,TTC-PULSE/alerts/raw_snapshots/alerts_20260418T133459Z.pb,TTC-PULSE/alerts/raw_snapshots/alerts_20260418T133459Z.pb,6311,a3ba2b242e2367073771e29fee8a925daee3c5896e0a6091b5b7da27fc6ba16b,
alerts_sidecar_20260418T133459Z,2026-04-18T13:35:00Z,2026-04-18T13:34:59Z,2026-04-18T13:30:00Z,2026-04-18T14:00:00Z,live,ok,live_endpoint,,TTC-PULSE/alerts/raw_snapshots/alerts_20260418T133459Z.pb,TTC-PULSE/alerts/raw_snapshots/alerts_20260418T133459Z.pb,7418,470a9d27e08aaa9a33dc25f5436f8ce399c4d7a170e8780d57c365dd9140f962,
alerts_sidecar_20260418T133529Z,2026-04-18T13:35:29Z,2026-04-18T13:35:29Z,2026-04-18T13:30:00Z,2026-04-18T14:00:00Z,live,ok,live_endpoint,,TTC-PULSE/alerts/raw_snapshots/alerts_20260418T133529Z.pb,TTC-PULSE/alerts/raw_snapshots/alerts_20260418T133529Z.pb,1447,cdff67925c10d2abd6e939bb0b75b71ffbdb91929699d5553dcbe1833e319aa0,
alerts_sidecar_20260418T133529Z,2026-04-18T13:35:30Z,2026-04-18T13:35:29Z,2026-04-18T13:30:00Z,2026-04-18T14:00:00Z,live,ok,live_endpoint,,TTC-PULSE/alerts/raw_snapshots/alerts_20260418T133529Z.pb,TTC-PULSE/alerts/raw_snapshots/alerts_20260418T133529Z.pb,6311,dd26c84b24fa6f6e3fc2d281334bde985d3a36f633e167104b3bc3f06ca8edad,
alerts_sidecar_20260418T133529Z,2026-04-18T13:35:30Z,2026-04-18T13:35:29Z,2026-04-18T13:30:00Z,2026-04-18T14:00:00Z,live,ok,live_endpoint,,TTC-PULSE/alerts/raw_snapshots/alerts_20260418T133529Z.pb,TTC-PULSE/alerts/raw_snapshots/alerts_20260418T133529Z.pb,7418,f6b4f0b90c63e1ce870679f92e96f7b408b739afeb77ae10d5e2e00532ea135d,
alerts_sidecar_20260418T133559Z,2026-04-18T13:35:59Z,2026-04-18T13:35:59Z,2026-04-18T13:30:00Z,2026-04-18T14:00:00Z,live,ok,live_endpoint,,TTC-PULSE/alerts/raw_snapshots/alerts_20260418T133559Z.pb,TTC-PULSE/alerts/raw_snapshots/alerts_20260418T133559Z.pb,1447,b46e6e5cfdb67089d06b78796788eb96e1ad35126ee5343f2a17b4914d98cb80,
alerts_sidecar_20260418T133559Z,2026-04-18T13:36:00Z,2026-04-18T13:35:59Z,2026-04-18T13:30:00Z,2026-04-18T14:00:00Z,live,ok,live_endpoint,,TTC-PULSE/alerts/raw_snapshots/alerts_20260418T133559Z.pb,TTC-PULSE/alerts/raw_snapshots/alerts_20260418T133559Z.pb,6311,102163fc74b060deada108bf736abc77453897d3410c9f96a8301e72ff151f2a,
alerts_sidecar_20260418T133559Z,2026-04-18T13:36:00Z,2026-04-18T13:35:59Z,2026-04-18T13:30:00Z,2026-04-18T14:00:00Z,live,ok,live_endpoint,,TTC-PULSE/alerts/raw_snapshots/alerts_20260418T133559Z.pb,TTC-PULSE/alerts/raw_snapshots/alerts_20260418T133559Z.pb,7418,fa4fb7edbc4e18c50372229cb52eee78f4fbef78a5dd8baaa3b33a8ba4ae420f,
alerts_sidecar_20260418T133629Z,2026-04-18T13:36:29Z,2026-04-18T13:36:29Z,2026-04-18T13:30:00Z,2026-04-18T14:00:00Z,live,ok,live_endpoint,,TTC-PULSE/alerts/raw_snapshots/alerts_20260418T133629Z.pb,TTC-PULSE/alerts/raw_snapshots/alerts_20260418T133629Z.pb,1447,f8d04a883b560bd2f8a82e9081f23344175fc803fdb8774cb7961783234fdee4,
alerts_sidecar_20260418T133629Z,2026-04-18T13:36:30Z,2026-04-18T13:36:29Z,2026-04-18T13:30:00Z,2026-04-18T14:00:00Z,live,ok,live_endpoint,,TTC-PULSE/alerts/raw_snapshots/alerts_20260418T133629Z.pb,TTC-PULSE/alerts/raw_snapshots/alerts_20260418T133629Z.pb,6311,d402e299988b7e1b4686f2e4b85068d93d24032500ff857955fe2310cca9041c,
alerts_sidecar_20260418T133629Z,2026-04-18T13:36:30Z,2026-04-18T13:36:29Z,2026-04-18T13:30:00Z,2026-04-18T14:00:00Z,live,ok,live_endpoint,,TTC-PULSE/alerts/raw_snapshots/alerts_20260418T133629Z.pb,TTC-PULSE/alerts/raw_snapshots/alerts_20260418T133629Z.pb,7418,f55791bb76be59ee9eca4535cd159ff0ecf9fc92bf24b475f6da621ece781e87,
alerts_sidecar_20260418T133659Z,2026-04-18T13:36:59Z,2026-04-18T13:36:59Z,2026-04-18T13:30:00Z,2026-04-18T14:00:00Z,live,ok,live_endpoint,,TTC-PULSE/alerts/raw_snapshots/alerts_20260418T133659Z.pb,TTC-PULSE/alerts/raw_snapshots/alerts_20260418T133659Z.pb,1447,c183013333f0da8e2158bc0abdf483596364b418e87b49711077f8788e1b9594,
alerts_sidecar_20260418T133659Z,2026-04-18T13:37:00Z,2026-04-18T13:36:59Z,2026-04-18T13:30:00Z,2026-04-18T14:00:00Z,live,ok,live_endpoint,,TTC-PULSE/alerts/raw_snapshots/alerts_20260418T133659Z.pb,TTC-PULSE/alerts/raw_snapshots/alerts_20260418T133659Z.pb,6311,e0ba823b5c58b9cb4c1922c843a54efcc5cc2bc5d4ac1ad4fa3950cf9fa9e50d,
alerts_sidecar_20260418T133659Z,2026-04-18T13:37:00Z,2026-04-18T13:36:59Z,2026-04-18T13:30:00Z,2026-04-18T14:00:00Z,live,ok,live_endpoint,,TTC-PULSE/alerts/raw_snapshots/alerts_20260418T133659Z.pb,TTC-PULSE/alerts/raw_snapshots/alerts_20260418T133659Z.pb,7418,0eaa47ace41bb011edfa93299ef2f09ac27e79bfe71b33ade94b8fe2cea37bb3,
alerts_sidecar_20260418T133729Z,2026-04-18T13:37:29Z,2026-04-18T13:37:29Z,2026-04-18T13:30:00Z,2026-04-18T14:00:00Z,live,ok,live_endpoint,,TTC-PULSE/alerts/raw_snapshots/alerts_20260418T133729Z.pb,TTC-PULSE/alerts/raw_snapshots/alerts_20260418T133729Z.pb,1447,ac63c5450c0a3fafcc4554fd430e0b6c5c1920189d892771586d98fcea821be1,
alerts_sidecar_20260418T133729Z,2026-04-18T13:37:30Z,2026-04-18T13:37:29Z,2026-04-18T13:30:00Z,2026-04-18T14:00:00Z,live,ok,live_endpoint,,TTC-PULSE/alerts/raw_snapshots/alerts_20260418T133729Z.pb,TTC-PULSE/alerts/raw_snapshots/alerts_20260418T133729Z.pb,6311,62071d36fab60a6a032535944ab1490fe823d3bec1d66777afbee3ad07d94405,
alerts_sidecar_20260418T133729Z,2026-04-18T13:37:30Z,2026-04-18T13:37:29Z,2026-04-18T13:30:00Z,2026-04-18T14:00:00Z,live,ok,live_endpoint,,TTC-PULSE/alerts/raw_snapshots/alerts_20260418T133729Z.pb,TTC-PULSE/alerts/raw_snapshots/alerts_20260418T133729Z.pb,7418,23c257846ba25feb7c60695ac18446946bdaa5435df23bb906aa1a223afda47a,
alerts_sidecar_20260418T133759Z,2026-04-18T13:37:59Z,2026-04-18T13:37:59Z,2026-04-18T13:30:00Z,2026-04-18T14:00:00Z,live,ok,live_endpoint,,TTC-PULSE/alerts/raw_snapshots/alerts_20260418T133759Z.pb,TTC-PULSE/alerts/raw_snapshots/alerts_20260418T133759Z.pb,1447,6e4b557b55158d3f5445eff7f2d97bdd906629e4adba81be432bcebd9e7aded0,
alerts_sidecar_20260418T133759Z,2026-04-18T13:38:00Z,2026-04-18T13:37:59Z,2026-04-18T13:30:00Z,2026-04-18T14:00:00Z,live,ok,live_endpoint,,TTC-PULSE/alerts/raw_snapshots/alerts_20260418T133759Z.pb,TTC-PULSE/alerts/raw_snapshots/alerts_20260418T133759Z.pb,6311,cd22b24413d1b977fb59d89f6332c330839df6efff4b361a968729907c7ffc65,
alerts_sidecar_20260418T133759Z,2026-04-18T13:38:00Z,2026-04-18T13:37:59Z,2026-04-18T13:30:00Z,2026-04-18T14:00:00Z,live,ok,live_endpoint,,TTC-PULSE/alerts/raw_snapshots/alerts_20260418T133759Z.pb,TTC-PULSE/alerts/raw_snapshots/alerts_20260418T133759Z.pb,7418,f44e28f2566cfa3caca9393acc7bf7a831365c4d0c068190267f62fb84b83d34,
alerts_sidecar_20260418T133829Z,2026-04-18T13:38:29Z,2026-04-18T13:38:29Z,2026-04-18T13:30:00Z,2026-04-18T14:00:00Z,live,ok,live_endpoint,,TTC-PULSE/alerts/raw_snapshots/alerts_20260418T133829Z.pb,TTC-PULSE/alerts/raw_snapshots/alerts_20260418T133829Z.pb,1447,9a39ac21b0817b46991768d2921629a5f599db48c434193e8a721ab12478a4f7,
alerts_sidecar_20260418T133829Z,2026-04-18T13:38:30Z,2026-04-18T13:38:29Z,2026-04-18T13:30:00Z,2026-04-18T14:00:00Z,live,ok,live_endpoint,,TTC-PULSE/alerts/raw_snapshots/alerts_20260418T133829Z.pb,TTC-PULSE/alerts/raw_snapshots/alerts_20260418T133829Z.pb,6311,6ea6fe503cc782a06b505ee334a4bc6b88cca251dd5ecc7936b006bfcb3dcd1b,
alerts_sidecar_20260418T133829Z,2026-04-18T13:38:30Z,2026-04-18T13:38:29Z,2026-04-18T13:30:00Z,2026-04-18T14:00:00Z,live,ok,live_endpoint,,TTC-PULSE/alerts/raw_snapshots/alerts_20260418T133829Z.pb,TTC-PULSE/alerts/raw_snapshots/alerts_20260418T133829Z.pb,8034,230aea685c20794aae145f82963b5b7fabc35e890047b8ae972b9bd0d5d2be93,
alerts_sidecar_20260418T133859Z,2026-04-18T13:38:59Z,2026-04-18T13:38:59Z,2026-04-18T13:30:00Z,2026-04-18T14:00:00Z,live,ok,live_endpoint,,TTC-PULSE/alerts/raw_snapshots/alerts_20260418T133859Z.pb,TTC-PULSE/alerts/raw_snapshots/alerts_20260418T133859Z.pb,1447,112adfe47a758581c8bb8da109d813ebdd93b5dcb9f9ee7f3626392c2a85379a,
alerts_sidecar_20260418T133859Z,2026-04-18T13:39:00Z,2026-04-18T13:38:59Z,2026-04-18T13:30:00Z,2026-04-18T14:00:00Z,live,ok,live_endpoint,,TTC-PULSE/alerts/raw_snapshots/alerts_20260418T133859Z.pb,TTC-PULSE/alerts/raw_snapshots/alerts_20260418T133859Z.pb,6311,19beae9739598c0c91595fc1908b55b94788810da1886687fc1d9e651949977c,
alerts_sidecar_20260418T133859Z,2026-04-18T13:39:00Z,2026-04-18T13:38:59Z,2026-04-18T13:30:00Z,2026-04-18T14:00:00Z,live,ok,live_endpoint,,TTC-PULSE/alerts/raw_snapshots/alerts_20260418T133859Z.pb,TTC-PULSE/alerts/raw_snapshots/alerts_20260418T133859Z.pb,8034,97db9d9bb386223a3d311bf158d143e416cb10845129cf8ba90c7db94f2bb271,
alerts_sidecar_20260418T133929Z,2026-04-18T13:39:30Z,2026-04-18T13:39:29Z,2026-04-18T13:30:00Z,2026-04-18T14:00:00Z,live,ok,live_endpoint,,TTC-PULSE/alerts/raw_snapshots/alerts_20260418T133929Z.pb,TTC-PULSE/alerts/raw_snapshots/alerts_20260418T133929Z.pb,1447,330a99a3414367db1b685fcf04e32a3e3a9d1be2ae93aea5449133a74778dd39,
alerts_sidecar_20260418T133929Z,2026-04-18T13:39:30Z,2026-04-18T13:39:29Z,2026-04-18T13:30:00Z,2026-04-18T14:00:00Z,live,ok,live_endpoint,,TTC-PULSE/alerts/raw_snapshots/alerts_20260418T133929Z.pb,TTC-PULSE/alerts/raw_snapshots/alerts_20260418T133929Z.pb,6311,23178d6416bdf1c66fb334cf107dbfa61776467394ad89e64ba2399cd790a8b3,
alerts_sidecar_20260418T133929Z,2026-04-18T13:39:30Z,2026-04-18T13:39:29Z,2026-04-18T13:30:00Z,2026-04-18T14:00:00Z,live,ok,live_endpoint,,TTC-PULSE/alerts/raw_snapshots/alerts_20260418T133929Z.pb,TTC-PULSE/alerts/raw_snapshots/alerts_20260418T133929Z.pb,8034,10f2d304e385becce943e6708f953bdd5ffae2520492c12d3b3031e7388b4bb1,
alerts_sidecar_20260418T133959Z,2026-04-18T13:40:00Z,2026-04-18T13:39:59Z,2026-04-18T13:30:00Z,2026-04-18T14:00:00Z,live,ok,live_endpoint,,TTC-PULSE/alerts/raw_snapshots/alerts_20260418T133959Z.pb,TTC-PULSE/alerts/raw_snapshots/alerts_20260418T133959Z.pb,1447,c3fe08f9b903e2abbd859c57c136c2c6db7c6fb8f6d4f60a3b3993c95f2368a9,
alerts_sidecar_20260418T133959Z,2026-04-18T13:40:00Z,2026-04-18T13:39:59Z,2026-04-18T13:30:00Z,2026-04-18T14:00:00Z,live,ok,live_endpoint,,TTC-PULSE/alerts/raw_snapshots/alerts_20260418T133959Z.pb,TTC-PULSE/alerts/raw_snapshots/alerts_20260418T133959Z.pb,6311,5959fcf8a7330518ed62ca7e50020bf6fe22c8aaa2503f812b29ed56ce6e09d2,
alerts_sidecar_20260418T133959Z,2026-04-18T13:40:00Z,2026-04-18T13:39:59Z,2026-04-18T13:30:00Z,2026-04-18T14:00:00Z,live,ok,live_endpoint,,TTC-PULSE/alerts/raw_snapshots/alerts_20260418T133959Z.pb,TTC-PULSE/alerts/raw_snapshots/alerts_20260418T133959Z.pb,8034,6289db1190c800d2a98dc9537b48d9fa1beab8771cc95c5553e9d335165abfbd,
alerts_sidecar_20260418T134029Z,2026-04-18T13:40:30Z,2026-04-18T13:40:29Z,2026-04-18T13:30:00Z,2026-04-18T14:00:00Z,live,ok,live_endpoint,,TTC-PULSE/alerts/raw_snapshots/alerts_20260418T134029Z.pb,TTC-PULSE/alerts/raw_snapshots/alerts_20260418T134029Z.pb,1447,d5d8b7b51a242f616d4050c0036a2897d81b725290211b66a387f23df7bf1e86,
alerts_sidecar_20260418T134029Z,2026-04-18T13:40:30Z,2026-04-18T13:40:29Z,2026-04-18T13:30:00Z,2026-04-18T14:00:00Z,live,ok,live_endpoint,,TTC-PULSE/alerts/raw_snapshots/alerts_20260418T134029Z.pb,TTC-PULSE/alerts/raw_snapshots/alerts_20260418T134029Z.pb,6311,88a8c4b074b043925bea9f75e248ae689235477eb20611061c6feacc402035e9,
alerts_sidecar_20260418T134029Z,2026-04-18T13:40:30Z,2026-04-18T13:40:29Z,2026-04-18T13:30:00Z,2026-04-18T14:00:00Z,live,ok,live_endpoint,,TTC-PULSE/alerts/raw_snapshots/alerts_20260418T134029Z.pb,TTC-PULSE/alerts/raw_snapshots/alerts_20260418T134029Z.pb,8034,2725cea50f488d799831f5e94164f301664ec5b9af6e603dde514fddb26d9f5f,
alerts_sidecar_20260418T134059Z,2026-04-18T13:41:00Z,2026-04-18T13:40:59Z,2026-04-18T13:30:00Z,2026-04-18T14:00:00Z,live,ok,live_endpoint,,TTC-PULSE/alerts/raw_snapshots/alerts_20260418T134059Z.pb,TTC-PULSE/alerts/raw_snapshots/alerts_20260418T134059Z.pb,1447,8e87b62bf880b78cba277103fdd274cc1193adfadfe5ce342a34838840071ea4,
alerts_sidecar_20260418T134059Z,2026-04-18T13:41:00Z,2026-04-18T13:40:59Z,2026-04-18T13:30:00Z,2026-04-18T14:00:00Z,live,ok,live_endpoint,,TTC-PULSE/alerts/raw_snapshots/alerts_20260418T134059Z.pb,TTC-PULSE/alerts/raw_snapshots/alerts_20260418T134059Z.pb,6311,0729065ee19ca74f21219648535ec2b5982bf3145d32672d00984bd38a59d404,
alerts_sidecar_20260418T134059Z,2026-04-18T13:41:00Z,2026-04-18T13:40:59Z,2026-04-18T13:30:00Z,2026-04-18T14:00:00Z,live,ok,live_endpoint,,TTC-PULSE/alerts/raw_snapshots/alerts_20260418T134059Z.pb,TTC-PULSE/alerts/raw_snapshots/alerts_20260418T134059Z.pb,8034,8aa140705e7dc0af2e308e93fcac3c48ca67cca1a915f5fcc23283051220cc0b,
alerts_sidecar_20260418T134129Z,2026-04-18T13:41:30Z,2026-04-18T13:41:29Z,2026-04-18T13:30:00Z,2026-04-18T14:00:00Z,live,ok,live_endpoint,,TTC-PULSE/alerts/raw_snapshots/alerts_20260418T134129Z.pb,TTC-PULSE/alerts/raw_snapshots/alerts_20260418T134129Z.pb,1447,bab6f977eac55eed7348595c81a7103d0b73e5005694493eb1a9df1ca0fd8c11,
alerts_sidecar_20260418T134129Z,2026-04-18T13:41:30Z,2026-04-18T13:41:29Z,2026-04-18T13:30:00Z,2026-04-18T14:00:00Z,live,ok,live_endpoint,,TTC-PULSE/alerts/raw_snapshots/alerts_20260418T134129Z.pb,TTC-PULSE/alerts/raw_snapshots/alerts_20260418T134129Z.pb,6311,6cef4be0b82a0972ec01d71aaad768317209528242bebcdf30216eb6bf1eef8b,
alerts_sidecar_20260418T134129Z,2026-04-18T13:41:30Z,2026-04-18T13:41:29Z,2026-04-18T13:30:00Z,2026-04-18T14:00:00Z,live,ok,live_endpoint,,TTC-PULSE/alerts/raw_snapshots/alerts_20260418T134129Z.pb,TTC-PULSE/alerts/raw_snapshots/alerts_20260418T134129Z.pb,8034,6f72805205a9f6003a68bb70808d0b75b9fc43ca22afd438003b7b53356c040f,
alerts_sidecar_20260418T134159Z,2026-04-18T13:41:59Z,2026-04-18T13:41:59Z,2026-04-18T13:30:00Z,2026-04-18T14:00:00Z,live,ok,live_endpoint,,TTC-PULSE/alerts/raw_snapshots/alerts_20260418T134159Z.pb,TTC-PULSE/alerts/raw_snapshots/alerts_20260418T134159Z.pb,1447,ae99321b4f4001a955164e5f307e86516e9adc8b4c1c734dc408fb9c8d2f9a80,
alerts_sidecar_20260418T134159Z,2026-04-18T13:42:00Z,2026-04-18T13:41:59Z,2026-04-18T13:30:00Z,2026-04-18T14:00:00Z,live,ok,live_endpoint,,TTC-PULSE/alerts/raw_snapshots/alerts_20260418T134159Z.pb,TTC-PULSE/alerts/raw_snapshots/alerts_20260418T134159Z.pb,6311,ef9e207907aa5c4e974a013b22cea2110889137c0a9216b426f4e31f9966ce86,
alerts_sidecar_20260418T134159Z,2026-04-18T13:42:00Z,2026-04-18T13:41:59Z,2026-04-18T13:30:00Z,2026-04-18T14:00:00Z,live,ok,live_endpoint,,TTC-PULSE/alerts/raw_snapshots/alerts_20260418T134159Z.pb,TTC-PULSE/alerts/raw_snapshots/alerts_20260418T134159Z.pb,8034,56a170f6d6525c11e0738a116e6cc65f277355a07496d14bfd781909c66b6cc7,
alerts_sidecar_20260418T134229Z,2026-04-18T13:42:29Z,2026-04-18T13:42:29Z,2026-04-18T13:30:00Z,2026-04-18T14:00:00Z,live,ok,live_endpoint,,TTC-PULSE/alerts/raw_snapshots/alerts_20260418T134229Z.pb,TTC-PULSE/alerts/raw_snapshots/alerts_20260418T134229Z.pb,1447,0d83266a072863704e95cac28a063a2f0dc4b8a56268b7188a4c45462a6cdc48,
alerts_sidecar_20260418T134229Z,2026-04-18T13:42:30Z,2026-04-18T13:42:29Z,2026-04-18T13:30:00Z,2026-04-18T14:00:00Z,live,ok,live_endpoint,,TTC-PULSE/alerts/raw_snapshots/alerts_20260418T134229Z.pb,TTC-PULSE/alerts/raw_snapshots/alerts_20260418T134229Z.pb,6311,263b5bc66a925d012e77b925424037c6b555eb2e2bd7eecf3de2379c8e4628cc,
alerts_sidecar_20260418T134229Z,2026-04-18T13:42:30Z,2026-04-18T13:42:29Z,2026-04-18T13:30:00Z,2026-04-18T14:00:00Z,live,ok,live_endpoint,,TTC-PULSE/alerts/raw_snapshots/alerts_20260418T134229Z.pb,TTC-PULSE/alerts/raw_snapshots/alerts_20260418T134229Z.pb,8034,2ede7778ac1e94e244f0a786b2c0a37c2b5864535d72a877067b590f488067b1,
alerts_sidecar_20260418T134259Z,2026-04-18T13:42:59Z,2026-04-18T13:42:59Z,2026-04-18T13:30:00Z,2026-04-18T14:00:00Z,live,ok,live_endpoint,,TTC-PULSE/alerts/raw_snapshots/alerts_20260418T134259Z.pb,TTC-PULSE/alerts/raw_snapshots/alerts_20260418T134259Z.pb,1447,1dea5582fca9c6d57c92ce79e0509bb112762ac3a5038d48ac4fbddf84397cde,
alerts_sidecar_20260418T134259Z,2026-04-18T13:43:00Z,2026-04-18T13:42:59Z,2026-04-18T13:30:00Z,2026-04-18T14:00:00Z,live,ok,live_endpoint,,TTC-PULSE/alerts/raw_snapshots/alerts_20260418T134259Z.pb,TTC-PULSE/alerts/raw_snapshots/alerts_20260418T134259Z.pb,6311,0c608936e785c605f273a056e08c7440bc08e3b36409735b676053b9fc6b9a1b,
alerts_sidecar_20260418T134259Z,2026-04-18T13:43:00Z,2026-04-18T13:42:59Z,2026-04-18T13:30:00Z,2026-04-18T14:00:00Z,live,ok,live_endpoint,,TTC-PULSE/alerts/raw_snapshots/alerts_20260418T134259Z.pb,TTC-PULSE/alerts/raw_snapshots/alerts_20260418T134259Z.pb,8034,f170688b56b00ba2d3b6b52da657d156a9e2d86a38b8cf3895415e228696103a,
alerts_sidecar_20260418T134329Z,2026-04-18T13:43:30Z,2026-04-18T13:43:29Z,2026-04-18T13:30:00Z,2026-04-18T14:00:00Z,live,ok,live_endpoint,,TTC-PULSE/alerts/raw_snapshots/alerts_20260418T134329Z.pb,TTC-PULSE/alerts/raw_snapshots/alerts_20260418T134329Z.pb,1447,b13dfeeaf0204f017c13d000977a6e86ab0c83619d08f8cbdf5d731c2d0cb898,
alerts_sidecar_20260418T134329Z,2026-04-18T13:43:30Z,2026-04-18T13:43:29Z,2026-04-18T13:30:00Z,2026-04-18T14:00:00Z,live,ok,live_endpoint,,TTC-PULSE/alerts/raw_snapshots/alerts_20260418T134329Z.pb,TTC-PULSE/alerts/raw_snapshots/alerts_20260418T134329Z.pb,6311,569aea208e2ad12662b83df753d99142760b71fc1e4f7260b0d09335464be036,
alerts_sidecar_20260418T134329Z,2026-04-18T13:43:30Z,2026-04-18T13:43:29Z,2026-04-18T13:30:00Z,2026-04-18T14:00:00Z,live,ok,live_endpoint,,TTC-PULSE/alerts/raw_snapshots/alerts_20260418T134329Z.pb,TTC-PULSE/alerts/raw_snapshots/alerts_20260418T134329Z.pb,8034,63507e1431f21656bcf5fc725c5f8a713e72f5b7aa5efc2b2745e20f226fcc1c,
alerts_sidecar_20260418T134359Z,2026-04-18T13:43:59Z,2026-04-18T13:43:59Z,2026-04-18T13:30:00Z,2026-04-18T14:00:00Z,live,ok,live_endpoint,,TTC-PULSE/alerts/raw_snapshots/alerts_20260418T134359Z.pb,TTC-PULSE/alerts/raw_snapshots/alerts_20260418T134359Z.pb,1447,79f46416933c61ba6a883cdd685c3b2e696eee24de3836d27601a905b950d77d,
alerts_sidecar_20260418T134359Z,2026-04-18T13:44:00Z,2026-04-18T13:43:59Z,2026-04-18T13:30:00Z,2026-04-18T14:00:00Z,live,ok,live_endpoint,,TTC-PULSE/alerts/raw_snapshots/alerts_20260418T134359Z.pb,TTC-PULSE/alerts/raw_snapshots/alerts_20260418T134359Z.pb,6311,403e50a7a5c3949798adc3ac84b8da81330f8a4081af38f077ed2ce5889ccab8,
alerts_sidecar_20260418T134359Z,2026-04-18T13:44:00Z,2026-04-18T13:43:59Z,2026-04-18T13:30:00Z,2026-04-18T14:00:00Z,live,ok,live_endpoint,,TTC-PULSE/alerts/raw_snapshots/alerts_20260418T134359Z.pb,TTC-PULSE/alerts/raw_snapshots/alerts_20260418T134359Z.pb,8034,7a7f71b5abbee24c2d82c51b6ee8633d190abce296595d37ba087c6655c5329c,
alerts_sidecar_20260418T134429Z,2026-04-18T13:44:29Z,2026-04-18T13:44:29Z,2026-04-18T13:30:00Z,2026-04-18T14:00:00Z,live,ok,live_endpoint,,TTC-PULSE/alerts/raw_snapshots/alerts_20260418T134429Z.pb,TTC-PULSE/alerts/raw_snapshots/alerts_20260418T134429Z.pb,1447,6f3fcabe10d17c9c4234e29b1b7932405e9d3dcf300d1bd71917261f4128330c,
alerts_sidecar_20260418T134429Z,2026-04-18T13:44:30Z,2026-04-18T13:44:29Z,2026-04-18T13:30:00Z,2026-04-18T14:00:00Z,live,ok,live_endpoint,,TTC-PULSE/alerts/raw_snapshots/alerts_20260418T134429Z.pb,TTC-PULSE/alerts/raw_snapshots/alerts_20260418T134429Z.pb,6311,42c6a68afcd83b078db41951f7f3045ef6b2d7b2a5e193381590d4e58163db18,
alerts_sidecar_20260418T134429Z,2026-04-18T13:44:30Z,2026-04-18T13:44:29Z,2026-04-18T13:30:00Z,2026-04-18T14:00:00Z,live,ok,live_endpoint,,TTC-PULSE/alerts/raw_snapshots/alerts_20260418T134429Z.pb,TTC-PULSE/alerts/raw_snapshots/alerts_20260418T134429Z.pb,8034,b4e78c86d95af1c3a170be2fb520d6261e4c91464b70fdc2cbadab295dfdb72a,
alerts_sidecar_20260418T134459Z,2026-04-18T13:44:59Z,2026-04-18T13:44:59Z,2026-04-18T13:30:00Z,2026-04-18T14:00:00Z,live,ok,live_endpoint,,TTC-PULSE/alerts/raw_snapshots/alerts_20260418T134459Z.pb,TTC-PULSE/alerts/raw_snapshots/alerts_20260418T134459Z.pb,1447,cbf762f67a9df2a694d499f46f66347bfa5b6d9d4c0337c477aa7f8f84ea304d,
alerts_sidecar_20260418T134459Z,2026-04-18T13:45:00Z,2026-04-18T13:44:59Z,2026-04-18T13:30:00Z,2026-04-18T14:00:00Z,live,ok,live_endpoint,,TTC-PULSE/alerts/raw_snapshots/alerts_20260418T134459Z.pb,TTC-PULSE/alerts/raw_snapshots/alerts_20260418T134459Z.pb,6311,ac36a582be151df853115f3167a13107c36ee68632fc0c44b739fd906abad8c8,
alerts_sidecar_20260418T134459Z,2026-04-18T13:45:00Z,2026-04-18T13:44:59Z,2026-04-18T13:30:00Z,2026-04-18T14:00:00Z,live,ok,live_endpoint,,TTC-PULSE/alerts/raw_snapshots/alerts_20260418T134459Z.pb,TTC-PULSE/alerts/raw_snapshots/alerts_20260418T134459Z.pb,8034,ad654fb3fbb2d1ec7d98d3a5a5717f3912a2318120222a6ad622541f60493e12,
alerts_sidecar_20260418T134529Z,2026-04-18T13:45:29Z,2026-04-18T13:45:29Z,2026-04-18T13:30:00Z,2026-04-18T14:00:00Z,live,ok,live_endpoint,,TTC-PULSE/alerts/raw_snapshots/alerts_20260418T134529Z.pb,TTC-PULSE/alerts/raw_snapshots/alerts_20260418T134529Z.pb,1447,a2838a93a1dce5602cb9c1f77b3a45e16da59529e30ac66f7c8ad30ec1092f45,
alerts_sidecar_20260418T134529Z,2026-04-18T13:45:30Z,2026-04-18T13:45:29Z,2026-04-18T13:30:00Z,2026-04-18T14:00:00Z,live,ok,live_endpoint,,TTC-PULSE/alerts/raw_snapshots/alerts_20260418T134529Z.pb,TTC-PULSE/alerts/raw_snapshots/alerts_20260418T134529Z.pb,6311,5b67daa5fe209d69dedaeeba5b2357f386e329ce3e226cc974bc19b1f681d124,
alerts_sidecar_20260418T134529Z,2026-04-18T13:45:30Z,2026-04-18T13:45:29Z,2026-04-18T13:30:00Z,2026-04-18T14:00:00Z,live,ok,live_endpoint,,TTC-PULSE/alerts/raw_snapshots/alerts_20260418T134529Z.pb,TTC-PULSE/alerts/raw_snapshots/alerts_20260418T134529Z.pb,8034,734384fe86d1c6842b39f2c664e5e298f1d91f43a858c1c685a974ec50b18636,
alerts_sidecar_20260418T134559Z,2026-04-18T13:46:00Z,2026-04-18T13:45:59Z,2026-04-18T13:30:00Z,2026-04-18T14:00:00Z,live,ok,live_endpoint,,TTC-PULSE/alerts/raw_snapshots/alerts_20260418T134559Z.pb,TTC-PULSE/alerts/raw_snapshots/alerts_20260418T134559Z.pb,1447,b89fed7a3f0bb68a9af2f467fefe729eadfe07c2ba4651fa9e56c0255a40be8a,
alerts_sidecar_20260418T134559Z,2026-04-18T13:46:00Z,2026-04-18T13:45:59Z,2026-04-18T13:30:00Z,2026-04-18T14:00:00Z,live,ok,live_endpoint,,TTC-PULSE/alerts/raw_snapshots/alerts_20260418T134559Z.pb,TTC-PULSE/alerts/raw_snapshots/alerts_20260418T134559Z.pb,6311,df723e3ef9101e693e474f62a45cf5412ff9a7bb32317633edb827965b79f855,
alerts_sidecar_20260418T134559Z,2026-04-18T13:46:00Z,2026-04-18T13:45:59Z,2026-04-18T13:30:00Z,2026-04-18T14:00:00Z,live,ok,live_endpoint,,TTC-PULSE/alerts/raw_snapshots/alerts_20260418T134559Z.pb,TTC-PULSE/alerts/raw_snapshots/alerts_20260418T134559Z.pb,8034,27441534470e3ca606acc791dea1dbf5c8247d2d6a5ff4b11da939d938ff8f6e,
alerts_sidecar_20260418T134629Z,2026-04-18T13:46:29Z,2026-04-18T13:46:29Z,2026-04-18T13:30:00Z,2026-04-18T14:00:00Z,live,ok,live_endpoint,,TTC-PULSE/alerts/raw_snapshots/alerts_20260418T134629Z.pb,TTC-PULSE/alerts/raw_snapshots/alerts_20260418T134629Z.pb,1447,5a143dd3f5e24dd5ea9c8b4f6dc44b050598e71ea326c1931af73a270dd1bfdb,
alerts_sidecar_20260418T134629Z,2026-04-18T13:46:30Z,2026-04-18T13:46:29Z,2026-04-18T13:30:00Z,2026-04-18T14:00:00Z,live,ok,live_endpoint,,TTC-PULSE/alerts/raw_snapshots/alerts_20260418T134629Z.pb,TTC-PULSE/alerts/raw_snapshots/alerts_20260418T134629Z.pb,6311,3c3d7e2c258b59a3b786c0cbf6c3652acbc86371e3ba142d76fcf62c333e8b0e,
alerts_sidecar_20260418T134629Z,2026-04-18T13:46:30Z,2026-04-18T13:46:29Z,2026-04-18T13:30:00Z,2026-04-18T14:00:00Z,live,ok,live_endpoint,,TTC-PULSE/alerts/raw_snapshots/alerts_20260418T134629Z.pb,TTC-PULSE/alerts/raw_snapshots/alerts_20260418T134629Z.pb,8034,48eaefc4610bba0480f3913aca1dee2be81d30968283c317fe69e45873a11e13,
alerts_sidecar_20260418T134659Z,2026-04-18T13:46:59Z,2026-04-18T13:46:59Z,2026-04-18T13:30:00Z,2026-04-18T14:00:00Z,live,ok,live_endpoint,,TTC-PULSE/alerts/raw_snapshots/alerts_20260418T134659Z.pb,TTC-PULSE/alerts/raw_snapshots/alerts_20260418T134659Z.pb,1447,3f3bb95524c68f3b7e6805d5bd14166de0a7fa6b3b0f9dacdf9a5d1f5a7e79ed,
alerts_sidecar_20260418T134659Z,2026-04-18T13:47:00Z,2026-04-18T13:46:59Z,2026-04-18T13:30:00Z,2026-04-18T14:00:00Z,live,ok,live_endpoint,,TTC-PULSE/alerts/raw_snapshots/alerts_20260418T134659Z.pb,TTC-PULSE/alerts/raw_snapshots/alerts_20260418T134659Z.pb,6311,b5b8e67a29e47c2764a2b92cc376d872dc327873e84cfac655f6b0c34878f0be,
alerts_sidecar_20260418T134659Z,2026-04-18T13:47:00Z,2026-04-18T13:46:59Z,2026-04-18T13:30:00Z,2026-04-18T14:00:00Z,live,ok,live_endpoint,,TTC-PULSE/alerts/raw_snapshots/alerts_20260418T134659Z.pb,TTC-PULSE/alerts/raw_snapshots/alerts_20260418T134659Z.pb,8034,d7fa896691b606968f9ad8c4c4f6186d4a0392c02c4c5b703714dfbeec309767,
alerts_sidecar_20260418T134729Z,2026-04-18T13:47:29Z,2026-04-18T13:47:29Z,2026-04-18T13:30:00Z,2026-04-18T14:00:00Z,live,ok,live_endpoint,,TTC-PULSE/alerts/raw_snapshots/alerts_20260418T134729Z.pb,TTC-PULSE/alerts/raw_snapshots/alerts_20260418T134729Z.pb,1447,8882abeccc6052a1ed56bdf07fab962683f90eca0699462b602cd82010411d3c,
alerts_sidecar_20260418T134729Z,2026-04-18T13:47:30Z,2026-04-18T13:47:29Z,2026-04-18T13:30:00Z,2026-04-18T14:00:00Z,live,ok,live_endpoint,,TTC-PULSE/alerts/raw_snapshots/alerts_20260418T134729Z.pb,TTC-PULSE/alerts/raw_snapshots/alerts_20260418T134729Z.pb,6311,71564eae0efea3a643094529403d7f2842a9226de0de6f9d0fd20c9e70710935,
alerts_sidecar_20260418T134729Z,2026-04-18T13:47:30Z,2026-04-18T13:47:29Z,2026-04-18T13:30:00Z,2026-04-18T14:00:00Z,live,ok,live_endpoint,,TTC-PULSE/alerts/raw_snapshots/alerts_20260418T134729Z.pb,TTC-PULSE/alerts/raw_snapshots/alerts_20260418T134729Z.pb,8034,ce7b15ac374146108c03c79b2981b9d3bf8060175ad151dc53da18880919c524,
alerts_sidecar_20260418T134759Z,2026-04-18T13:47:59Z,2026-04-18T13:47:59Z,2026-04-18T13:30:00Z,2026-04-18T14:00:00Z,live,ok,live_endpoint,,TTC-PULSE/alerts/raw_snapshots/alerts_20260418T134759Z.pb,TTC-PULSE/alerts/raw_snapshots/alerts_20260418T134759Z.pb,1447,646e89bac791601cd9eeb409c3d9b8e301980a83fc782e02f82ded4b615e0c0d,
alerts_sidecar_20260418T134759Z,2026-04-18T13:48:00Z,2026-04-18T13:47:59Z,2026-04-18T13:30:00Z,2026-04-18T14:00:00Z,live,ok,live_endpoint,,TTC-PULSE/alerts/raw_snapshots/alerts_20260418T134759Z.pb,TTC-PULSE/alerts/raw_snapshots/alerts_20260418T134759Z.pb,6311,abd508b73c10ca73e17b068c4ad17992cdc8437e29c64d41b9855ec39081fbfa,
alerts_sidecar_20260418T134759Z,2026-04-18T13:48:00Z,2026-04-18T13:47:59Z,2026-04-18T13:30:00Z,2026-04-18T14:00:00Z,live,ok,live_endpoint,,TTC-PULSE/alerts/raw_snapshots/alerts_20260418T134759Z.pb,TTC-PULSE/alerts/raw_snapshots/alerts_20260418T134759Z.pb,8034,0a3bd1e11f47beafbc63d896cd24937c259021a826aa8f888f5d2b19ccf43be2,
alerts_sidecar_20260418T134829Z,2026-04-18T13:48:29Z,2026-04-18T13:48:29Z,2026-04-18T13:30:00Z,2026-04-18T14:00:00Z,live,ok,live_endpoint,,TTC-PULSE/alerts/raw_snapshots/alerts_20260418T134829Z.pb,TTC-PULSE/alerts/raw_snapshots/alerts_20260418T134829Z.pb,1447,81828432258b6035e054f1e5be1484fd1b07ca02300a8bc35fe614e9030643ae,
alerts_sidecar_20260418T134829Z,2026-04-18T13:48:30Z,2026-04-18T13:48:29Z,2026-04-18T13:30:00Z,2026-04-18T14:00:00Z,live,ok,live_endpoint,,TTC-PULSE/alerts/raw_snapshots/alerts_20260418T134829Z.pb,TTC-PULSE/alerts/raw_snapshots/alerts_20260418T134829Z.pb,6311,0ab3c8f083cb6b6d909c92e6f0629ec0160f9adeab6ed282fecef351490c0a33,
alerts_sidecar_20260418T134829Z,2026-04-18T13:48:30Z,2026-04-18T13:48:29Z,2026-04-18T13:30:00Z,2026-04-18T14:00:00Z,live,ok,live_endpoint,,TTC-PULSE/alerts/raw_snapshots/alerts_20260418T134829Z.pb,TTC-PULSE/alerts/raw_snapshots/alerts_20260418T134829Z.pb,8034,e98a4cd16ece2ef23c3ff9c03b9cbea034cc01adfe18fb594a4d5af750d40c01,
alerts_sidecar_20260418T134859Z,2026-04-18T13:49:00Z,2026-04-18T13:48:59Z,2026-04-18T13:30:00Z,2026-04-18T14:00:00Z,live,ok,live_endpoint,,TTC-PULSE/alerts/raw_snapshots/alerts_20260418T134859Z.pb,TTC-PULSE/alerts/raw_snapshots/alerts_20260418T134859Z.pb,1447,c32c44fbef7826c3fc35d8f4c60927ada6f8084b56726a757a276c3d55292652,
alerts_sidecar_20260418T134859Z,2026-04-18T13:49:00Z,2026-04-18T13:48:59Z,2026-04-18T13:30:00Z,2026-04-18T14:00:00Z,live,ok,live_endpoint,,TTC-PULSE/alerts/raw_snapshots/alerts_20260418T134859Z.pb,TTC-PULSE/alerts/raw_snapshots/alerts_20260418T134859Z.pb,6311,93709806a37a0d3af7163010e69d08417a014f172e6fcd21c1482e8359ec889d,
alerts_sidecar_20260418T134859Z,2026-04-18T13:49:00Z,2026-04-18T13:48:59Z,2026-04-18T13:30:00Z,2026-04-18T14:00:00Z,live,ok,live_endpoint,,TTC-PULSE/alerts/raw_snapshots/alerts_20260418T134859Z.pb,TTC-PULSE/alerts/raw_snapshots/alerts_20260418T134859Z.pb,8034,cf9af97469f3a15e7044696385d0bcb4c8b4a0bc530889c264f966f70e7ef75f,
alerts_sidecar_20260418T134929Z,2026-04-18T13:49:30Z,2026-04-18T13:49:29Z,2026-04-18T13:30:00Z,2026-04-18T14:00:00Z,live,ok,live_endpoint,,TTC-PULSE/alerts/raw_snapshots/alerts_20260418T134929Z.pb,TTC-PULSE/alerts/raw_snapshots/alerts_20260418T134929Z.pb,1447,029d22f4ea1f00d52f79ba327a9370247a8a8a8ec1cc57966c1c82143bbad312,
alerts_sidecar_20260418T134929Z,2026-04-18T13:49:30Z,2026-04-18T13:49:29Z,2026-04-18T13:30:00Z,2026-04-18T14:00:00Z,live,ok,live_endpoint,,TTC-PULSE/alerts/raw_snapshots/alerts_20260418T134929Z.pb,TTC-PULSE/alerts/raw_snapshots/alerts_20260418T134929Z.pb,6311,8f1a2a95313161370cb9c7a0b09046bca7725f630317c4359de338f8bbbaa8cd,
alerts_sidecar_20260418T134929Z,2026-04-18T13:49:30Z,2026-04-18T13:49:29Z,2026-04-18T13:30:00Z,2026-04-18T14:00:00Z,live,ok,live_endpoint,,TTC-PULSE/alerts/raw_snapshots/alerts_20260418T134929Z.pb,TTC-PULSE/alerts/raw_snapshots/alerts_20260418T134929Z.pb,8034,1021905809fdf98e64f7626756819e635f013b180af738c23503f4cc64cbb342,
alerts_sidecar_20260418T134959Z,2026-04-18T13:49:59Z,2026-04-18T13:49:59Z,2026-04-18T13:30:00Z,2026-04-18T14:00:00Z,live,ok,live_endpoint,,TTC-PULSE/alerts/raw_snapshots/alerts_20260418T134959Z.pb,TTC-PULSE/alerts/raw_snapshots/alerts_20260418T134959Z.pb,1447,73854d756a32e030073efca3dcfb960bf244b85cec72b2519a8cfbc9c11d2148,
alerts_sidecar_20260418T134959Z,2026-04-18T13:50:00Z,2026-04-18T13:49:59Z,2026-04-18T13:30:00Z,2026-04-18T14:00:00Z,live,ok,live_endpoint,,TTC-PULSE/alerts/raw_snapshots/alerts_20260418T134959Z.pb,TTC-PULSE/alerts/raw_snapshots/alerts_20260418T134959Z.pb,6311,14ca0fffd6b8a56098f9b96e0b53948331dad27c432e7ea5ba56a22beb27f35b,
alerts_sidecar_20260418T134959Z,2026-04-18T13:50:00Z,2026-04-18T13:49:59Z,2026-04-18T13:30:00Z,2026-04-18T14:00:00Z,live,ok,live_endpoint,,TTC-PULSE/alerts/raw_snapshots/alerts_20260418T134959Z.pb,TTC-PULSE/alerts/raw_snapshots/alerts_20260418T134959Z.pb,8034,c13d010b985fadfab3676d63ae4915a954f05c1a2e1003eb71dba604b81d2b6b,
alerts_sidecar_20260418T135029Z,2026-04-18T13:50:29Z,2026-04-18T13:50:29Z,2026-04-18T13:30:00Z,2026-04-18T14:00:00Z,live,ok,live_endpoint,,TTC-PULSE/alerts/raw_snapshots/alerts_20260418T135029Z.pb,TTC-PULSE/alerts/raw_snapshots/alerts_20260418T135029Z.pb,1447,0677906b7a70e8f710ea97fe76ceceecdde19255546f0e77e3386f6af39d6a0f,
alerts_sidecar_20260418T135029Z,2026-04-18T13:50:30Z,2026-04-18T13:50:29Z,2026-04-18T13:30:00Z,2026-04-18T14:00:00Z,live,ok,live_endpoint,,TTC-PULSE/alerts/raw_snapshots/alerts_20260418T135029Z.pb,TTC-PULSE/alerts/raw_snapshots/alerts_20260418T135029Z.pb,6311,63bcb79a2ed7451f5f465e965329218de0f6a1bdac08e786f8399ed0e6073e2c,
alerts_sidecar_20260418T135029Z,2026-04-18T13:50:30Z,2026-04-18T13:50:29Z,2026-04-18T13:30:00Z,2026-04-18T14:00:00Z,live,ok,live_endpoint,,TTC-PULSE/alerts/raw_snapshots/alerts_20260418T135029Z.pb,TTC-PULSE/alerts/raw_snapshots/alerts_20260418T135029Z.pb,8034,ebd371e6c8313f059931f0cf3b4558418f04b4ff0a759f8eaec0c633e874eb4a,
alerts_sidecar_20260418T135059Z,2026-04-18T13:51:00Z,2026-04-18T13:50:59Z,2026-04-18T13:30:00Z,2026-04-18T14:00:00Z,live,ok,live_endpoint,,TTC-PULSE/alerts/raw_snapshots/alerts_20260418T135059Z.pb,TTC-PULSE/alerts/raw_snapshots/alerts_20260418T135059Z.pb,1447,c30afd016267706875f4983e5e10cabeb812c560b414f5fba3328ea6855c9839,
alerts_sidecar_20260418T135059Z,2026-04-18T13:51:00Z,2026-04-18T13:50:59Z,2026-04-18T13:30:00Z,2026-04-18T14:00:00Z,live,ok,live_endpoint,,TTC-PULSE/alerts/raw_snapshots/alerts_20260418T135059Z.pb,TTC-PULSE/alerts/raw_snapshots/alerts_20260418T135059Z.pb,6311,61ab1e437b957d820944abf8eb86a9730d0ed001f223357e27318f36d9e3f5a7,
alerts_sidecar_20260418T135059Z,2026-04-18T13:51:01Z,2026-04-18T13:50:59Z,2026-04-18T13:30:00Z,2026-04-18T14:00:00Z,live,ok,live_endpoint,,TTC-PULSE/alerts/raw_snapshots/alerts_20260418T135059Z.pb,TTC-PULSE/alerts/raw_snapshots/alerts_20260418T135059Z.pb,8034,1b28931bb1d92cfeba6dc896a2ee78ce87cff0bc2705d043c3e0d856ab0eddd1,
alerts_sidecar_20260418T135129Z,2026-04-18T13:51:30Z,2026-04-18T13:51:29Z,2026-04-18T13:30:00Z,2026-04-18T14:00:00Z,live,ok,live_endpoint,,TTC-PULSE/alerts/raw_snapshots/alerts_20260418T135129Z.pb,TTC-PULSE/alerts/raw_snapshots/alerts_20260418T135129Z.pb,1447,b92a8ad3ba96bb0574da4deb972a0a243cd8e38b760ce5642d5200a66eedd6ef,
alerts_sidecar_20260418T135129Z,2026-04-18T13:51:30Z,2026-04-18T13:51:29Z,2026-04-18T13:30:00Z,2026-04-18T14:00:00Z,live,ok,live_endpoint,,TTC-PULSE/alerts/raw_snapshots/alerts_20260418T135129Z.pb,TTC-PULSE/alerts/raw_snapshots/alerts_20260418T135129Z.pb,6311,88f72e3e0c7a28adf0a7ca8d476d84d0578f27b7b88bf0e7714f793ac36ec547,
alerts_sidecar_20260418T135129Z,2026-04-18T13:51:30Z,2026-04-18T13:51:29Z,2026-04-18T13:30:00Z,2026-04-18T14:00:00Z,live,ok,live_endpoint,,TTC-PULSE/alerts/raw_snapshots/alerts_20260418T135129Z.pb,TTC-PULSE/alerts/raw_snapshots/alerts_20260418T135129Z.pb,8034,0ab805d6b740e6308a5cbf45d625cb188f6b2e76269891f6cee3f2ff97fd2d45,
alerts_sidecar_20260418T135159Z,2026-04-18T13:51:59Z,2026-04-18T13:51:59Z,2026-04-18T13:30:00Z,2026-04-18T14:00:00Z,live,ok,live_endpoint,,TTC-PULSE/alerts/raw_snapshots/alerts_20260418T135159Z.pb,TTC-PULSE/alerts/raw_snapshots/alerts_20260418T135159Z.pb,1447,ce80e5f16c40a2d8fd2c80d9983c103e3d76f748f38edb2d3b44d4853e7fb5aa,
alerts_sidecar_20260418T135159Z,2026-04-18T13:52:00Z,2026-04-18T13:51:59Z,2026-04-18T13:30:00Z,2026-04-18T14:00:00Z,live,ok,live_endpoint,,TTC-PULSE/alerts/raw_snapshots/alerts_20260418T135159Z.pb,TTC-PULSE/alerts/raw_snapshots/alerts_20260418T135159Z.pb,6311,0aef97725f1c11f2922e9cf49a04c69fdeb9dd59ab5129561f1f57588d8e2f1e,
alerts_sidecar_20260418T135159Z,2026-04-18T13:52:00Z,2026-04-18T13:51:59Z,2026-04-18T13:30:00Z,2026-04-18T14:00:00Z,live,ok,live_endpoint,,TTC-PULSE/alerts/raw_snapshots/alerts_20260418T135159Z.pb,TTC-PULSE/alerts/raw_snapshots/alerts_20260418T135159Z.pb,8034,df553b4be66084a66ec402770d50e10c12e50ab185328f47ec40d5e8d9c0f0e2,
alerts_sidecar_20260418T135229Z,2026-04-18T13:52:29Z,2026-04-18T13:52:29Z,2026-04-18T13:30:00Z,2026-04-18T14:00:00Z,live,ok,live_endpoint,,TTC-PULSE/alerts/raw_snapshots/alerts_20260418T135229Z.pb,TTC-PULSE/alerts/raw_snapshots/alerts_20260418T135229Z.pb,1447,bec1809b97187041642c2ec7360191fe614071d9b50e2e8d3dfddef39ab2b9d7,
alerts_sidecar_20260418T135229Z,2026-04-18T13:52:30Z,2026-04-18T13:52:29Z,2026-04-18T13:30:00Z,2026-04-18T14:00:00Z,live,ok,live_endpoint,,TTC-PULSE/alerts/raw_snapshots/alerts_20260418T135229Z.pb,TTC-PULSE/alerts/raw_snapshots/alerts_20260418T135229Z.pb,6311,530583d0f9b5549eca384a68e6969245caa0de373d7603dca92c429091e2081b,
alerts_sidecar_20260418T135229Z,2026-04-18T13:52:30Z,2026-04-18T13:52:29Z,2026-04-18T13:30:00Z,2026-04-18T14:00:00Z,live,ok,live_endpoint,,TTC-PULSE/alerts/raw_snapshots/alerts_20260418T135229Z.pb,TTC-PULSE/alerts/raw_snapshots/alerts_20260418T135229Z.pb,8034,408d085d012aedc9b96b5f09d3fd6e59f491cdd0417352277e593d0e7d280717,
alerts_sidecar_20260418T135259Z,2026-04-18T13:52:59Z,2026-04-18T13:52:59Z,2026-04-18T13:30:00Z,2026-04-18T14:00:00Z,live,ok,live_endpoint,,TTC-PULSE/alerts/raw_snapshots/alerts_20260418T135259Z.pb,TTC-PULSE/alerts/raw_snapshots/alerts_20260418T135259Z.pb,1447,638fc5bba6f317152b2a408401fc0c7424f1ff71af9420828f0b480871e5a8d8,
alerts_sidecar_20260418T135259Z,2026-04-18T13:53:00Z,2026-04-18T13:52:59Z,2026-04-18T13:30:00Z,2026-04-18T14:00:00Z,live,ok,live_endpoint,,TTC-PULSE/alerts/raw_snapshots/alerts_20260418T135259Z.pb,TTC-PULSE/alerts/raw_snapshots/alerts_20260418T135259Z.pb,6311,8849d88e81dc53167a1f753475d444dde2da02fd806fab022af5e94b721a437d,
alerts_sidecar_20260418T135259Z,2026-04-18T13:53:00Z,2026-04-18T13:52:59Z,2026-04-18T13:30:00Z,2026-04-18T14:00:00Z,live,ok,live_endpoint,,TTC-PULSE/alerts/raw_snapshots/alerts_20260418T135259Z.pb,TTC-PULSE/alerts/raw_snapshots/alerts_20260418T135259Z.pb,8034,3c09dff61b8ce48bc9106238967f1dcdb3ac477cca9959f0ae988fb840526d8a,
alerts_sidecar_20260418T135329Z,2026-04-18T13:53:30Z,2026-04-18T13:53:29Z,2026-04-18T13:30:00Z,2026-04-18T14:00:00Z,live,ok,live_endpoint,,TTC-PULSE/alerts/raw_snapshots/alerts_20260418T135329Z.pb,TTC-PULSE/alerts/raw_snapshots/alerts_20260418T135329Z.pb,1447,c867a2b1988c5411ef6c00ec075d418ba33e06604cf7d1bbd69950c44c9a9f0f,
alerts_sidecar_20260418T135329Z,2026-04-18T13:53:30Z,2026-04-18T13:53:29Z,2026-04-18T13:30:00Z,2026-04-18T14:00:00Z,live,ok,live_endpoint,,TTC-PULSE/alerts/raw_snapshots/alerts_20260418T135329Z.pb,TTC-PULSE/alerts/raw_snapshots/alerts_20260418T135329Z.pb,6311,9d252b3e095485719e21c7eebd782d91087fced6866741ebba3578e7730558be,
alerts_sidecar_20260418T135329Z,2026-04-18T13:53:30Z,2026-04-18T13:53:29Z,2026-04-18T13:30:00Z,2026-04-18T14:00:00Z,live,ok,live_endpoint,,TTC-PULSE/alerts/raw_snapshots/alerts_20260418T135329Z.pb,TTC-PULSE/alerts/raw_snapshots/alerts_20260418T135329Z.pb,8034,d2f1748b1749959651d2fb4388a8a1f8beead08c6fd9df19d08d3adce60b0415,
alerts_sidecar_20260418T135359Z,2026-04-18T13:54:00Z,2026-04-18T13:53:59Z,2026-04-18T13:30:00Z,2026-04-18T14:00:00Z,live,ok,live_endpoint,,TTC-PULSE/alerts/raw_snapshots/alerts_20260418T135359Z.pb,TTC-PULSE/alerts/raw_snapshots/alerts_20260418T135359Z.pb,1447,125e530151d4953370ee85bfb378da5960d7cc472f6fb984a120673cd15894cc,
alerts_sidecar_20260418T135359Z,2026-04-18T13:54:00Z,2026-04-18T13:53:59Z,2026-04-18T13:30:00Z,2026-04-18T14:00:00Z,live,ok,live_endpoint,,TTC-PULSE/alerts/raw_snapshots/alerts_20260418T135359Z.pb,TTC-PULSE/alerts/raw_snapshots/alerts_20260418T135359Z.pb,6311,3127cf47412a5ea4b9977fb8a7b79131932913e900359f00c559fb55f2a2f134,
alerts_sidecar_20260418T135359Z,2026-04-18T13:54:00Z,2026-04-18T13:53:59Z,2026-04-18T13:30:00Z,2026-04-18T14:00:00Z,live,ok,live_endpoint,,TTC-PULSE/alerts/raw_snapshots/alerts_20260418T135359Z.pb,TTC-PULSE/alerts/raw_snapshots/alerts_20260418T135359Z.pb,8034,2ae37e8f4a032280d6a58effeb9eaebf0bf0d2f990acc7401b6ccd2a22401ada,
alerts_sidecar_20260418T135429Z,2026-04-18T13:54:29Z,2026-04-18T13:54:29Z,2026-04-18T13:30:00Z,2026-04-18T14:00:00Z,live,ok,live_endpoint,,TTC-PULSE/alerts/raw_snapshots/alerts_20260418T135429Z.pb,TTC-PULSE/alerts/raw_snapshots/alerts_20260418T135429Z.pb,1447,b69148abae81544ea2c83aa2ca130aa42ad0bf5096e00a349e46d8eda893e873,
alerts_sidecar_20260418T135429Z,2026-04-18T13:54:30Z,2026-04-18T13:54:29Z,2026-04-18T13:30:00Z,2026-04-18T14:00:00Z,live,ok,live_endpoint,,TTC-PULSE/alerts/raw_snapshots/alerts_20260418T135429Z.pb,TTC-PULSE/alerts/raw_snapshots/alerts_20260418T135429Z.pb,6311,c9902a5ee10deeda3876a3b8546b5bd123430d0d9758faf606f7f08dec4c455f,
alerts_sidecar_20260418T135429Z,2026-04-18T13:54:30Z,2026-04-18T13:54:29Z,2026-04-18T13:30:00Z,2026-04-18T14:00:00Z,live,ok,live_endpoint,,TTC-PULSE/alerts/raw_snapshots/alerts_20260418T135429Z.pb,TTC-PULSE/alerts/raw_snapshots/alerts_20260418T135429Z.pb,8034,397b01a0f1c35cb2dda8d5f22ad813a6d72f9142e5c6b6256edd8b7e86975bc0,
alerts_sidecar_20260418T135459Z,2026-04-18T13:54:59Z,2026-04-18T13:54:59Z,2026-04-18T13:30:00Z,2026-04-18T14:00:00Z,live,ok,live_endpoint,,TTC-PULSE/alerts/raw_snapshots/alerts_20260418T135459Z.pb,TTC-PULSE/alerts/raw_snapshots/alerts_20260418T135459Z.pb,1447,1d6f9ce708408fb7e3c9eeb5aa904df460b7ca1727931b3fab28e387bdea56cb,
alerts_sidecar_20260418T135459Z,2026-04-18T13:55:00Z,2026-04-18T13:54:59Z,2026-04-18T13:30:00Z,2026-04-18T14:00:00Z,live,ok,live_endpoint,,TTC-PULSE/alerts/raw_snapshots/alerts_20260418T135459Z.pb,TTC-PULSE/alerts/raw_snapshots/alerts_20260418T135459Z.pb,6311,d814cbcd6c7afddb3effa104151dd7ed2ea491609c64befae341fcf7a42282f2,
alerts_sidecar_20260418T135459Z,2026-04-18T13:55:00Z,2026-04-18T13:54:59Z,2026-04-18T13:30:00Z,2026-04-18T14:00:00Z,live,ok,live_endpoint,,TTC-PULSE/alerts/raw_snapshots/alerts_20260418T135459Z.pb,TTC-PULSE/alerts/raw_snapshots/alerts_20260418T135459Z.pb,8034,2c7be1989ae5cfd961a844291fccc116d557500aeaf2a7c8124eac4f92f604d3,
alerts_sidecar_20260418T135529Z,2026-04-18T13:55:29Z,2026-04-18T13:55:29Z,2026-04-18T13:30:00Z,2026-04-18T14:00:00Z,live,ok,live_endpoint,,TTC-PULSE/alerts/raw_snapshots/alerts_20260418T135529Z.pb,TTC-PULSE/alerts/raw_snapshots/alerts_20260418T135529Z.pb,1447,9b0926fca9900006ad1b8f38c7855da90c3d93b3c769589efef69d48f2c2444a,
alerts_sidecar_20260418T135529Z,2026-04-18T13:55:30Z,2026-04-18T13:55:29Z,2026-04-18T13:30:00Z,2026-04-18T14:00:00Z,live,ok,live_endpoint,,TTC-PULSE/alerts/raw_snapshots/alerts_20260418T135529Z.pb,TTC-PULSE/alerts/raw_snapshots/alerts_20260418T135529Z.pb,6311,c9693bf126a0a457ad61aee405f33c8febd4315a1ab3eaafef2b4c7e73b8a4cf,
alerts_sidecar_20260418T135529Z,2026-04-18T13:55:30Z,2026-04-18T13:55:29Z,2026-04-18T13:30:00Z,2026-04-18T14:00:00Z,live,ok,live_endpoint,,TTC-PULSE/alerts/raw_snapshots/alerts_20260418T135529Z.pb,TTC-PULSE/alerts/raw_snapshots/alerts_20260418T135529Z.pb,8034,987f6210ff379a3cdd787bc0b68d1085d20675aec663893197e17f72d6ecc7a7,
alerts_sidecar_20260418T135559Z,2026-04-18T13:55:59Z,2026-04-18T13:55:59Z,2026-04-18T13:30:00Z,2026-04-18T14:00:00Z,live,ok,live_endpoint,,TTC-PULSE/alerts/raw_snapshots/alerts_20260418T135559Z.pb,TTC-PULSE/alerts/raw_snapshots/alerts_20260418T135559Z.pb,1447,e9740db10fd7438a027d41b16dc5e38b1743cdaae347e0f5aa37ffc2ca15aa6f,
alerts_sidecar_20260418T135559Z,2026-04-18T13:56:00Z,2026-04-18T13:55:59Z,2026-04-18T13:30:00Z,2026-04-18T14:00:00Z,live,ok,live_endpoint,,TTC-PULSE/alerts/raw_snapshots/alerts_20260418T135559Z.pb,TTC-PULSE/alerts/raw_snapshots/alerts_20260418T135559Z.pb,6311,edce722a923bfa4ad46b1d58260bab9df3ec19115e9c96f233de2a8549e3effb,
alerts_sidecar_20260418T135559Z,2026-04-18T13:56:00Z,2026-04-18T13:55:59Z,2026-04-18T13:30:00Z,2026-04-18T14:00:00Z,live,ok,live_endpoint,,TTC-PULSE/alerts/raw_snapshots/alerts_20260418T135559Z.pb,TTC-PULSE/alerts/raw_snapshots/alerts_20260418T135559Z.pb,8034,0d36d5805a37f643b26c5dcb206f920fe35ffc6ac7a6d7d67cd0ab95621e5d74,
alerts_sidecar_20260418T135629Z,2026-04-18T13:56:30Z,2026-04-18T13:56:29Z,2026-04-18T13:30:00Z,2026-04-18T14:00:00Z,live,ok,live_endpoint,,TTC-PULSE/alerts/raw_snapshots/alerts_20260418T135629Z.pb,TTC-PULSE/alerts/raw_snapshots/alerts_20260418T135629Z.pb,1447,7df2fc24c6a42c2714295f253d75dff10d82af8ef59fc514cae4003d0ec42b43,
alerts_sidecar_20260418T135629Z,2026-04-18T13:56:30Z,2026-04-18T13:56:29Z,2026-04-18T13:30:00Z,2026-04-18T14:00:00Z,live,ok,live_endpoint,,TTC-PULSE/alerts/raw_snapshots/alerts_20260418T135629Z.pb,TTC-PULSE/alerts/raw_snapshots/alerts_20260418T135629Z.pb,6311,51fbf91d8771d7a0a873f9c82ec34eaf7e4a6809f4d5afc53316ecfec4317ec0,
alerts_sidecar_20260418T135629Z,2026-04-18T13:56:30Z,2026-04-18T13:56:29Z,2026-04-18T13:30:00Z,2026-04-18T14:00:00Z,live,ok,live_endpoint,,TTC-PULSE/alerts/raw_snapshots/alerts_20260418T135629Z.pb,TTC-PULSE/alerts/raw_snapshots/alerts_20260418T135629Z.pb,8034,1673c68db6df4b0baa13c72fba2ad5ab06d16e47222c01399d67e90bf4547f46,
alerts_sidecar_20260418T135659Z,2026-04-18T13:56:59Z,2026-04-18T13:56:59Z,2026-04-18T13:30:00Z,2026-04-18T14:00:00Z,live,ok,live_endpoint,,TTC-PULSE/alerts/raw_snapshots/alerts_20260418T135659Z.pb,TTC-PULSE/alerts/raw_snapshots/alerts_20260418T135659Z.pb,1447,4e8d49ea996144118158c99ed72cf9bff4a75e0de19fc40e8070315f4a4f05de,
alerts_sidecar_20260418T135659Z,2026-04-18T13:57:00Z,2026-04-18T13:56:59Z,2026-04-18T13:30:00Z,2026-04-18T14:00:00Z,live,ok,live_endpoint,,TTC-PULSE/alerts/raw_snapshots/alerts_20260418T135659Z.pb,TTC-PULSE/alerts/raw_snapshots/alerts_20260418T135659Z.pb,6311,a34bf06b4c46c5cb03adfb649c993de9b048f331e940ea22c9efaa9170768743,
alerts_sidecar_20260418T135659Z,2026-04-18T13:57:00Z,2026-04-18T13:56:59Z,2026-04-18T13:30:00Z,2026-04-18T14:00:00Z,live,ok,live_endpoint,,TTC-PULSE/alerts/raw_snapshots/alerts_20260418T135659Z.pb,TTC-PULSE/alerts/raw_snapshots/alerts_20260418T135659Z.pb,8034,053bf36b257ada03b4805acb451be6432f28bdd6532e10b478c39df47ea1faa8,
alerts_sidecar_20260418T135729Z,2026-04-18T13:57:29Z,2026-04-18T13:57:29Z,2026-04-18T13:30:00Z,2026-04-18T14:00:00Z,live,ok,live_endpoint,,TTC-PULSE/alerts/raw_snapshots/alerts_20260418T135729Z.pb,TTC-PULSE/alerts/raw_snapshots/alerts_20260418T135729Z.pb,1447,d1c3cfa969122098b72fd0ce771c5fde315f0b56f570cdee4550a9f9e7e431d3,
alerts_sidecar_20260418T135729Z,2026-04-18T13:57:30Z,2026-04-18T13:57:29Z,2026-04-18T13:30:00Z,2026-04-18T14:00:00Z,live,ok,live_endpoint,,TTC-PULSE/alerts/raw_snapshots/alerts_20260418T135729Z.pb,TTC-PULSE/alerts/raw_snapshots/alerts_20260418T135729Z.pb,6311,7fe56e4a0d9988267700835629ca7de065a19a93131b353142935e3918ac4c76,
alerts_sidecar_20260418T135729Z,2026-04-18T13:57:30Z,2026-04-18T13:57:29Z,2026-04-18T13:30:00Z,2026-04-18T14:00:00Z,live,ok,live_endpoint,,TTC-PULSE/alerts/raw_snapshots/alerts_20260418T135729Z.pb,TTC-PULSE/alerts/raw_snapshots/alerts_20260418T135729Z.pb,8034,dfba12c82afcf8b156e62290cfab2c0895514904fbdfb7040e67da63b82447e9,
alerts_sidecar_20260418T135759Z,2026-04-18T13:57:59Z,2026-04-18T13:57:59Z,2026-04-18T13:30:00Z,2026-04-18T14:00:00Z,live,ok,live_endpoint,,TTC-PULSE/alerts/raw_snapshots/alerts_20260418T135759Z.pb,TTC-PULSE/alerts/raw_snapshots/alerts_20260418T135759Z.pb,1447,1412fd6b33bc74be1690700ec1138bfc64559460500328cb22215da9d9310e0b,
alerts_sidecar_20260418T135759Z,2026-04-18T13:58:00Z,2026-04-18T13:57:59Z,2026-04-18T13:30:00Z,2026-04-18T14:00:00Z,live,ok,live_endpoint,,TTC-PULSE/alerts/raw_snapshots/alerts_20260418T135759Z.pb,TTC-PULSE/alerts/raw_snapshots/alerts_20260418T135759Z.pb,6311,75d6bf14befd4af9141c6ed3d6062393c37087adcea4bfb4067413061ffa4df2,
alerts_sidecar_20260418T135759Z,2026-04-18T13:58:00Z,2026-04-18T13:57:59Z,2026-04-18T13:30:00Z,2026-04-18T14:00:00Z,live,ok,live_endpoint,,TTC-PULSE/alerts/raw_snapshots/alerts_20260418T135759Z.pb,TTC-PULSE/alerts/raw_snapshots/alerts_20260418T135759Z.pb,8034,fb31e1156ac6cf03f94cbfe16d2809b85c689a59b991ceb88a618a80d100607a,
alerts_sidecar_20260418T135829Z,2026-04-18T13:58:29Z,2026-04-18T13:58:29Z,2026-04-18T13:30:00Z,2026-04-18T14:00:00Z,live,ok,live_endpoint,,TTC-PULSE/alerts/raw_snapshots/alerts_20260418T135829Z.pb,TTC-PULSE/alerts/raw_snapshots/alerts_20260418T135829Z.pb,1447,25827ff2be9db1bce054b678caab5ff90b59ba2aa14ff1c0ec3f1bbf40f27a61,
alerts_sidecar_20260418T135829Z,2026-04-18T13:58:30Z,2026-04-18T13:58:29Z,2026-04-18T13:30:00Z,2026-04-18T14:00:00Z,live,ok,live_endpoint,,TTC-PULSE/alerts/raw_snapshots/alerts_20260418T135829Z.pb,TTC-PULSE/alerts/raw_snapshots/alerts_20260418T135829Z.pb,6311,fc77bf2efd928a59fc3ffd8113745d680d2e4447d3de19a08b022797571c3354,
alerts_sidecar_20260418T135829Z,2026-04-18T13:58:30Z,2026-04-18T13:58:29Z,2026-04-18T13:30:00Z,2026-04-18T14:00:00Z,live,ok,live_endpoint,,TTC-PULSE/alerts/raw_snapshots/alerts_20260418T135829Z.pb,TTC-PULSE/alerts/raw_snapshots/alerts_20260418T135829Z.pb,8034,36fe85594c9616276e2636b974d15ee0c101842f2bff99739d120cd6b244828c,
alerts_sidecar_20260418T135859Z,2026-04-18T13:59:00Z,2026-04-18T13:58:59Z,2026-04-18T13:30:00Z,2026-04-18T14:00:00Z,live,ok,live_endpoint,,TTC-PULSE/alerts/raw_snapshots/alerts_20260418T135859Z.pb,TTC-PULSE/alerts/raw_snapshots/alerts_20260418T135859Z.pb,1447,25c71687508bb3f86e0756c4e2ddad0a85f3677e268bd673ba1e5aaa9b6bc701,
alerts_sidecar_20260418T135859Z,2026-04-18T13:59:00Z,2026-04-18T13:58:59Z,2026-04-18T13:30:00Z,2026-04-18T14:00:00Z,live,ok,live_endpoint,,TTC-PULSE/alerts/raw_snapshots/alerts_20260418T135859Z.pb,TTC-PULSE/alerts/raw_snapshots/alerts_20260418T135859Z.pb,6311,b5a1eb3167270c88f30af2a397f8665337e443a5fccf0f798ffce3475ea1d9bd,
alerts_sidecar_20260418T135859Z,2026-04-18T13:59:00Z,2026-04-18T13:58:59Z,2026-04-18T13:30:00Z,2026-04-18T14:00:00Z,live,ok,live_endpoint,,TTC-PULSE/alerts/raw_snapshots/alerts_20260418T135859Z.pb,TTC-PULSE/alerts/raw_snapshots/alerts_20260418T135859Z.pb,8034,56bc68aa80ad1e53268a9ea44a770311c59425383394ebdfe7359c1ee02e6529,
alerts_sidecar_20260418T135929Z,2026-04-18T13:59:29Z,2026-04-18T13:59:29Z,2026-04-18T13:30:00Z,2026-04-18T14:00:00Z,live,ok,live_endpoint,,TTC-PULSE/alerts/raw_snapshots/alerts_20260418T135929Z.pb,TTC-PULSE/alerts/raw_snapshots/alerts_20260418T135929Z.pb,1447,2536cea89790df6c16442fe54bcb443402182b102368d29450d92af1823850ad,
alerts_sidecar_20260418T135929Z,2026-04-18T13:59:30Z,2026-04-18T13:59:29Z,2026-04-18T13:30:00Z,2026-04-18T14:00:00Z,live,ok,live_endpoint,,TTC-PULSE/alerts/raw_snapshots/alerts_20260418T135929Z.pb,TTC-PULSE/alerts/raw_snapshots/alerts_20260418T135929Z.pb,6311,39a201ef2239f3261e8b9c71929a4865c263079e7fc90a63a653003ba02a06ea,
alerts_sidecar_20260418T135929Z,2026-04-18T13:59:30Z,2026-04-18T13:59:29Z,2026-04-18T13:30:00Z,2026-04-18T14:00:00Z,live,ok,live_endpoint,,TTC-PULSE/alerts/raw_snapshots/alerts_20260418T135929Z.pb,TTC-PULSE/alerts/raw_snapshots/alerts_20260418T135929Z.pb,8034,af68c37e5c8b71d2a29aef6b4f54113d22be90cd3cbb304668514ad1d72817b9,
alerts_sidecar_20260418T135959Z,2026-04-18T13:59:59Z,2026-04-18T13:59:59Z,2026-04-18T13:30:00Z,2026-04-18T14:00:00Z,live,ok,live_endpoint,,TTC-PULSE/alerts/raw_snapshots/alerts_20260418T135959Z.pb,TTC-PULSE/alerts/raw_snapshots/alerts_20260418T135959Z.pb,1447,1ad26875ca2c33faeee85c9ce70dc33b75bfb12933ea395176b0e4c7ee92bbd3,
alerts_sidecar_20260418T135959Z,2026-04-18T14:00:00Z,2026-04-18T13:59:59Z,2026-04-18T13:30:00Z,2026-04-18T14:00:00Z,live,ok,live_endpoint,,TTC-PULSE/alerts/raw_snapshots/alerts_20260418T135959Z.pb,TTC-PULSE/alerts/raw_snapshots/alerts_20260418T135959Z.pb,6311,08bb4966badbbe9b1fca0c0b0c3655df10420ddb8b8ffd7887c7b44ab7137f77,
alerts_sidecar_20260418T135959Z,2026-04-18T14:00:00Z,2026-04-18T13:59:59Z,2026-04-18T13:30:00Z,2026-04-18T14:00:00Z,live,ok,live_endpoint,,TTC-PULSE/alerts/raw_snapshots/alerts_20260418T135959Z.pb,TTC-PULSE/alerts/raw_snapshots/alerts_20260418T135959Z.pb,8034,ab058a7d4defeab3a2b415a21819e418f2b86bb39437374c6f40f5fd5d5053b1,
alerts_sidecar_20260418T140029Z,2026-04-18T14:00:29Z,2026-04-18T14:00:29Z,2026-04-18T14:00:00Z,2026-04-18T14:30:00Z,live,ok,live_endpoint,,TTC-PULSE/alerts/raw_snapshots/alerts_20260418T140029Z.pb,TTC-PULSE/alerts/raw_snapshots/alerts_20260418T140029Z.pb,1447,52b72ffe21c6bec63ad1949835cdd4a199daf30ebd1e7f096164480e21682b0a,
alerts_sidecar_20260418T140029Z,2026-04-18T14:00:30Z,2026-04-18T14:00:29Z,2026-04-18T14:00:00Z,2026-04-18T14:30:00Z,live,ok,live_endpoint,,TTC-PULSE/alerts/raw_snapshots/alerts_20260418T140029Z.pb,TTC-PULSE/alerts/raw_snapshots/alerts_20260418T140029Z.pb,6311,753121178b84642f219bd95e32b9d548fa5c00cf5b5e1a3b0086d273dde526a6,
alerts_sidecar_20260418T140029Z,2026-04-18T14:00:30Z,2026-04-18T14:00:29Z,2026-04-18T14:00:00Z,2026-04-18T14:30:00Z,live,ok,live_endpoint,,TTC-PULSE/alerts/raw_snapshots/alerts_20260418T140029Z.pb,TTC-PULSE/alerts/raw_snapshots/alerts_20260418T140029Z.pb,8034,9429940b6ac1264893d4e45a3c778e20a85dc3eaf4207a485a2ad1bc47bdbd96,
alerts_sidecar_20260418T140059Z,2026-04-18T14:00:59Z,2026-04-18T14:00:59Z,2026-04-18T14:00:00Z,2026-04-18T14:30:00Z,live,ok,live_endpoint,,TTC-PULSE/alerts/raw_snapshots/alerts_20260418T140059Z.pb,TTC-PULSE/alerts/raw_snapshots/alerts_20260418T140059Z.pb,1447,2ade94fd9beb43e3c393c09704795ee0fe403c3e9dcdaf92034806d7390f8145,
alerts_sidecar_20260418T140059Z,2026-04-18T14:01:00Z,2026-04-18T14:00:59Z,2026-04-18T14:00:00Z,2026-04-18T14:30:00Z,live,ok,live_endpoint,,TTC-PULSE/alerts/raw_snapshots/alerts_20260418T140059Z.pb,TTC-PULSE/alerts/raw_snapshots/alerts_20260418T140059Z.pb,6311,4e4f158037605bfbd4cf14802c18bb23fb94f1872e0c57c4dc9da5b2627c3a16,
alerts_sidecar_20260418T140059Z,2026-04-18T14:01:00Z,2026-04-18T14:00:59Z,2026-04-18T14:00:00Z,2026-04-18T14:30:00Z,live,ok,live_endpoint,,TTC-PULSE/alerts/raw_snapshots/alerts_20260418T140059Z.pb,TTC-PULSE/alerts/raw_snapshots/alerts_20260418T140059Z.pb,8034,f693df3bed70ad417ae92a70b1c8c80e6a7176fc7c143bb4523fd631f4d1484e,
alerts_sidecar_20260418T140129Z,2026-04-18T14:01:29Z,2026-04-18T14:01:29Z,2026-04-18T14:00:00Z,2026-04-18T14:30:00Z,live,ok,live_endpoint,,TTC-PULSE/alerts/raw_snapshots/alerts_20260418T140129Z.pb,TTC-PULSE/alerts/raw_snapshots/alerts_20260418T140129Z.pb,1447,f2592348464d56ac994c386b8f9b16ae461dd0b1b4776c5dfa7bfd04ad732921,
alerts_sidecar_20260418T140129Z,2026-04-18T14:01:30Z,2026-04-18T14:01:29Z,2026-04-18T14:00:00Z,2026-04-18T14:30:00Z,live,ok,live_endpoint,,TTC-PULSE/alerts/raw_snapshots/alerts_20260418T140129Z.pb,TTC-PULSE/alerts/raw_snapshots/alerts_20260418T140129Z.pb,6311,bb0a55fe8cb61985d204f012cca6028c7dcc8ce7a44a750c43bfa878e70438da,
alerts_sidecar_20260418T140129Z,2026-04-18T14:01:30Z,2026-04-18T14:01:29Z,2026-04-18T14:00:00Z,2026-04-18T14:30:00Z,live,ok,live_endpoint,,TTC-PULSE/alerts/raw_snapshots/alerts_20260418T140129Z.pb,TTC-PULSE/alerts/raw_snapshots/alerts_20260418T140129Z.pb,8034,434914b55da39bf0a608d45742dec1ab1c577b35c52361ecd80c20ca5021b419,
alerts_sidecar_20260418T140159Z,2026-04-18T14:01:59Z,2026-04-18T14:01:59Z,2026-04-18T14:00:00Z,2026-04-18T14:30:00Z,live,ok,live_endpoint,,TTC-PULSE/alerts/raw_snapshots/alerts_20260418T140159Z.pb,TTC-PULSE/alerts/raw_snapshots/alerts_20260418T140159Z.pb,1447,682edb5cee2cac94643e73b4592cc06f325aa380f41f08f5306991b20ca70b92,
alerts_sidecar_20260418T140159Z,2026-04-18T14:02:00Z,2026-04-18T14:01:59Z,2026-04-18T14:00:00Z,2026-04-18T14:30:00Z,live,ok,live_endpoint,,TTC-PULSE/alerts/raw_snapshots/alerts_20260418T140159Z.pb,TTC-PULSE/alerts/raw_snapshots/alerts_20260418T140159Z.pb,6311,dab7f650aec74c83e4501067d99fa400c8e4fc95ea9132aae1112ac38e69ea87,
alerts_sidecar_20260418T140159Z,2026-04-18T14:02:00Z,2026-04-18T14:01:59Z,2026-04-18T14:00:00Z,2026-04-18T14:30:00Z,live,ok,live_endpoint,,TTC-PULSE/alerts/raw_snapshots/alerts_20260418T140159Z.pb,TTC-PULSE/alerts/raw_snapshots/alerts_20260418T140159Z.pb,8034,1626e981e1aa63a6385abe02c361e72924c87d5ee8a6a129da5af26f0c6fedc0,
alerts_sidecar_20260418T140229Z,2026-04-18T14:02:29Z,2026-04-18T14:02:29Z,2026-04-18T14:00:00Z,2026-04-18T14:30:00Z,live,ok,live_endpoint,,TTC-PULSE/alerts/raw_snapshots/alerts_20260418T140229Z.pb,TTC-PULSE/alerts/raw_snapshots/alerts_20260418T140229Z.pb,1447,6abaf8a44d17738e78f87fac652f69122dcccf684cd71ad64ff49b503d119958,
alerts_sidecar_20260418T140229Z,2026-04-18T14:02:30Z,2026-04-18T14:02:29Z,2026-04-18T14:00:00Z,2026-04-18T14:30:00Z,live,ok,live_endpoint,,TTC-PULSE/alerts/raw_snapshots/alerts_20260418T140229Z.pb,TTC-PULSE/alerts/raw_snapshots/alerts_20260418T140229Z.pb,6311,07db9d4c0fdb40900e068b3be2629c8d60e3b386b806c20ffb074f828c6bae95,
alerts_sidecar_20260418T140229Z,2026-04-18T14:02:30Z,2026-04-18T14:02:29Z,2026-04-18T14:00:00Z,2026-04-18T14:30:00Z,live,ok,live_endpoint,,TTC-PULSE/alerts/raw_snapshots/alerts_20260418T140229Z.pb,TTC-PULSE/alerts/raw_snapshots/alerts_20260418T140229Z.pb,8034,2c396f980ea9a3bb36a73525c5b65fa3bed0f71668910049f6aeec71aadfdc24,
alerts_sidecar_20260418T140259Z,2026-04-18T14:02:59Z,2026-04-18T14:02:59Z,2026-04-18T14:00:00Z,2026-04-18T14:30:00Z,live,ok,live_endpoint,,TTC-PULSE/alerts/raw_snapshots/alerts_20260418T140259Z.pb,TTC-PULSE/alerts/raw_snapshots/alerts_20260418T140259Z.pb,1447,f633c06d87a690b15aad047fdd474f7f0e8b26bc6c520672ce35e61e75b19d15,
alerts_sidecar_20260418T140259Z,2026-04-18T14:03:00Z,2026-04-18T14:02:59Z,2026-04-18T14:00:00Z,2026-04-18T14:30:00Z,live,ok,live_endpoint,,TTC-PULSE/alerts/raw_snapshots/alerts_20260418T140259Z.pb,TTC-PULSE/alerts/raw_snapshots/alerts_20260418T140259Z.pb,6311,ef952a827963b4bf2dc4a1de23b7cd3349d6bf388c4f445de81e070e5ac05206,
alerts_sidecar_20260418T140259Z,2026-04-18T14:03:00Z,2026-04-18T14:02:59Z,2026-04-18T14:00:00Z,2026-04-18T14:30:00Z,live,ok,live_endpoint,,TTC-PULSE/alerts/raw_snapshots/alerts_20260418T140259Z.pb,TTC-PULSE/alerts/raw_snapshots/alerts_20260418T140259Z.pb,8034,2018ca6c79ad0bf7803e7f79803f35cbbfc518f8391f04b29166ef1c7e6841a4,
alerts_sidecar_20260418T140329Z,2026-04-18T14:03:29Z,2026-04-18T14:03:29Z,2026-04-18T14:00:00Z,2026-04-18T14:30:00Z,live,ok,live_endpoint,,TTC-PULSE/alerts/raw_snapshots/alerts_20260418T140329Z.pb,TTC-PULSE/alerts/raw_snapshots/alerts_20260418T140329Z.pb,1447,40704f082e372bbaf00327885181766516bfc13ecb46bb24eab7fd95e03bb04c,
alerts_sidecar_20260418T140329Z,2026-04-18T14:03:30Z,2026-04-18T14:03:29Z,2026-04-18T14:00:00Z,2026-04-18T14:30:00Z,live,ok,live_endpoint,,TTC-PULSE/alerts/raw_snapshots/alerts_20260418T140329Z.pb,TTC-PULSE/alerts/raw_snapshots/alerts_20260418T140329Z.pb,6311,b6b4c3f9a5cdef306f58c799534a83e6eb73cbb75e7861865b30887145cb5536,
alerts_sidecar_20260418T140329Z,2026-04-18T14:03:30Z,2026-04-18T14:03:29Z,2026-04-18T14:00:00Z,2026-04-18T14:30:00Z,live,ok,live_endpoint,,TTC-PULSE/alerts/raw_snapshots/alerts_20260418T140329Z.pb,TTC-PULSE/alerts/raw_snapshots/alerts_20260418T140329Z.pb,8034,f05208d0d5d5eec8c59f5790694ab40a945f97714d1d978c011eb4752153f6f7,
alerts_sidecar_20260418T140359Z,2026-04-18T14:04:00Z,2026-04-18T14:03:59Z,2026-04-18T14:00:00Z,2026-04-18T14:30:00Z,live,ok,live_endpoint,,TTC-PULSE/alerts/raw_snapshots/alerts_20260418T140359Z.pb,TTC-PULSE/alerts/raw_snapshots/alerts_20260418T140359Z.pb,1447,88d9d858411d26af3a8329f416840e668d43b6eb37db8d82c780dc2af1141c96,
alerts_sidecar_20260418T140359Z,2026-04-18T14:04:00Z,2026-04-18T14:03:59Z,2026-04-18T14:00:00Z,2026-04-18T14:30:00Z,live,ok,live_endpoint,,TTC-PULSE/alerts/raw_snapshots/alerts_20260418T140359Z.pb,TTC-PULSE/alerts/raw_snapshots/alerts_20260418T140359Z.pb,6311,f19d16eef34308d337f7301d5132d2aa6f1da5b63acf7a43dedf77089eb70d23,
alerts_sidecar_20260418T140359Z,2026-04-18T14:04:00Z,2026-04-18T14:03:59Z,2026-04-18T14:00:00Z,2026-04-18T14:30:00Z,live,ok,live_endpoint,,TTC-PULSE/alerts/raw_snapshots/alerts_20260418T140359Z.pb,TTC-PULSE/alerts/raw_snapshots/alerts_20260418T140359Z.pb,8034,4c173ef461e1463de0a16f8cdb6abd0a350aa7a6e3c76c862b1293b3339ba1a4,
alerts_sidecar_20260418T140429Z,2026-04-18T14:04:29Z,2026-04-18T14:04:29Z,2026-04-18T14:00:00Z,2026-04-18T14:30:00Z,live,ok,live_endpoint,,TTC-PULSE/alerts/raw_snapshots/alerts_20260418T140429Z.pb,TTC-PULSE/alerts/raw_snapshots/alerts_20260418T140429Z.pb,1447,41e430573eac64f6be2b1eaa86d902a77edb74cfcc0ac767aa129fcdb785a572,
alerts_sidecar_20260418T140429Z,2026-04-18T14:04:30Z,2026-04-18T14:04:29Z,2026-04-18T14:00:00Z,2026-04-18T14:30:00Z,live,ok,live_endpoint,,TTC-PULSE/alerts/raw_snapshots/alerts_20260418T140429Z.pb,TTC-PULSE/alerts/raw_snapshots/alerts_20260418T140429Z.pb,6311,b5f9e263043549172c9b16ba33521b6d3d4823db9a03697afab6d1404f2b7e0c,
alerts_sidecar_20260418T140429Z,2026-04-18T14:04:30Z,2026-04-18T14:04:29Z,2026-04-18T14:00:00Z,2026-04-18T14:30:00Z,live,ok,live_endpoint,,TTC-PULSE/alerts/raw_snapshots/alerts_20260418T140429Z.pb,TTC-PULSE/alerts/raw_snapshots/alerts_20260418T140429Z.pb,8034,a56b87af49f4936d4008a5aa992b15a0e9e3129e626922fab0a03d9bcc80abbd,
alerts_sidecar_20260418T140459Z,2026-04-18T14:04:59Z,2026-04-18T14:04:59Z,2026-04-18T14:00:00Z,2026-04-18T14:30:00Z,live,ok,live_endpoint,,TTC-PULSE/alerts/raw_snapshots/alerts_20260418T140459Z.pb,TTC-PULSE/alerts/raw_snapshots/alerts_20260418T140459Z.pb,1447,df024ca40b5628719e376f300a5f4ed67ecddb0fe9bb715a8f5bcac3b825392b,
alerts_sidecar_20260418T140459Z,2026-04-18T14:05:00Z,2026-04-18T14:04:59Z,2026-04-18T14:00:00Z,2026-04-18T14:30:00Z,live,ok,live_endpoint,,TTC-PULSE/alerts/raw_snapshots/alerts_20260418T140459Z.pb,TTC-PULSE/alerts/raw_snapshots/alerts_20260418T140459Z.pb,6311,7c611c9b97fa592bf5db006da44bc5c196b69842fcf4b6609ef34e89691be36c,
alerts_sidecar_20260418T140459Z,2026-04-18T14:05:00Z,2026-04-18T14:04:59Z,2026-04-18T14:00:00Z,2026-04-18T14:30:00Z,live,ok,live_endpoint,,TTC-PULSE/alerts/raw_snapshots/alerts_20260418T140459Z.pb,TTC-PULSE/alerts/raw_snapshots/alerts_20260418T140459Z.pb,8034,1847b4424f70425c2e3e80573a37f3981eede89f5c82d2f3ef0f5832f33649ed,
alerts_sidecar_20260418T140529Z,2026-04-18T14:05:29Z,2026-04-18T14:05:29Z,2026-04-18T14:00:00Z,2026-04-18T14:30:00Z,live,ok,live_endpoint,,TTC-PULSE/alerts/raw_snapshots/alerts_20260418T140529Z.pb,TTC-PULSE/alerts/raw_snapshots/alerts_20260418T140529Z.pb,1447,702e9c9326a170301a18f74394f740812ff2e41f08fe9beb7d93a92f53e4b6ec,
alerts_sidecar_20260418T140529Z,2026-04-18T14:05:30Z,2026-04-18T14:05:29Z,2026-04-18T14:00:00Z,2026-04-18T14:30:00Z,live,ok,live_endpoint,,TTC-PULSE/alerts/raw_snapshots/alerts_20260418T140529Z.pb,TTC-PULSE/alerts/raw_snapshots/alerts_20260418T140529Z.pb,6311,b7f3bdd3d250f350290c6b21f8255c907becb35250f2be0f25dc9871b1083c73,
alerts_sidecar_20260418T140529Z,2026-04-18T14:05:30Z,2026-04-18T14:05:29Z,2026-04-18T14:00:00Z,2026-04-18T14:30:00Z,live,ok,live_endpoint,,TTC-PULSE/alerts/raw_snapshots/alerts_20260418T140529Z.pb,TTC-PULSE/alerts/raw_snapshots/alerts_20260418T140529Z.pb,8034,c58daf50544e9421a1a7cb2ef36d343fb7020bd8b2e66eec88b0d42ebd7d83e1,
alerts_sidecar_20260418T140559Z,2026-04-18T14:05:59Z,2026-04-18T14:05:59Z,2026-04-18T14:00:00Z,2026-04-18T14:30:00Z,live,ok,live_endpoint,,TTC-PULSE/alerts/raw_snapshots/alerts_20260418T140559Z.pb,TTC-PULSE/alerts/raw_snapshots/alerts_20260418T140559Z.pb,1447,54f80ba4eccb7d6401e5275aaa237760637900403e859e4e1d185e572546f563,
alerts_sidecar_20260418T140559Z,2026-04-18T14:06:00Z,2026-04-18T14:05:59Z,2026-04-18T14:00:00Z,2026-04-18T14:30:00Z,live,ok,live_endpoint,,TTC-PULSE/alerts/raw_snapshots/alerts_20260418T140559Z.pb,TTC-PULSE/alerts/raw_snapshots/alerts_20260418T140559Z.pb,6311,da41190276afba26bd141b4e63bec8d51e49118e798d54ea9e59fcd1ef5833c2,
alerts_sidecar_20260418T140559Z,2026-04-18T14:06:00Z,2026-04-18T14:05:59Z,2026-04-18T14:00:00Z,2026-04-18T14:30:00Z,live,ok,live_endpoint,,TTC-PULSE/alerts/raw_snapshots/alerts_20260418T140559Z.pb,TTC-PULSE/alerts/raw_snapshots/alerts_20260418T140559Z.pb,8034,852b462d92ba41e0cb4b47487923c2c362dfb4ae46e729b5ecd386f7d4bade20,
alerts_sidecar_20260418T140629Z,2026-04-18T14:06:29Z,2026-04-18T14:06:29Z,2026-04-18T14:00:00Z,2026-04-18T14:30:00Z,live,ok,live_endpoint,,TTC-PULSE/alerts/raw_snapshots/alerts_20260418T140629Z.pb,TTC-PULSE/alerts/raw_snapshots/alerts_20260418T140629Z.pb,1447,6175cacb6ef88e22fb07828a2cef6e7620c44e9f71908250ae347e45e5afc1ba,
alerts_sidecar_20260418T140629Z,2026-04-18T14:06:30Z,2026-04-18T14:06:29Z,2026-04-18T14:00:00Z,2026-04-18T14:30:00Z,live,ok,live_endpoint,,TTC-PULSE/alerts/raw_snapshots/alerts_20260418T140629Z.pb,TTC-PULSE/alerts/raw_snapshots/alerts_20260418T140629Z.pb,6311,3790f0c1fb85bf45b3790662d86ef367edfd82cfe406bc303462d67722a0234a,
alerts_sidecar_20260418T140629Z,2026-04-18T14:06:30Z,2026-04-18T14:06:29Z,2026-04-18T14:00:00Z,2026-04-18T14:30:00Z,live,ok,live_endpoint,,TTC-PULSE/alerts/raw_snapshots/alerts_20260418T140629Z.pb,TTC-PULSE/alerts/raw_snapshots/alerts_20260418T140629Z.pb,8034,9a6d070ada16a8eb7be9f845ef982a2e7adbefe630b8a40ecc1a7b12a5b51b60,
alerts_sidecar_20260418T140659Z,2026-04-18T14:06:59Z,2026-04-18T14:06:59Z,2026-04-18T14:00:00Z,2026-04-18T14:30:00Z,live,ok,live_endpoint,,TTC-PULSE/alerts/raw_snapshots/alerts_20260418T140659Z.pb,TTC-PULSE/alerts/raw_snapshots/alerts_20260418T140659Z.pb,1447,c0980baeefb2f31f85bbf86d7e4c3838f9633344d9f5ed59f85dc4d947b339bb,
alerts_sidecar_20260418T140659Z,2026-04-18T14:07:00Z,2026-04-18T14:06:59Z,2026-04-18T14:00:00Z,2026-04-18T14:30:00Z,live,ok,live_endpoint,,TTC-PULSE/alerts/raw_snapshots/alerts_20260418T140659Z.pb,TTC-PULSE/alerts/raw_snapshots/alerts_20260418T140659Z.pb,6311,79a41e40381482dec486ab36f9c07985aba2a59a14e44d48664fa6dbb935c918,
alerts_sidecar_20260418T140659Z,2026-04-18T14:07:00Z,2026-04-18T14:06:59Z,2026-04-18T14:00:00Z,2026-04-18T14:30:00Z,live,ok,live_endpoint,,TTC-PULSE/alerts/raw_snapshots/alerts_20260418T140659Z.pb,TTC-PULSE/alerts/raw_snapshots/alerts_20260418T140659Z.pb,8034,46f1eabeba98005e8301b22c7e1ece099129c58fee5446b7beb22f66efcb765d,
alerts_sidecar_20260418T140729Z,2026-04-18T14:07:30Z,2026-04-18T14:07:29Z,2026-04-18T14:00:00Z,2026-04-18T14:30:00Z,live,ok,live_endpoint,,TTC-PULSE/alerts/raw_snapshots/alerts_20260418T140729Z.pb,TTC-PULSE/alerts/raw_snapshots/alerts_20260418T140729Z.pb,1447,ba59a799b7fb51b816eb470e75d1749cf0c5a61bf1ec00364ceb59ab1da50863,
alerts_sidecar_20260418T140729Z,2026-04-18T14:07:30Z,2026-04-18T14:07:29Z,2026-04-18T14:00:00Z,2026-04-18T14:30:00Z,live,ok,live_endpoint,,TTC-PULSE/alerts/raw_snapshots/alerts_20260418T140729Z.pb,TTC-PULSE/alerts/raw_snapshots/alerts_20260418T140729Z.pb,6311,b2f7136072c30957d10ae45798a5acd2f6cd7dd13aff00a8f5dc0838d952bec0,
alerts_sidecar_20260418T140729Z,2026-04-18T14:07:30Z,2026-04-18T14:07:29Z,2026-04-18T14:00:00Z,2026-04-18T14:30:00Z,live,ok,live_endpoint,,TTC-PULSE/alerts/raw_snapshots/alerts_20260418T140729Z.pb,TTC-PULSE/alerts/raw_snapshots/alerts_20260418T140729Z.pb,8034,87281a7baf5ea7f8031b26d3a98e7203628359236a62ba1e54718b8629e300f7,
alerts_sidecar_20260418T140759Z,2026-04-18T14:07:59Z,2026-04-18T14:07:59Z,2026-04-18T14:00:00Z,2026-04-18T14:30:00Z,live,ok,live_endpoint,,TTC-PULSE/alerts/raw_snapshots/alerts_20260418T140759Z.pb,TTC-PULSE/alerts/raw_snapshots/alerts_20260418T140759Z.pb,1447,07a1d47a521b9b12edafabc36bbf8230a390a3bbb40524c57ae66c310e7564bd,
alerts_sidecar_20260418T140759Z,2026-04-18T14:08:00Z,2026-04-18T14:07:59Z,2026-04-18T14:00:00Z,2026-04-18T14:30:00Z,live,ok,live_endpoint,,TTC-PULSE/alerts/raw_snapshots/alerts_20260418T140759Z.pb,TTC-PULSE/alerts/raw_snapshots/alerts_20260418T140759Z.pb,6311,3260be8521447e5fb3968f570dc6da3d42ccfed86510ffd497edee29e07297e8,
alerts_sidecar_20260418T140759Z,2026-04-18T14:08:00Z,2026-04-18T14:07:59Z,2026-04-18T14:00:00Z,2026-04-18T14:30:00Z,live,ok,live_endpoint,,TTC-PULSE/alerts/raw_snapshots/alerts_20260418T140759Z.pb,TTC-PULSE/alerts/raw_snapshots/alerts_20260418T140759Z.pb,8034,1a03e14a979468c1f545723609325f79dd4c23a37a55b48b9ebb294af7f9ab9f,
alerts_sidecar_20260418T140829Z,2026-04-18T14:08:30Z,2026-04-18T14:08:29Z,2026-04-18T14:00:00Z,2026-04-18T14:30:00Z,live,ok,live_endpoint,,TTC-PULSE/alerts/raw_snapshots/alerts_20260418T140829Z.pb,TTC-PULSE/alerts/raw_snapshots/alerts_20260418T140829Z.pb,1447,306af97c11d92c2a60ebf5745baaa909495657555fa125d926df6415b6773c6d,
alerts_sidecar_20260418T140829Z,2026-04-18T14:08:30Z,2026-04-18T14:08:29Z,2026-04-18T14:00:00Z,2026-04-18T14:30:00Z,live,ok,live_endpoint,,TTC-PULSE/alerts/raw_snapshots/alerts_20260418T140829Z.pb,TTC-PULSE/alerts/raw_snapshots/alerts_20260418T140829Z.pb,6311,4d6655214b0a3b5b24604906ab3c49ca8f6ee174374248254eccfd42c1879640,
alerts_sidecar_20260418T140829Z,2026-04-18T14:08:30Z,2026-04-18T14:08:29Z,2026-04-18T14:00:00Z,2026-04-18T14:30:00Z,live,ok,live_endpoint,,TTC-PULSE/alerts/raw_snapshots/alerts_20260418T140829Z.pb,TTC-PULSE/alerts/raw_snapshots/alerts_20260418T140829Z.pb,8034,c2918f3c260065a1c5dc162f46db52884e578a802d08c5774168ada97546c791,
alerts_sidecar_20260418T140859Z,2026-04-18T14:08:59Z,2026-04-18T14:08:59Z,2026-04-18T14:00:00Z,2026-04-18T14:30:00Z,live,ok,live_endpoint,,TTC-PULSE/alerts/raw_snapshots/alerts_20260418T140859Z.pb,TTC-PULSE/alerts/raw_snapshots/alerts_20260418T140859Z.pb,1447,17d9939016772b78541c5439c0aa6db3986f312d179570f21eed2e432296e816,
alerts_sidecar_20260418T140859Z,2026-04-18T14:09:00Z,2026-04-18T14:08:59Z,2026-04-18T14:00:00Z,2026-04-18T14:30:00Z,live,ok,live_endpoint,,TTC-PULSE/alerts/raw_snapshots/alerts_20260418T140859Z.pb,TTC-PULSE/alerts/raw_snapshots/alerts_20260418T140859Z.pb,6311,8096adaa661c2081abc7073e46be979f362cca0a779d28a4b4a30014e945e41e,
alerts_sidecar_20260418T140859Z,2026-04-18T14:09:00Z,2026-04-18T14:08:59Z,2026-04-18T14:00:00Z,2026-04-18T14:30:00Z,live,ok,live_endpoint,,TTC-PULSE/alerts/raw_snapshots/alerts_20260418T140859Z.pb,TTC-PULSE/alerts/raw_snapshots/alerts_20260418T140859Z.pb,8034,a91dc1a93734e4541d43e1691ad8b7f65771deb8aa67e5db38c640987c33035b,
alerts_sidecar_20260418T140929Z,2026-04-18T14:09:29Z,2026-04-18T14:09:29Z,2026-04-18T14:00:00Z,2026-04-18T14:30:00Z,live,ok,live_endpoint,,TTC-PULSE/alerts/raw_snapshots/alerts_20260418T140929Z.pb,TTC-PULSE/alerts/raw_snapshots/alerts_20260418T140929Z.pb,1447,8462245a59054d952eb9ad74b1d5aec018233e4265851892504c5ecf37423907,
alerts_sidecar_20260418T140929Z,2026-04-18T14:09:30Z,2026-04-18T14:09:29Z,2026-04-18T14:00:00Z,2026-04-18T14:30:00Z,live,ok,live_endpoint,,TTC-PULSE/alerts/raw_snapshots/alerts_20260418T140929Z.pb,TTC-PULSE/alerts/raw_snapshots/alerts_20260418T140929Z.pb,6311,72f410c41f969986d4d1b564d15c0edadc0a1f4be563722c6d2d02484b12ebe7,
alerts_sidecar_20260418T140929Z,2026-04-18T14:09:30Z,2026-04-18T14:09:29Z,2026-04-18T14:00:00Z,2026-04-18T14:30:00Z,live,ok,live_endpoint,,TTC-PULSE/alerts/raw_snapshots/alerts_20260418T140929Z.pb,TTC-PULSE/alerts/raw_snapshots/alerts_20260418T140929Z.pb,8034,705d03e29982ea4824b8cff7d9529d2f625f816eab8ac630a1f77e934b834e6c,
alerts_sidecar_20260418T140959Z,2026-04-18T14:09:59Z,2026-04-18T14:09:59Z,2026-04-18T14:00:00Z,2026-04-18T14:30:00Z,live,ok,live_endpoint,,TTC-PULSE/alerts/raw_snapshots/alerts_20260418T140959Z.pb,TTC-PULSE/alerts/raw_snapshots/alerts_20260418T140959Z.pb,1447,f0784f0e524ca7a8a976a3102c426c5917aa2d366fd39e6c47bf12bd85c5a560,
alerts_sidecar_20260418T140959Z,2026-04-18T14:10:00Z,2026-04-18T14:09:59Z,2026-04-18T14:00:00Z,2026-04-18T14:30:00Z,live,ok,live_endpoint,,TTC-PULSE/alerts/raw_snapshots/alerts_20260418T140959Z.pb,TTC-PULSE/alerts/raw_snapshots/alerts_20260418T140959Z.pb,6311,f1e8d6fe4d327cbffd5a2e7b41ff78ad1b381ef46a3a13f181586cd8a8b9120a,
alerts_sidecar_20260418T140959Z,2026-04-18T14:10:00Z,2026-04-18T14:09:59Z,2026-04-18T14:00:00Z,2026-04-18T14:30:00Z,live,ok,live_endpoint,,TTC-PULSE/alerts/raw_snapshots/alerts_20260418T140959Z.pb,TTC-PULSE/alerts/raw_snapshots/alerts_20260418T140959Z.pb,8034,ee62b585f38bfeb1db9bfceac7cc2b4ddd03a00d04912578b6ff0227425ac40f,
alerts_sidecar_20260418T141029Z,2026-04-18T14:10:29Z,2026-04-18T14:10:29Z,2026-04-18T14:00:00Z,2026-04-18T14:30:00Z,live,ok,live_endpoint,,TTC-PULSE/alerts/raw_snapshots/alerts_20260418T141029Z.pb,TTC-PULSE/alerts/raw_snapshots/alerts_20260418T141029Z.pb,1447,e00051f016f35295c8e073101abf69b5d977792bc8ee60481ecd969155263c33,
alerts_sidecar_20260418T141029Z,2026-04-18T14:10:30Z,2026-04-18T14:10:29Z,2026-04-18T14:00:00Z,2026-04-18T14:30:00Z,live,ok,live_endpoint,,TTC-PULSE/alerts/raw_snapshots/alerts_20260418T141029Z.pb,TTC-PULSE/alerts/raw_snapshots/alerts_20260418T141029Z.pb,6311,3af12f64caba19911fe3495a63dcbe539e37fd1f39c7140ffe24ebda7c46f7a1,
alerts_sidecar_20260418T141029Z,2026-04-18T14:10:30Z,2026-04-18T14:10:29Z,2026-04-18T14:00:00Z,2026-04-18T14:30:00Z,live,ok,live_endpoint,,TTC-PULSE/alerts/raw_snapshots/alerts_20260418T141029Z.pb,TTC-PULSE/alerts/raw_snapshots/alerts_20260418T141029Z.pb,8034,f8a1f3faec61f6455a8302f27c2704edd818f075e8410a59e7ad4a1a78cb20a7,
alerts_sidecar_20260418T141059Z,2026-04-18T14:10:59Z,2026-04-18T14:10:59Z,2026-04-18T14:00:00Z,2026-04-18T14:30:00Z,live,ok,live_endpoint,,TTC-PULSE/alerts/raw_snapshots/alerts_20260418T141059Z.pb,TTC-PULSE/alerts/raw_snapshots/alerts_20260418T141059Z.pb,1447,3fa51d0b4889d173bb3e1330a50f2987bb4af10cf55c0650dba07cf03bf8c9c9,
alerts_sidecar_20260418T141059Z,2026-04-18T14:11:00Z,2026-04-18T14:10:59Z,2026-04-18T14:00:00Z,2026-04-18T14:30:00Z,live,ok,live_endpoint,,TTC-PULSE/alerts/raw_snapshots/alerts_20260418T141059Z.pb,TTC-PULSE/alerts/raw_snapshots/alerts_20260418T141059Z.pb,6311,1187189e205e914a14c42cfa32bc6038e6d7cd53f1e6dfbff4f45c7793c51c12,
alerts_sidecar_20260418T141059Z,2026-04-18T14:11:00Z,2026-04-18T14:10:59Z,2026-04-18T14:00:00Z,2026-04-18T14:30:00Z,live,ok,live_endpoint,,TTC-PULSE/alerts/raw_snapshots/alerts_20260418T141059Z.pb,TTC-PULSE/alerts/raw_snapshots/alerts_20260418T141059Z.pb,8034,4c10a18c97ba9252166888882e374023c31c55732803ca77781a811d5ac62dd9,
alerts_sidecar_20260418T141129Z,2026-04-18T14:11:29Z,2026-04-18T14:11:29Z,2026-04-18T14:00:00Z,2026-04-18T14:30:00Z,live,ok,live_endpoint,,TTC-PULSE/alerts/raw_snapshots/alerts_20260418T141129Z.pb,TTC-PULSE/alerts/raw_snapshots/alerts_20260418T141129Z.pb,1447,89514dd8b33039dfe5635fbc306801b29af033c1e092e83891bcb288ec65ca2f,
alerts_sidecar_20260418T141129Z,2026-04-18T14:11:30Z,2026-04-18T14:11:29Z,2026-04-18T14:00:00Z,2026-04-18T14:30:00Z,live,ok,live_endpoint,,TTC-PULSE/alerts/raw_snapshots/alerts_20260418T141129Z.pb,TTC-PULSE/alerts/raw_snapshots/alerts_20260418T141129Z.pb,6311,d50bc760197c2b741eaafe50a9c961e7c4cfda643b41abef3c58d77bb587eba5,
alerts_sidecar_20260418T141129Z,2026-04-18T14:11:30Z,2026-04-18T14:11:29Z,2026-04-18T14:00:00Z,2026-04-18T14:30:00Z,live,ok,live_endpoint,,TTC-PULSE/alerts/raw_snapshots/alerts_20260418T141129Z.pb,TTC-PULSE/alerts/raw_snapshots/alerts_20260418T141129Z.pb,8034,014aac8a0e6e347767906ae57c6e1fcb377233bd74d5899d0423b3c4b6a5e615,
alerts_sidecar_20260418T141159Z,2026-04-18T14:11:59Z,2026-04-18T14:11:59Z,2026-04-18T14:00:00Z,2026-04-18T14:30:00Z,live,ok,live_endpoint,,TTC-PULSE/alerts/raw_snapshots/alerts_20260418T141159Z.pb,TTC-PULSE/alerts/raw_snapshots/alerts_20260418T141159Z.pb,1447,87c4304ad78b9a0d599b6aeeea56ea627ad2408822b45df272548aa3ee1188bf,
alerts_sidecar_20260418T141159Z,2026-04-18T14:12:00Z,2026-04-18T14:11:59Z,2026-04-18T14:00:00Z,2026-04-18T14:30:00Z,live,ok,live_endpoint,,TTC-PULSE/alerts/raw_snapshots/alerts_20260418T141159Z.pb,TTC-PULSE/alerts/raw_snapshots/alerts_20260418T141159Z.pb,6311,b7d4d0f70a59b18e7e6deed4b230f445fa36e63bbfccdd5e2e22f053a8365eb0,
alerts_sidecar_20260418T141159Z,2026-04-18T14:12:00Z,2026-04-18T14:11:59Z,2026-04-18T14:00:00Z,2026-04-18T14:30:00Z,live,ok,live_endpoint,,TTC-PULSE/alerts/raw_snapshots/alerts_20260418T141159Z.pb,TTC-PULSE/alerts/raw_snapshots/alerts_20260418T141159Z.pb,8034,2136d978b8e11ab4253dce4324752a87d35b791bc61481129943af8b80379e2a,
alerts_sidecar_20260418T141229Z,2026-04-18T14:12:29Z,2026-04-18T14:12:29Z,2026-04-18T14:00:00Z,2026-04-18T14:30:00Z,live,ok,live_endpoint,,TTC-PULSE/alerts/raw_snapshots/alerts_20260418T141229Z.pb,TTC-PULSE/alerts/raw_snapshots/alerts_20260418T141229Z.pb,1447,62eec97c1607a9b0047b9a707f903bbc9e330ab1ccacb286ae5e176cddbc08fa,
alerts_sidecar_20260418T141229Z,2026-04-18T14:12:30Z,2026-04-18T14:12:29Z,2026-04-18T14:00:00Z,2026-04-18T14:30:00Z,live,ok,live_endpoint,,TTC-PULSE/alerts/raw_snapshots/alerts_20260418T141229Z.pb,TTC-PULSE/alerts/raw_snapshots/alerts_20260418T141229Z.pb,6311,833c0e5b24018ba48403e4f0db764becd7fbf366e4b9d595c03e71e8b986b590,
alerts_sidecar_20260418T141229Z,2026-04-18T14:12:30Z,2026-04-18T14:12:29Z,2026-04-18T14:00:00Z,2026-04-18T14:30:00Z,live,ok,live_endpoint,,TTC-PULSE/alerts/raw_snapshots/alerts_20260418T141229Z.pb,TTC-PULSE/alerts/raw_snapshots/alerts_20260418T141229Z.pb,9188,f63e1cc438f29d97af63ed4c6af0289d62023a682146a5d6c258c3b4e8dd6dee,
alerts_sidecar_20260418T141259Z,2026-04-18T14:12:59Z,2026-04-18T14:12:59Z,2026-04-18T14:00:00Z,2026-04-18T14:30:00Z,live,ok,live_endpoint,,TTC-PULSE/alerts/raw_snapshots/alerts_20260418T141259Z.pb,TTC-PULSE/alerts/raw_snapshots/alerts_20260418T141259Z.pb,1447,22111f7b419589f25dfa44fa496ff44bd631f1f8d8ec52fc349a6e7d0a4af625,
alerts_sidecar_20260418T141259Z,2026-04-18T14:13:00Z,2026-04-18T14:12:59Z,2026-04-18T14:00:00Z,2026-04-18T14:30:00Z,live,ok,live_endpoint,,TTC-PULSE/alerts/raw_snapshots/alerts_20260418T141259Z.pb,TTC-PULSE/alerts/raw_snapshots/alerts_20260418T141259Z.pb,6311,d86c78edba185b454de6610c5c19c06a95d87103a0e8e48a91c19ae959c68777,
alerts_sidecar_20260418T141259Z,2026-04-18T14:13:00Z,2026-04-18T14:12:59Z,2026-04-18T14:00:00Z,2026-04-18T14:30:00Z,live,ok,live_endpoint,,TTC-PULSE/alerts/raw_snapshots/alerts_20260418T141259Z.pb,TTC-PULSE/alerts/raw_snapshots/alerts_20260418T141259Z.pb,9188,4d89f1d2f53a8b6af74263599d50f098bc8785e59c9fec1bacb882c8498b0ece,
alerts_sidecar_20260418T141329Z,2026-04-18T14:13:29Z,2026-04-18T14:13:29Z,2026-04-18T14:00:00Z,2026-04-18T14:30:00Z,live,ok,live_endpoint,,TTC-PULSE/alerts/raw_snapshots/alerts_20260418T141329Z.pb,TTC-PULSE/alerts/raw_snapshots/alerts_20260418T141329Z.pb,1447,4cc1ba9664fd79d99af94e18b4058502470ee0b18c668dab036b11788d602f98,
alerts_sidecar_20260418T141329Z,2026-04-18T14:13:30Z,2026-04-18T14:13:29Z,2026-04-18T14:00:00Z,2026-04-18T14:30:00Z,live,ok,live_endpoint,,TTC-PULSE/alerts/raw_snapshots/alerts_20260418T141329Z.pb,TTC-PULSE/alerts/raw_snapshots/alerts_20260418T141329Z.pb,6311,d604f1a2cf21b5f8efb4fceff840a0defd4896b381aa715c7f8d0ba5673a7f7a,
alerts_sidecar_20260418T141329Z,2026-04-18T14:13:30Z,2026-04-18T14:13:29Z,2026-04-18T14:00:00Z,2026-04-18T14:30:00Z,live,ok,live_endpoint,,TTC-PULSE/alerts/raw_snapshots/alerts_20260418T141329Z.pb,TTC-PULSE/alerts/raw_snapshots/alerts_20260418T141329Z.pb,9188,3783c45059a0c73b52f5fa47974a53a7f827548150229a4effe9302604b6627d,
alerts_sidecar_20260418T141359Z,2026-04-18T14:13:59Z,2026-04-18T14:13:59Z,2026-04-18T14:00:00Z,2026-04-18T14:30:00Z,live,ok,live_endpoint,,TTC-PULSE/alerts/raw_snapshots/alerts_20260418T141359Z.pb,TTC-PULSE/alerts/raw_snapshots/alerts_20260418T141359Z.pb,1447,d2b601c1bf7adca615f0aa3fffeeec093c15cbdb78651ee27d400c94aa113822,
alerts_sidecar_20260418T141359Z,2026-04-18T14:14:00Z,2026-04-18T14:13:59Z,2026-04-18T14:00:00Z,2026-04-18T14:30:00Z,live,ok,live_endpoint,,TTC-PULSE/alerts/raw_snapshots/alerts_20260418T141359Z.pb,TTC-PULSE/alerts/raw_snapshots/alerts_20260418T141359Z.pb,6311,1fee5220f8a5598147d7b52111792e2639ae167929657ebb3ae2ee7f1d5d3070,
alerts_sidecar_20260418T141359Z,2026-04-18T14:14:00Z,2026-04-18T14:13:59Z,2026-04-18T14:00:00Z,2026-04-18T14:30:00Z,live,ok,live_endpoint,,TTC-PULSE/alerts/raw_snapshots/alerts_20260418T141359Z.pb,TTC-PULSE/alerts/raw_snapshots/alerts_20260418T141359Z.pb,9188,5651562f2cca8c61c583c0a667180d89509f3aa0edbec00dd098c0cde876075a,
alerts_sidecar_20260418T141429Z,2026-04-18T14:14:29Z,2026-04-18T14:14:29Z,2026-04-18T14:00:00Z,2026-04-18T14:30:00Z,live,ok,live_endpoint,,TTC-PULSE/alerts/raw_snapshots/alerts_20260418T141429Z.pb,TTC-PULSE/alerts/raw_snapshots/alerts_20260418T141429Z.pb,1447,1a3c601c43adb9e616e49518568a6174765747a10d470996bb94acdc8aee7127,
alerts_sidecar_20260418T141429Z,2026-04-18T14:14:30Z,2026-04-18T14:14:29Z,2026-04-18T14:00:00Z,2026-04-18T14:30:00Z,live,ok,live_endpoint,,TTC-PULSE/alerts/raw_snapshots/alerts_20260418T141429Z.pb,TTC-PULSE/alerts/raw_snapshots/alerts_20260418T141429Z.pb,6311,e644b8291c2292d5b0d45be870a884d7f777b495e9009a9c9a3ec0add06dd19b,
alerts_sidecar_20260418T141429Z,2026-04-18T14:14:30Z,2026-04-18T14:14:29Z,2026-04-18T14:00:00Z,2026-04-18T14:30:00Z,live,ok,live_endpoint,,TTC-PULSE/alerts/raw_snapshots/alerts_20260418T141429Z.pb,TTC-PULSE/alerts/raw_snapshots/alerts_20260418T141429Z.pb,9188,2144cf79ebf81ae1d09857fde88fdd6229573d36b9332fa24d95610c9093316c,
alerts_sidecar_20260418T141459Z,2026-04-18T14:14:59Z,2026-04-18T14:14:59Z,2026-04-18T14:00:00Z,2026-04-18T14:30:00Z,live,ok,live_endpoint,,TTC-PULSE/alerts/raw_snapshots/alerts_20260418T141459Z.pb,TTC-PULSE/alerts/raw_snapshots/alerts_20260418T141459Z.pb,1447,26fc5713ddd82030ea2e07b7868fd5bf6a9d3478c059824d7b155861348b00ae,
alerts_sidecar_20260418T141459Z,2026-04-18T14:15:00Z,2026-04-18T14:14:59Z,2026-04-18T14:00:00Z,2026-04-18T14:30:00Z,live,ok,live_endpoint,,TTC-PULSE/alerts/raw_snapshots/alerts_20260418T141459Z.pb,TTC-PULSE/alerts/raw_snapshots/alerts_20260418T141459Z.pb,6311,2e2db058b11cd554642bbf39a96068921ac11fb3f38c9c0f7886f9cd2b3719e0,
alerts_sidecar_20260418T141459Z,2026-04-18T14:15:00Z,2026-04-18T14:14:59Z,2026-04-18T14:00:00Z,2026-04-18T14:30:00Z,live,ok,live_endpoint,,TTC-PULSE/alerts/raw_snapshots/alerts_20260418T141459Z.pb,TTC-PULSE/alerts/raw_snapshots/alerts_20260418T141459Z.pb,9188,d3a878fdc23b6c86b4aa633eea00a9eb1e8a1a405513a6a3c8ffa5c58dc366a5,
alerts_sidecar_20260418T141529Z,2026-04-18T14:15:29Z,2026-04-18T14:15:29Z,2026-04-18T14:00:00Z,2026-04-18T14:30:00Z,live,ok,live_endpoint,,TTC-PULSE/alerts/raw_snapshots/alerts_20260418T141529Z.pb,TTC-PULSE/alerts/raw_snapshots/alerts_20260418T141529Z.pb,1447,aba49a06cd8b215b06130150c87f819a3eaebb2e85cb8f1f9c840d604efd8689,
alerts_sidecar_20260418T141529Z,2026-04-18T14:15:30Z,2026-04-18T14:15:29Z,2026-04-18T14:00:00Z,2026-04-18T14:30:00Z,live,ok,live_endpoint,,TTC-PULSE/alerts/raw_snapshots/alerts_20260418T141529Z.pb,TTC-PULSE/alerts/raw_snapshots/alerts_20260418T141529Z.pb,6311,93df1023de5da4ba94721d4e0c2105f07b94d86cf5cc2bc89dcc959f1c0185f0,
alerts_sidecar_20260418T141529Z,2026-04-18T14:15:30Z,2026-04-18T14:15:29Z,2026-04-18T14:00:00Z,2026-04-18T14:30:00Z,live,ok,live_endpoint,,TTC-PULSE/alerts/raw_snapshots/alerts_20260418T141529Z.pb,TTC-PULSE/alerts/raw_snapshots/alerts_20260418T141529Z.pb,9188,ed8d3eb4dbcc5f8616df45be692bbc379dae70d9aab1eb72565e9b33eab86fd1,
alerts_sidecar_20260418T141559Z,2026-04-18T14:15:59Z,2026-04-18T14:15:59Z,2026-04-18T14:00:00Z,2026-04-18T14:30:00Z,live,ok,live_endpoint,,TTC-PULSE/alerts/raw_snapshots/alerts_20260418T141559Z.pb,TTC-PULSE/alerts/raw_snapshots/alerts_20260418T141559Z.pb,1447,6621242a40ab84d43508f05474a686ba37e986c74b4c774b677ac03116b3d076,
alerts_sidecar_20260418T141559Z,2026-04-18T14:16:00Z,2026-04-18T14:15:59Z,2026-04-18T14:00:00Z,2026-04-18T14:30:00Z,live,ok,live_endpoint,,TTC-PULSE/alerts/raw_snapshots/alerts_20260418T141559Z.pb,TTC-PULSE/alerts/raw_snapshots/alerts_20260418T141559Z.pb,6311,c18dd7a27105f50c88f1039fa190e74cd270231bb2dcc9a4df631b70fa6578d2,
alerts_sidecar_20260418T141559Z,2026-04-18T14:16:00Z,2026-04-18T14:15:59Z,2026-04-18T14:00:00Z,2026-04-18T14:30:00Z,live,ok,live_endpoint,,TTC-PULSE/alerts/raw_snapshots/alerts_20260418T141559Z.pb,TTC-PULSE/alerts/raw_snapshots/alerts_20260418T141559Z.pb,10017,49f8df268c568f22ebbd2db3eb2694361551e30b58058985137c89bed05cb50a,
alerts_sidecar_20260418T141629Z,2026-04-18T14:16:29Z,2026-04-18T14:16:29Z,2026-04-18T14:00:00Z,2026-04-18T14:30:00Z,live,ok,live_endpoint,,TTC-PULSE/alerts/raw_snapshots/alerts_20260418T141629Z.pb,TTC-PULSE/alerts/raw_snapshots/alerts_20260418T141629Z.pb,1447,b756164278d136b16814f27714c4c9047a3895807e2ddea0c1a7fecbd31052cf,
alerts_sidecar_20260418T141629Z,2026-04-18T14:16:30Z,2026-04-18T14:16:29Z,2026-04-18T14:00:00Z,2026-04-18T14:30:00Z,live,ok,live_endpoint,,TTC-PULSE/alerts/raw_snapshots/alerts_20260418T141629Z.pb,TTC-PULSE/alerts/raw_snapshots/alerts_20260418T141629Z.pb,6311,284c98a525c2baacb4037530427ad5ed6a4ab2848d82367a6b001f982788cf51,
alerts_sidecar_20260418T141629Z,2026-04-18T14:16:30Z,2026-04-18T14:16:29Z,2026-04-18T14:00:00Z,2026-04-18T14:30:00Z,live,ok,live_endpoint,,TTC-PULSE/alerts/raw_snapshots/alerts_20260418T141629Z.pb,TTC-PULSE/alerts/raw_snapshots/alerts_20260418T141629Z.pb,10017,3043e3455f27c8512977d2e205be776c47f28134e7d4ec49612dd7a3114623f3,
alerts_sidecar_20260418T141659Z,2026-04-18T14:16:59Z,2026-04-18T14:16:59Z,2026-04-18T14:00:00Z,2026-04-18T14:30:00Z,live,ok,live_endpoint,,TTC-PULSE/alerts/raw_snapshots/alerts_20260418T141659Z.pb,TTC-PULSE/alerts/raw_snapshots/alerts_20260418T141659Z.pb,1447,410d6102eb0aab615347799be1dda6990091be17272962886967611b04d1166e,
alerts_sidecar_20260418T141659Z,2026-04-18T14:17:00Z,2026-04-18T14:16:59Z,2026-04-18T14:00:00Z,2026-04-18T14:30:00Z,live,ok,live_endpoint,,TTC-PULSE/alerts/raw_snapshots/alerts_20260418T141659Z.pb,TTC-PULSE/alerts/raw_snapshots/alerts_20260418T141659Z.pb,6311,51e6865797df899dae7d5adbc32f08d5dee1c432a12491e6c22cf186efff41ea,
alerts_sidecar_20260418T141659Z,2026-04-18T14:17:00Z,2026-04-18T14:16:59Z,2026-04-18T14:00:00Z,2026-04-18T14:30:00Z,live,ok,live_endpoint,,TTC-PULSE/alerts/raw_snapshots/alerts_20260418T141659Z.pb,TTC-PULSE/alerts/raw_snapshots/alerts_20260418T141659Z.pb,10017,1de207317695da445eade9c97f77933955a762e646651f040ec1975cf512b145,
alerts_sidecar_20260418T141729Z,2026-04-18T14:17:29Z,2026-04-18T14:17:29Z,2026-04-18T14:00:00Z,2026-04-18T14:30:00Z,live,ok,live_endpoint,,TTC-PULSE/alerts/raw_snapshots/alerts_20260418T141729Z.pb,TTC-PULSE/alerts/raw_snapshots/alerts_20260418T141729Z.pb,1447,37c9a6c9635722d5f7c164e3e9df14694a93e0009e0a20688f00189483b7d7b2,
alerts_sidecar_20260418T141729Z,2026-04-18T14:17:30Z,2026-04-18T14:17:29Z,2026-04-18T14:00:00Z,2026-04-18T14:30:00Z,live,ok,live_endpoint,,TTC-PULSE/alerts/raw_snapshots/alerts_20260418T141729Z.pb,TTC-PULSE/alerts/raw_snapshots/alerts_20260418T141729Z.pb,6311,868a2f072d808a55a5d11203a60cd207197a14ab695a2d1e305e5ebfd3baafca,
alerts_sidecar_20260418T141729Z,2026-04-18T14:17:30Z,2026-04-18T14:17:29Z,2026-04-18T14:00:00Z,2026-04-18T14:30:00Z,live,ok,live_endpoint,,TTC-PULSE/alerts/raw_snapshots/alerts_20260418T141729Z.pb,TTC-PULSE/alerts/raw_snapshots/alerts_20260418T141729Z.pb,10017,7d9109a56ed7610fa8b7f127a8a91689edc03b870de27eeacbb8b35dbe5dde8a,
alerts_sidecar_20260418T141759Z,2026-04-18T14:18:00Z,2026-04-18T14:17:59Z,2026-04-18T14:00:00Z,2026-04-18T14:30:00Z,live,ok,live_endpoint,,TTC-PULSE/alerts/raw_snapshots/alerts_20260418T141759Z.pb,TTC-PULSE/alerts/raw_snapshots/alerts_20260418T141759Z.pb,1447,697f6643c5e488cc8d6a262fbe83c61c5a756a91c66104c4c9f31076c72acded,
alerts_sidecar_20260418T141759Z,2026-04-18T14:18:00Z,2026-04-18T14:17:59Z,2026-04-18T14:00:00Z,2026-04-18T14:30:00Z,live,ok,live_endpoint,,TTC-PULSE/alerts/raw_snapshots/alerts_20260418T141759Z.pb,TTC-PULSE/alerts/raw_snapshots/alerts_20260418T141759Z.pb,6311,b19203047a84b4734d702e31ac75c46fdefa1b1c3c7acbdde8d7b07fc9503b5a,
alerts_sidecar_20260418T141759Z,2026-04-18T14:18:01Z,2026-04-18T14:17:59Z,2026-04-18T14:00:00Z,2026-04-18T14:30:00Z,live,ok,live_endpoint,,TTC-PULSE/alerts/raw_snapshots/alerts_20260418T141759Z.pb,TTC-PULSE/alerts/raw_snapshots/alerts_20260418T141759Z.pb,10017,23ded6ae81922b184c12f98239a389b1bd356d8ef21c8376f5d193cd7bcc1e77,
alerts_sidecar_20260418T141829Z,2026-04-18T14:18:29Z,2026-04-18T14:18:29Z,2026-04-18T14:00:00Z,2026-04-18T14:30:00Z,live,ok,live_endpoint,,TTC-PULSE/alerts/raw_snapshots/alerts_20260418T141829Z.pb,TTC-PULSE/alerts/raw_snapshots/alerts_20260418T141829Z.pb,1447,82956c0261a5af2626041e6e97e5d91356df7a63abd59e90bfd2d3db73d4724a,
alerts_sidecar_20260418T141829Z,2026-04-18T14:18:30Z,2026-04-18T14:18:29Z,2026-04-18T14:00:00Z,2026-04-18T14:30:00Z,live,ok,live_endpoint,,TTC-PULSE/alerts/raw_snapshots/alerts_20260418T141829Z.pb,TTC-PULSE/alerts/raw_snapshots/alerts_20260418T141829Z.pb,6311,d939727c51d743570c32524cbeb03bedf8c5727b9b18ed95b6aff1607269ca7c,
alerts_sidecar_20260418T141829Z,2026-04-18T14:18:30Z,2026-04-18T14:18:29Z,2026-04-18T14:00:00Z,2026-04-18T14:30:00Z,live,ok,live_endpoint,,TTC-PULSE/alerts/raw_snapshots/alerts_20260418T141829Z.pb,TTC-PULSE/alerts/raw_snapshots/alerts_20260418T141829Z.pb,10017,7fc5ad1ec7b68b94445a96e857cc1d6ad79be262c6823ee95fa1166b3d2fab58,
alerts_sidecar_20260418T141859Z,2026-04-18T14:18:59Z,2026-04-18T14:18:59Z,2026-04-18T14:00:00Z,2026-04-18T14:30:00Z,live,ok,live_endpoint,,TTC-PULSE/alerts/raw_snapshots/alerts_20260418T141859Z.pb,TTC-PULSE/alerts/raw_snapshots/alerts_20260418T141859Z.pb,1447,42d3b8785fba3b1f6a59802d433297e2fa9e2e03f51b6b7ca4e5e4ef9e3c4b7f,
alerts_sidecar_20260418T141859Z,2026-04-18T14:19:00Z,2026-04-18T14:18:59Z,2026-04-18T14:00:00Z,2026-04-18T14:30:00Z,live,ok,live_endpoint,,TTC-PULSE/alerts/raw_snapshots/alerts_20260418T141859Z.pb,TTC-PULSE/alerts/raw_snapshots/alerts_20260418T141859Z.pb,6311,92a3c75be930db4235b66c337fe87deff9bc2ad2fca03d0c5f5f1bcbb151ec66,
alerts_sidecar_20260418T141859Z,2026-04-18T14:19:00Z,2026-04-18T14:18:59Z,2026-04-18T14:00:00Z,2026-04-18T14:30:00Z,live,ok,live_endpoint,,TTC-PULSE/alerts/raw_snapshots/alerts_20260418T141859Z.pb,TTC-PULSE/alerts/raw_snapshots/alerts_20260418T141859Z.pb,8034,c459bfdcb00a0d862e9410fc3f7da651a4053e7fd1fb35418cd43fd6a3a74452,
alerts_sidecar_20260418T141929Z,2026-04-18T14:19:29Z,2026-04-18T14:19:29Z,2026-04-18T14:00:00Z,2026-04-18T14:30:00Z,live,ok,live_endpoint,,TTC-PULSE/alerts/raw_snapshots/alerts_20260418T141929Z.pb,TTC-PULSE/alerts/raw_snapshots/alerts_20260418T141929Z.pb,1433,1ba396bc02e4d889c5dd1301e37ce967384aa5f501dc50a3b0767c80581b3737,
alerts_sidecar_20260418T141929Z,2026-04-18T14:19:30Z,2026-04-18T14:19:29Z,2026-04-18T14:00:00Z,2026-04-18T14:30:00Z,live,ok,live_endpoint,,TTC-PULSE/alerts/raw_snapshots/alerts_20260418T141929Z.pb,TTC-PULSE/alerts/raw_snapshots/alerts_20260418T141929Z.pb,6311,84847407f42807c97ab12fe70072d5a00c6739df79650c8b72b24d90d1307ab8,
alerts_sidecar_20260418T141929Z,2026-04-18T14:19:30Z,2026-04-18T14:19:29Z,2026-04-18T14:00:00Z,2026-04-18T14:30:00Z,live,ok,live_endpoint,,TTC-PULSE/alerts/raw_snapshots/alerts_20260418T141929Z.pb,TTC-PULSE/alerts/raw_snapshots/alerts_20260418T141929Z.pb,8034,48ff3259d5aaa0c2e4f1a579cf226acfa743017c7a601b4c9a5515c2ed3d48f0,
alerts_sidecar_20260418T141959Z,2026-04-18T14:19:59Z,2026-04-18T14:19:59Z,2026-04-18T14:00:00Z,2026-04-18T14:30:00Z,live,ok,live_endpoint,,TTC-PULSE/alerts/raw_snapshots/alerts_20260418T141959Z.pb,TTC-PULSE/alerts/raw_snapshots/alerts_20260418T141959Z.pb,1433,f6ef7a8358578932df04b09ee185b59eefebed0457002b861f47b92576fc9d7e,
alerts_sidecar_20260418T141959Z,2026-04-18T14:20:00Z,2026-04-18T14:19:59Z,2026-04-18T14:00:00Z,2026-04-18T14:30:00Z,live,ok,live_endpoint,,TTC-PULSE/alerts/raw_snapshots/alerts_20260418T141959Z.pb,TTC-PULSE/alerts/raw_snapshots/alerts_20260418T141959Z.pb,6311,fb8803de4963a54ea09ccffaa11d3542c5e8052982bb4c7775573918ff7b8d76,
alerts_sidecar_20260418T141959Z,2026-04-18T14:20:00Z,2026-04-18T14:19:59Z,2026-04-18T14:00:00Z,2026-04-18T14:30:00Z,live,ok,live_endpoint,,TTC-PULSE/alerts/raw_snapshots/alerts_20260418T141959Z.pb,TTC-PULSE/alerts/raw_snapshots/alerts_20260418T141959Z.pb,8034,2a2b3994855abe2edbdac350442efde8550cabc6c3da3683e4fa75043734ba1f,
alerts_sidecar_20260418T142029Z,2026-04-18T14:20:29Z,2026-04-18T14:20:29Z,2026-04-18T14:00:00Z,2026-04-18T14:30:00Z,live,ok,live_endpoint,,TTC-PULSE/alerts/raw_snapshots/alerts_20260418T142029Z.pb,TTC-PULSE/alerts/raw_snapshots/alerts_20260418T142029Z.pb,1433,2c5a1c8804481bc7b211a29bfd0dea6bdd8adf5cc4dddaf2e7e2490226e29650,
alerts_sidecar_20260418T142029Z,2026-04-18T14:20:30Z,2026-04-18T14:20:29Z,2026-04-18T14:00:00Z,2026-04-18T14:30:00Z,live,ok,live_endpoint,,TTC-PULSE/alerts/raw_snapshots/alerts_20260418T142029Z.pb,TTC-PULSE/alerts/raw_snapshots/alerts_20260418T142029Z.pb,6311,7da529fb6683d38b3c2d387d8d988a7b7fc9abf154c1965017664341a9801ebb,
alerts_sidecar_20260418T142029Z,2026-04-18T14:20:30Z,2026-04-18T14:20:29Z,2026-04-18T14:00:00Z,2026-04-18T14:30:00Z,live,ok,live_endpoint,,TTC-PULSE/alerts/raw_snapshots/alerts_20260418T142029Z.pb,TTC-PULSE/alerts/raw_snapshots/alerts_20260418T142029Z.pb,8034,53796d9172046bee98e5a3d8227c270be1ad8757c5a0e9f27b11c0cecbd07247,
alerts_sidecar_20260418T142059Z,2026-04-18T14:20:59Z,2026-04-18T14:20:59Z,2026-04-18T14:00:00Z,2026-04-18T14:30:00Z,live,ok,live_endpoint,,TTC-PULSE/alerts/raw_snapshots/alerts_20260418T142059Z.pb,TTC-PULSE/alerts/raw_snapshots/alerts_20260418T142059Z.pb,1433,bf57c0a8c577a5526861a157018d96d65f1896b736310ec19f19c68053dde9ff,
alerts_sidecar_20260418T142059Z,2026-04-18T14:21:00Z,2026-04-18T14:20:59Z,2026-04-18T14:00:00Z,2026-04-18T14:30:00Z,live,ok,live_endpoint,,TTC-PULSE/alerts/raw_snapshots/alerts_20260418T142059Z.pb,TTC-PULSE/alerts/raw_snapshots/alerts_20260418T142059Z.pb,6311,ef4f7693bd4ac098b6de57b6e65de91bcb949ed57dd2d932559008bfdbf147dc,
alerts_sidecar_20260418T142059Z,2026-04-18T14:21:00Z,2026-04-18T14:20:59Z,2026-04-18T14:00:00Z,2026-04-18T14:30:00Z,live,ok,live_endpoint,,TTC-PULSE/alerts/raw_snapshots/alerts_20260418T142059Z.pb,TTC-PULSE/alerts/raw_snapshots/alerts_20260418T142059Z.pb,8034,22139d415999e33cd20539d0329dfe08bc7a37864a682b3f38360817cd868897,
alerts_sidecar_20260418T142129Z,2026-04-18T14:21:29Z,2026-04-18T14:21:29Z,2026-04-18T14:00:00Z,2026-04-18T14:30:00Z,live,ok,live_endpoint,,TTC-PULSE/alerts/raw_snapshots/alerts_20260418T142129Z.pb,TTC-PULSE/alerts/raw_snapshots/alerts_20260418T142129Z.pb,1433,41825c004c39708663be27ac4b62b61b68e210d8e70b359574176c8b7eef5c12,
alerts_sidecar_20260418T142129Z,2026-04-18T14:21:30Z,2026-04-18T14:21:29Z,2026-04-18T14:00:00Z,2026-04-18T14:30:00Z,live,ok,live_endpoint,,TTC-PULSE/alerts/raw_snapshots/alerts_20260418T142129Z.pb,TTC-PULSE/alerts/raw_snapshots/alerts_20260418T142129Z.pb,6311,d9d5a6be7c846c39eb448b642c6469b62845f81189fc4c27acead6537424ae03,
alerts_sidecar_20260418T142129Z,2026-04-18T14:21:30Z,2026-04-18T14:21:29Z,2026-04-18T14:00:00Z,2026-04-18T14:30:00Z,live,ok,live_endpoint,,TTC-PULSE/alerts/raw_snapshots/alerts_20260418T142129Z.pb,TTC-PULSE/alerts/raw_snapshots/alerts_20260418T142129Z.pb,8034,10036c773e84a335b0721ecc5315c3bfad745cfeb337676e6ed86164e795780e,
alerts_sidecar_20260418T142159Z,2026-04-18T14:21:59Z,2026-04-18T14:21:59Z,2026-04-18T14:00:00Z,2026-04-18T14:30:00Z,live,ok,live_endpoint,,TTC-PULSE/alerts/raw_snapshots/alerts_20260418T142159Z.pb,TTC-PULSE/alerts/raw_snapshots/alerts_20260418T142159Z.pb,1433,20d1f1d35db53269bf563fb1fbbfc3133bfcfc968f63f1516226ff3d9fecf49d,
alerts_sidecar_20260418T142159Z,2026-04-18T14:22:00Z,2026-04-18T14:21:59Z,2026-04-18T14:00:00Z,2026-04-18T14:30:00Z,live,ok,live_endpoint,,TTC-PULSE/alerts/raw_snapshots/alerts_20260418T142159Z.pb,TTC-PULSE/alerts/raw_snapshots/alerts_20260418T142159Z.pb,6311,6af1d4104e66321c9e951986371b47c5d57f99b145d59decbb304805e971c4ff,
alerts_sidecar_20260418T142159Z,2026-04-18T14:22:00Z,2026-04-18T14:21:59Z,2026-04-18T14:00:00Z,2026-04-18T14:30:00Z,live,ok,live_endpoint,,TTC-PULSE/alerts/raw_snapshots/alerts_20260418T142159Z.pb,TTC-PULSE/alerts/raw_snapshots/alerts_20260418T142159Z.pb,8034,423ed05fa154fe4e01d5e227ef38f71c1cec8eb2099eb60fe1fbfac03f1cef9d,
alerts_sidecar_20260418T142229Z,2026-04-18T14:22:29Z,2026-04-18T14:22:29Z,2026-04-18T14:00:00Z,2026-04-18T14:30:00Z,live,ok,live_endpoint,,TTC-PULSE/alerts/raw_snapshots/alerts_20260418T142229Z.pb,TTC-PULSE/alerts/raw_snapshots/alerts_20260418T142229Z.pb,1433,1fbb2dfd8d9777540eac229d4a476a2d48923581b3a1443afe2ccf0c7fa7a503,
alerts_sidecar_20260418T142229Z,2026-04-18T14:22:30Z,2026-04-18T14:22:29Z,2026-04-18T14:00:00Z,2026-04-18T14:30:00Z,live,ok,live_endpoint,,TTC-PULSE/alerts/raw_snapshots/alerts_20260418T142229Z.pb,TTC-PULSE/alerts/raw_snapshots/alerts_20260418T142229Z.pb,6311,3a024102904bb5be23022e9085733b68075402cf62ff4f89946a1e201c9a7af3,
alerts_sidecar_20260418T142229Z,2026-04-18T14:22:30Z,2026-04-18T14:22:29Z,2026-04-18T14:00:00Z,2026-04-18T14:30:00Z,live,ok,live_endpoint,,TTC-PULSE/alerts/raw_snapshots/alerts_20260418T142229Z.pb,TTC-PULSE/alerts/raw_snapshots/alerts_20260418T142229Z.pb,8034,9152a0b276b2346f9936f5cf38247b378b88fdc44f4681933eda91aaa42ba326,
alerts_sidecar_20260418T142259Z,2026-04-18T14:22:59Z,2026-04-18T14:22:59Z,2026-04-18T14:00:00Z,2026-04-18T14:30:00Z,live,ok,live_endpoint,,TTC-PULSE/alerts/raw_snapshots/alerts_20260418T142259Z.pb,TTC-PULSE/alerts/raw_snapshots/alerts_20260418T142259Z.pb,1433,4afe1cda0f3d6b656bb1ad5e5fe1df0590105247b5b3d95e1ae3c4dfe6415aba,
alerts_sidecar_20260418T142259Z,2026-04-18T14:23:00Z,2026-04-18T14:22:59Z,2026-04-18T14:00:00Z,2026-04-18T14:30:00Z,live,ok,live_endpoint,,TTC-PULSE/alerts/raw_snapshots/alerts_20260418T142259Z.pb,TTC-PULSE/alerts/raw_snapshots/alerts_20260418T142259Z.pb,6311,4f468135a18fbd17aa30dbad058ad1cd397042567d4fe554b6973cc024058464,
alerts_sidecar_20260418T142259Z,2026-04-18T14:23:00Z,2026-04-18T14:22:59Z,2026-04-18T14:00:00Z,2026-04-18T14:30:00Z,live,ok,live_endpoint,,TTC-PULSE/alerts/raw_snapshots/alerts_20260418T142259Z.pb,TTC-PULSE/alerts/raw_snapshots/alerts_20260418T142259Z.pb,8034,3d75cfc8db41f879ba40f6c93af836aac7f439eea08f386aade595568e56be4a,
alerts_sidecar_20260418T142329Z,2026-04-18T14:23:29Z,2026-04-18T14:23:29Z,2026-04-18T14:00:00Z,2026-04-18T14:30:00Z,live,ok,live_endpoint,,TTC-PULSE/alerts/raw_snapshots/alerts_20260418T142329Z.pb,TTC-PULSE/alerts/raw_snapshots/alerts_20260418T142329Z.pb,1433,bcd38b33f0fc873b1cc572192703d3ff1e1046220e6d911102423fa7d982c4cb,
alerts_sidecar_20260418T142329Z,2026-04-18T14:23:30Z,2026-04-18T14:23:29Z,2026-04-18T14:00:00Z,2026-04-18T14:30:00Z,live,ok,live_endpoint,,TTC-PULSE/alerts/raw_snapshots/alerts_20260418T142329Z.pb,TTC-PULSE/alerts/raw_snapshots/alerts_20260418T142329Z.pb,6311,29d1d799bdf8bb70fd83da08ce7c04236505ca0a90272bb01c20217a8efbfa7c,
alerts_sidecar_20260418T142329Z,2026-04-18T14:23:30Z,2026-04-18T14:23:29Z,2026-04-18T14:00:00Z,2026-04-18T14:30:00Z,live,ok,live_endpoint,,TTC-PULSE/alerts/raw_snapshots/alerts_20260418T142329Z.pb,TTC-PULSE/alerts/raw_snapshots/alerts_20260418T142329Z.pb,8034,750fafa334b1a0d35ef17df78c90ef2e63301c78b3b0d54efa317d81e75cad2c,
alerts_sidecar_20260418T142359Z,2026-04-18T14:23:59Z,2026-04-18T14:23:59Z,2026-04-18T14:00:00Z,2026-04-18T14:30:00Z,live,ok,live_endpoint,,TTC-PULSE/alerts/raw_snapshots/alerts_20260418T142359Z.pb,TTC-PULSE/alerts/raw_snapshots/alerts_20260418T142359Z.pb,1433,f320dfad0832bfaaabd16f3e2fa7106440f0c98a50f4bb4404444907c64a5737,
alerts_sidecar_20260418T142359Z,2026-04-18T14:24:00Z,2026-04-18T14:23:59Z,2026-04-18T14:00:00Z,2026-04-18T14:30:00Z,live,ok,live_endpoint,,TTC-PULSE/alerts/raw_snapshots/alerts_20260418T142359Z.pb,TTC-PULSE/alerts/raw_snapshots/alerts_20260418T142359Z.pb,6311,804ec1e177c2cc9370fb4e36b62cc20201225a2128176a9d0510332e54ae22aa,
alerts_sidecar_20260418T142359Z,2026-04-18T14:24:00Z,2026-04-18T14:23:59Z,2026-04-18T14:00:00Z,2026-04-18T14:30:00Z,live,ok,live_endpoint,,TTC-PULSE/alerts/raw_snapshots/alerts_20260418T142359Z.pb,TTC-PULSE/alerts/raw_snapshots/alerts_20260418T142359Z.pb,8034,0df9254edd32ef017c7bf3b3f89907b4b2d2e18bf970588d515844ce935c139d,
alerts_sidecar_20260418T142429Z,2026-04-18T14:24:29Z,2026-04-18T14:24:29Z,2026-04-18T14:00:00Z,2026-04-18T14:30:00Z,live,ok,live_endpoint,,TTC-PULSE/alerts/raw_snapshots/alerts_20260418T142429Z.pb,TTC-PULSE/alerts/raw_snapshots/alerts_20260418T142429Z.pb,1433,c6f229fb1826fd2f9a6b2c3b2c4d40d67a9637d5ef47369adf4a6d2021ecbac5,
alerts_sidecar_20260418T142429Z,2026-04-18T14:24:30Z,2026-04-18T14:24:29Z,2026-04-18T14:00:00Z,2026-04-18T14:30:00Z,live,ok,live_endpoint,,TTC-PULSE/alerts/raw_snapshots/alerts_20260418T142429Z.pb,TTC-PULSE/alerts/raw_snapshots/alerts_20260418T142429Z.pb,6311,53408e85ede3c28d35d1685d345f1e35b827dce70ee434b7e9897fa68461cff4,
alerts_sidecar_20260418T142429Z,2026-04-18T14:24:30Z,2026-04-18T14:24:29Z,2026-04-18T14:00:00Z,2026-04-18T14:30:00Z,live,ok,live_endpoint,,TTC-PULSE/alerts/raw_snapshots/alerts_20260418T142429Z.pb,TTC-PULSE/alerts/raw_snapshots/alerts_20260418T142429Z.pb,8034,03f38507d0bda975446a7f0310379c0d4aec74bcd99cd7aacc1380e4f68026be,
alerts_sidecar_20260418T142459Z,2026-04-18T14:24:59Z,2026-04-18T14:24:59Z,2026-04-18T14:00:00Z,2026-04-18T14:30:00Z,live,ok,live_endpoint,,TTC-PULSE/alerts/raw_snapshots/alerts_20260418T142459Z.pb,TTC-PULSE/alerts/raw_snapshots/alerts_20260418T142459Z.pb,1433,3eaa6382e03568f28d191d9bf1d61c578a23845747d929a369c5c6fc0bd80cc8,
alerts_sidecar_20260418T142459Z,2026-04-18T14:25:00Z,2026-04-18T14:24:59Z,2026-04-18T14:00:00Z,2026-04-18T14:30:00Z,live,ok,live_endpoint,,TTC-PULSE/alerts/raw_snapshots/alerts_20260418T142459Z.pb,TTC-PULSE/alerts/raw_snapshots/alerts_20260418T142459Z.pb,6311,6af793aaeda5d602b4eb0d8a2b52d4539923e6d40d66e94b4b201cc1b2986f10,
alerts_sidecar_20260418T142459Z,2026-04-18T14:25:00Z,2026-04-18T14:24:59Z,2026-04-18T14:00:00Z,2026-04-18T14:30:00Z,live,ok,live_endpoint,,TTC-PULSE/alerts/raw_snapshots/alerts_20260418T142459Z.pb,TTC-PULSE/alerts/raw_snapshots/alerts_20260418T142459Z.pb,8034,9f5e2c9def8e7c2c8d942278fa3af6b4f3a147d252f1442ecc6e9e54ee5bf561,
alerts_sidecar_20260418T142529Z,2026-04-18T14:25:29Z,2026-04-18T14:25:29Z,2026-04-18T14:00:00Z,2026-04-18T14:30:00Z,live,ok,live_endpoint,,TTC-PULSE/alerts/raw_snapshots/alerts_20260418T142529Z.pb,TTC-PULSE/alerts/raw_snapshots/alerts_20260418T142529Z.pb,1433,ccbfa471facd0ece787ea77e1a70eec41b5c0b4596f51bca98b71dfa47eb1c64,
alerts_sidecar_20260418T142529Z,2026-04-18T14:25:30Z,2026-04-18T14:25:29Z,2026-04-18T14:00:00Z,2026-04-18T14:30:00Z,live,ok,live_endpoint,,TTC-PULSE/alerts/raw_snapshots/alerts_20260418T142529Z.pb,TTC-PULSE/alerts/raw_snapshots/alerts_20260418T142529Z.pb,6311,e2443f65f54377d4918af4670e04d9aface802139bfd3bcfcd772c2d7864518c,
alerts_sidecar_20260418T142529Z,2026-04-18T14:25:30Z,2026-04-18T14:25:29Z,2026-04-18T14:00:00Z,2026-04-18T14:30:00Z,live,ok,live_endpoint,,TTC-PULSE/alerts/raw_snapshots/alerts_20260418T142529Z.pb,TTC-PULSE/alerts/raw_snapshots/alerts_20260418T142529Z.pb,8034,305ac14059d5a891fb252ef670a61e8d467365b2a3970808a087617e5b9c6a0e,
alerts_sidecar_20260418T142559Z,2026-04-18T14:25:59Z,2026-04-18T14:25:59Z,2026-04-18T14:00:00Z,2026-04-18T14:30:00Z,live,ok,live_endpoint,,TTC-PULSE/alerts/raw_snapshots/alerts_20260418T142559Z.pb,TTC-PULSE/alerts/raw_snapshots/alerts_20260418T142559Z.pb,1433,28ca7331056a859d47023f8234540262ce0b15c34eadb4bfa2efb42a0b7d84ff,
alerts_sidecar_20260418T142559Z,2026-04-18T14:26:00Z,2026-04-18T14:25:59Z,2026-04-18T14:00:00Z,2026-04-18T14:30:00Z,live,ok,live_endpoint,,TTC-PULSE/alerts/raw_snapshots/alerts_20260418T142559Z.pb,TTC-PULSE/alerts/raw_snapshots/alerts_20260418T142559Z.pb,6311,c8b1fdde6132442ab2946e918dc4747da45cbc357e6a0b2ae6aa73d678d51865,
alerts_sidecar_20260418T142559Z,2026-04-18T14:26:00Z,2026-04-18T14:25:59Z,2026-04-18T14:00:00Z,2026-04-18T14:30:00Z,live,ok,live_endpoint,,TTC-PULSE/alerts/raw_snapshots/alerts_20260418T142559Z.pb,TTC-PULSE/alerts/raw_snapshots/alerts_20260418T142559Z.pb,8034,0471ee3eecb3c5e1d3d03a732e0a4c3536bf12d22163bc640f91c1980b722e53,
alerts_sidecar_20260418T142629Z,2026-04-18T14:26:29Z,2026-04-18T14:26:29Z,2026-04-18T14:00:00Z,2026-04-18T14:30:00Z,live,ok,live_endpoint,,TTC-PULSE/alerts/raw_snapshots/alerts_20260418T142629Z.pb,TTC-PULSE/alerts/raw_snapshots/alerts_20260418T142629Z.pb,1433,2c1e906a680b3cbe5d4b122b40496c851f244e3c0235dce67107f85de8de5323,
alerts_sidecar_20260418T142629Z,2026-04-18T14:26:30Z,2026-04-18T14:26:29Z,2026-04-18T14:00:00Z,2026-04-18T14:30:00Z,live,ok,live_endpoint,,TTC-PULSE/alerts/raw_snapshots/alerts_20260418T142629Z.pb,TTC-PULSE/alerts/raw_snapshots/alerts_20260418T142629Z.pb,6311,c51050340ba615e052400ee1423c10765d0bddf2e25c762a5fc598b5f7640923,
alerts_sidecar_20260418T142629Z,2026-04-18T14:26:30Z,2026-04-18T14:26:29Z,2026-04-18T14:00:00Z,2026-04-18T14:30:00Z,live,ok,live_endpoint,,TTC-PULSE/alerts/raw_snapshots/alerts_20260418T142629Z.pb,TTC-PULSE/alerts/raw_snapshots/alerts_20260418T142629Z.pb,8034,3a24513a82c988a7b186f30c6766a5edb7ae96922f7e979049bd7015f7481caf,
alerts_sidecar_20260418T142659Z,2026-04-18T14:27:00Z,2026-04-18T14:26:59Z,2026-04-18T14:00:00Z,2026-04-18T14:30:00Z,live,ok,live_endpoint,,TTC-PULSE/alerts/raw_snapshots/alerts_20260418T142659Z.pb,TTC-PULSE/alerts/raw_snapshots/alerts_20260418T142659Z.pb,1433,9c0e77d2c8f47b5a6aae784f538244f068962e6f183abf7aa98ef70b48a4240f,
alerts_sidecar_20260418T142659Z,2026-04-18T14:27:01Z,2026-04-18T14:26:59Z,2026-04-18T14:00:00Z,2026-04-18T14:30:00Z,live,ok,live_endpoint,,TTC-PULSE/alerts/raw_snapshots/alerts_20260418T142659Z.pb,TTC-PULSE/alerts/raw_snapshots/alerts_20260418T142659Z.pb,6311,901b11edea6e288641ad160d4a1e1405c9b7bf4208a9d1fddec8392722d49f7c,
alerts_sidecar_20260418T142659Z,2026-04-18T14:27:01Z,2026-04-18T14:26:59Z,2026-04-18T14:00:00Z,2026-04-18T14:30:00Z,live,ok,live_endpoint,,TTC-PULSE/alerts/raw_snapshots/alerts_20260418T142659Z.pb,TTC-PULSE/alerts/raw_snapshots/alerts_20260418T142659Z.pb,8034,a566a08491915eba962c2070407eb9b6c6d1ac6c6e31d0566bc32d81212d116e,
alerts_sidecar_20260418T142729Z,2026-04-18T14:27:30Z,2026-04-18T14:27:29Z,2026-04-18T14:00:00Z,2026-04-18T14:30:00Z,live,ok,live_endpoint,,TTC-PULSE/alerts/raw_snapshots/alerts_20260418T142729Z.pb,TTC-PULSE/alerts/raw_snapshots/alerts_20260418T142729Z.pb,1433,4349fe5829776280f02341421448e39837b470e071141efd49f87a65027e4769,
alerts_sidecar_20260418T142729Z,2026-04-18T14:27:31Z,2026-04-18T14:27:29Z,2026-04-18T14:00:00Z,2026-04-18T14:30:00Z,live,ok,live_endpoint,,TTC-PULSE/alerts/raw_snapshots/alerts_20260418T142729Z.pb,TTC-PULSE/alerts/raw_snapshots/alerts_20260418T142729Z.pb,6311,2663028762e372e9978f827039799aea3cfa15c7c5d4eecd87f67860443c86db,
alerts_sidecar_20260418T142729Z,2026-04-18T14:27:31Z,2026-04-18T14:27:29Z,2026-04-18T14:00:00Z,2026-04-18T14:30:00Z,live,ok,live_endpoint,,TTC-PULSE/alerts/raw_snapshots/alerts_20260418T142729Z.pb,TTC-PULSE/alerts/raw_snapshots/alerts_20260418T142729Z.pb,8034,f159e54ec00acb883acdfb0c7524c5538407a3548d0cd08c3356fef25ee418f3,
alerts_sidecar_20260418T142759Z,2026-04-18T14:27:59Z,2026-04-18T14:27:59Z,2026-04-18T14:00:00Z,2026-04-18T14:30:00Z,live,ok,live_endpoint,,TTC-PULSE/alerts/raw_snapshots/alerts_20260418T142759Z.pb,TTC-PULSE/alerts/raw_snapshots/alerts_20260418T142759Z.pb,1433,20e9532a1d10e4053515d15f76e95dda703c62c1b01b4928cbdf0a53e343311a,
alerts_sidecar_20260418T142759Z,2026-04-18T14:28:00Z,2026-04-18T14:27:59Z,2026-04-18T14:00:00Z,2026-04-18T14:30:00Z,live,ok,live_endpoint,,TTC-PULSE/alerts/raw_snapshots/alerts_20260418T142759Z.pb,TTC-PULSE/alerts/raw_snapshots/alerts_20260418T142759Z.pb,6311,85fdaa33a7e1e42df14cf91bdf06174fdb5a77e8bcb6cf3f04647bf2d65977fb,
alerts_sidecar_20260418T142759Z,2026-04-18T14:28:00Z,2026-04-18T14:27:59Z,2026-04-18T14:00:00Z,2026-04-18T14:30:00Z,live,ok,live_endpoint,,TTC-PULSE/alerts/raw_snapshots/alerts_20260418T142759Z.pb,TTC-PULSE/alerts/raw_snapshots/alerts_20260418T142759Z.pb,8034,62b82366d46434796b39a912ab5120d6694d754829816eca3985f5ada12eb2b8,
alerts_sidecar_20260418T142829Z,2026-04-18T14:28:29Z,2026-04-18T14:28:29Z,2026-04-18T14:00:00Z,2026-04-18T14:30:00Z,live,ok,live_endpoint,,TTC-PULSE/alerts/raw_snapshots/alerts_20260418T142829Z.pb,TTC-PULSE/alerts/raw_snapshots/alerts_20260418T142829Z.pb,1433,4fbd18d26da4ab8c477b20902dcc680fb4b07999eeeb1e21279002f5b00f0a07,
alerts_sidecar_20260418T142829Z,2026-04-18T14:28:30Z,2026-04-18T14:28:29Z,2026-04-18T14:00:00Z,2026-04-18T14:30:00Z,live,ok,live_endpoint,,TTC-PULSE/alerts/raw_snapshots/alerts_20260418T142829Z.pb,TTC-PULSE/alerts/raw_snapshots/alerts_20260418T142829Z.pb,6311,55d8fc6d00df92fe5700eaff9711b2d93cda99dd3f23c398ec8ae8ba98b25fb5,
alerts_sidecar_20260418T142829Z,2026-04-18T14:28:30Z,2026-04-18T14:28:29Z,2026-04-18T14:00:00Z,2026-04-18T14:30:00Z,live,ok,live_endpoint,,TTC-PULSE/alerts/raw_snapshots/alerts_20260418T142829Z.pb,TTC-PULSE/alerts/raw_snapshots/alerts_20260418T142829Z.pb,8034,66de6a4ca7cf9333c3fd83f1c6b245d1c3cd621410b6c1929e83391aa785fe24,
alerts_sidecar_20260418T142859Z,2026-04-18T14:29:00Z,2026-04-18T14:28:59Z,2026-04-18T14:00:00Z,2026-04-18T14:30:00Z,live,ok,live_endpoint,,TTC-PULSE/alerts/raw_snapshots/alerts_20260418T142859Z.pb,TTC-PULSE/alerts/raw_snapshots/alerts_20260418T142859Z.pb,1433,9868024cf1f5078e886afd77fd79e8ff453f018a22cbf6d0eeca5206ace43b7a,
alerts_sidecar_20260418T142859Z,2026-04-18T14:29:01Z,2026-04-18T14:28:59Z,2026-04-18T14:00:00Z,2026-04-18T14:30:00Z,live,ok,live_endpoint,,TTC-PULSE/alerts/raw_snapshots/alerts_20260418T142859Z.pb,TTC-PULSE/alerts/raw_snapshots/alerts_20260418T142859Z.pb,6311,021ef308c8c82bea04f76d860082dc90871782e48b6347b302ff8ccd79db03bb,
alerts_sidecar_20260418T142859Z,2026-04-18T14:29:01Z,2026-04-18T14:28:59Z,2026-04-18T14:00:00Z,2026-04-18T14:30:00Z,live,ok,live_endpoint,,TTC-PULSE/alerts/raw_snapshots/alerts_20260418T142859Z.pb,TTC-PULSE/alerts/raw_snapshots/alerts_20260418T142859Z.pb,8034,de71c37b08eed0c02c4cd7b1adb0658747b6324488c3ddd2a263bd38f943c12a,
alerts_sidecar_20260418T142929Z,2026-04-18T14:29:30Z,2026-04-18T14:29:29Z,2026-04-18T14:00:00Z,2026-04-18T14:30:00Z,live,ok,live_endpoint,,TTC-PULSE/alerts/raw_snapshots/alerts_20260418T142929Z.pb,TTC-PULSE/alerts/raw_snapshots/alerts_20260418T142929Z.pb,1433,4b1e2f2c3e2e3cb1d4d41231c90bef84f4acf489d4607c5ef7542e8131ed1895,
alerts_sidecar_20260418T142929Z,2026-04-18T14:29:31Z,2026-04-18T14:29:29Z,2026-04-18T14:00:00Z,2026-04-18T14:30:00Z,live,ok,live_endpoint,,TTC-PULSE/alerts/raw_snapshots/alerts_20260418T142929Z.pb,TTC-PULSE/alerts/raw_snapshots/alerts_20260418T142929Z.pb,6311,d6f781daa1c860ea098addd5677ed7b7c1000bec3bb435ba29589164d40e5999,
alerts_sidecar_20260418T142929Z,2026-04-18T14:29:31Z,2026-04-18T14:29:29Z,2026-04-18T14:00:00Z,2026-04-18T14:30:00Z,live,ok,live_endpoint,,TTC-PULSE/alerts/raw_snapshots/alerts_20260418T142929Z.pb,TTC-PULSE/alerts/raw_snapshots/alerts_20260418T142929Z.pb,8034,e739af24df4ababa484ac2829172685c119abdde1efeb875860c6d15fbdcdbeb,
alerts_sidecar_20260418T142959Z,2026-04-18T14:30:00Z,2026-04-18T14:29:59Z,2026-04-18T14:00:00Z,2026-04-18T14:30:00Z,live,ok,live_endpoint,,TTC-PULSE/alerts/raw_snapshots/alerts_20260418T142959Z.pb,TTC-PULSE/alerts/raw_snapshots/alerts_20260418T142959Z.pb,1433,b2b745d96b169070f3d0f07652360ef61aebf4e390aece9958b51e64ff6a2518,
alerts_sidecar_20260418T142959Z,2026-04-18T14:30:01Z,2026-04-18T14:29:59Z,2026-04-18T14:00:00Z,2026-04-18T14:30:00Z,live,ok,live_endpoint,,TTC-PULSE/alerts/raw_snapshots/alerts_20260418T142959Z.pb,TTC-PULSE/alerts/raw_snapshots/alerts_20260418T142959Z.pb,6311,46e24ee80eeef4f7dd8a040ff1f1cfeaf65b072361f32337120345f13b69d3f8,
alerts_sidecar_20260418T142959Z,2026-04-18T14:30:01Z,2026-04-18T14:29:59Z,2026-04-18T14:00:00Z,2026-04-18T14:30:00Z,live,ok,live_endpoint,,TTC-PULSE/alerts/raw_snapshots/alerts_20260418T142959Z.pb,TTC-PULSE/alerts/raw_snapshots/alerts_20260418T142959Z.pb,8034,4012bc7317e4782a2814b69ca3810dab610ed4586e9e3d1dc61bfb7a306ec07a,
alerts_sidecar_20260418T143029Z,2026-04-18T14:30:30Z,2026-04-18T14:30:29Z,2026-04-18T14:30:00Z,2026-04-18T15:00:00Z,live,ok,live_endpoint,,TTC-PULSE/alerts/raw_snapshots/alerts_20260418T143029Z.pb,TTC-PULSE/alerts/raw_snapshots/alerts_20260418T143029Z.pb,1433,ecb8c9ff4b63afcc907e225f311d2d3b1370ea3722583136eae1e7399b140d21,
alerts_sidecar_20260418T143029Z,2026-04-18T14:30:31Z,2026-04-18T14:30:29Z,2026-04-18T14:30:00Z,2026-04-18T15:00:00Z,live,ok,live_endpoint,,TTC-PULSE/alerts/raw_snapshots/alerts_20260418T143029Z.pb,TTC-PULSE/alerts/raw_snapshots/alerts_20260418T143029Z.pb,6311,c0f947af678fa06217a5f41644fc4ed44d4b421e55b5f81e705e163ea5f01e10,
alerts_sidecar_20260418T143029Z,2026-04-18T14:30:31Z,2026-04-18T14:30:29Z,2026-04-18T14:30:00Z,2026-04-18T15:00:00Z,live,ok,live_endpoint,,TTC-PULSE/alerts/raw_snapshots/alerts_20260418T143029Z.pb,TTC-PULSE/alerts/raw_snapshots/alerts_20260418T143029Z.pb,8034,c68d2c26f64ce83a516e7c6239d2e88e6402ee2d3c3a53eaaaec7c4f892ee9a6,
alerts_sidecar_20260418T143059Z,2026-04-18T14:31:00Z,2026-04-18T14:30:59Z,2026-04-18T14:30:00Z,2026-04-18T15:00:00Z,live,ok,live_endpoint,,TTC-PULSE/alerts/raw_snapshots/alerts_20260418T143059Z.pb,TTC-PULSE/alerts/raw_snapshots/alerts_20260418T143059Z.pb,1433,6f20b12ba888889af613575a34398f945e27051f3a36e92d345d095b8d12ed6e,
alerts_sidecar_20260418T143059Z,2026-04-18T14:31:01Z,2026-04-18T14:30:59Z,2026-04-18T14:30:00Z,2026-04-18T15:00:00Z,live,ok,live_endpoint,,TTC-PULSE/alerts/raw_snapshots/alerts_20260418T143059Z.pb,TTC-PULSE/alerts/raw_snapshots/alerts_20260418T143059Z.pb,6311,3a20bd5e27738470e2a622f83b05e74fa8642c5b963ae0501913e5f18007d51c,
alerts_sidecar_20260418T143059Z,2026-04-18T14:31:01Z,2026-04-18T14:30:59Z,2026-04-18T14:30:00Z,2026-04-18T15:00:00Z,live,ok,live_endpoint,,TTC-PULSE/alerts/raw_snapshots/alerts_20260418T143059Z.pb,TTC-PULSE/alerts/raw_snapshots/alerts_20260418T143059Z.pb,8034,bf497d6aefd54bfdd9cab0cc1153e28b0ee0e6350c2ceb9817b53842fc33dfcf,
alerts_sidecar_20260418T143129Z,2026-04-18T14:31:30Z,2026-04-18T14:31:29Z,2026-04-18T14:30:00Z,2026-04-18T15:00:00Z,live,ok,live_endpoint,,TTC-PULSE/alerts/raw_snapshots/alerts_20260418T143129Z.pb,TTC-PULSE/alerts/raw_snapshots/alerts_20260418T143129Z.pb,1433,f1dbceca28374dbca558466d1fa1454c4f4cc82c9d47b0b1f91271717c950b60,
alerts_sidecar_20260418T143129Z,2026-04-18T14:31:31Z,2026-04-18T14:31:29Z,2026-04-18T14:30:00Z,2026-04-18T15:00:00Z,live,ok,live_endpoint,,TTC-PULSE/alerts/raw_snapshots/alerts_20260418T143129Z.pb,TTC-PULSE/alerts/raw_snapshots/alerts_20260418T143129Z.pb,6311,9f0ab702d8171ab32039956e4f15e1b2f5ccdb106e6f9d0ce225fb44325fa481,
alerts_sidecar_20260418T143129Z,2026-04-18T14:31:31Z,2026-04-18T14:31:29Z,2026-04-18T14:30:00Z,2026-04-18T15:00:00Z,live,ok,live_endpoint,,TTC-PULSE/alerts/raw_snapshots/alerts_20260418T143129Z.pb,TTC-PULSE/alerts/raw_snapshots/alerts_20260418T143129Z.pb,8034,6a59e2f262af6c29f44ff3d8be3a10dacb2fd7eda669aea1885a1b915a9f7dfb,
alerts_sidecar_20260418T143159Z,2026-04-18T14:32:00Z,2026-04-18T14:31:59Z,2026-04-18T14:30:00Z,2026-04-18T15:00:00Z,live,ok,live_endpoint,,TTC-PULSE/alerts/raw_snapshots/alerts_20260418T143159Z.pb,TTC-PULSE/alerts/raw_snapshots/alerts_20260418T143159Z.pb,1433,157b28444ecf890b0199ccdadd48c1240de4e5492afb6f137a0dd0fbc8d97a5b,
alerts_sidecar_20260418T143159Z,2026-04-18T14:32:01Z,2026-04-18T14:31:59Z,2026-04-18T14:30:00Z,2026-04-18T15:00:00Z,live,ok,live_endpoint,,TTC-PULSE/alerts/raw_snapshots/alerts_20260418T143159Z.pb,TTC-PULSE/alerts/raw_snapshots/alerts_20260418T143159Z.pb,6311,1e21b295f681d047620508d281e39142d401a433335728361c2065a9450cf62a,
alerts_sidecar_20260418T143159Z,2026-04-18T14:32:01Z,2026-04-18T14:31:59Z,2026-04-18T14:30:00Z,2026-04-18T15:00:00Z,live,ok,live_endpoint,,TTC-PULSE/alerts/raw_snapshots/alerts_20260418T143159Z.pb,TTC-PULSE/alerts/raw_snapshots/alerts_20260418T143159Z.pb,8034,1e8e4046af7cf2a11f400023a69f1675b2ad467d097f64b8720215ea34209da9,
alerts_sidecar_20260418T143229Z,2026-04-18T14:32:30Z,2026-04-18T14:32:29Z,2026-04-18T14:30:00Z,2026-04-18T15:00:00Z,live,ok,live_endpoint,,TTC-PULSE/alerts/raw_snapshots/alerts_20260418T143229Z.pb,TTC-PULSE/alerts/raw_snapshots/alerts_20260418T143229Z.pb,1433,cd24c9582f9eb64edad701741c3083b200d93be1f9dfea7b81429f001b7cf223,
alerts_sidecar_20260418T143229Z,2026-04-18T14:32:31Z,2026-04-18T14:32:29Z,2026-04-18T14:30:00Z,2026-04-18T15:00:00Z,live,ok,live_endpoint,,TTC-PULSE/alerts/raw_snapshots/alerts_20260418T143229Z.pb,TTC-PULSE/alerts/raw_snapshots/alerts_20260418T143229Z.pb,6311,762f4a08b11ca6cddf3e50f071d002fc3e0638284d7f1b1a400b6c31bd6aa242,
alerts_sidecar_20260418T143229Z,2026-04-18T14:32:31Z,2026-04-18T14:32:29Z,2026-04-18T14:30:00Z,2026-04-18T15:00:00Z,live,ok,live_endpoint,,TTC-PULSE/alerts/raw_snapshots/alerts_20260418T143229Z.pb,TTC-PULSE/alerts/raw_snapshots/alerts_20260418T143229Z.pb,8034,057290d9ad85c4fabfb03b9f3f6494950dbeeca5f495a6c7f35c8af85e71e5b4,
alerts_sidecar_20260418T143259Z,2026-04-18T14:33:00Z,2026-04-18T14:32:59Z,2026-04-18T14:30:00Z,2026-04-18T15:00:00Z,live,ok,live_endpoint,,TTC-PULSE/alerts/raw_snapshots/alerts_20260418T143259Z.pb,TTC-PULSE/alerts/raw_snapshots/alerts_20260418T143259Z.pb,1433,6b885bae55d56808e2cbc5c9ec3b39d04223358e6635d1e321a1472cb93edd49,
alerts_sidecar_20260418T143259Z,2026-04-18T14:33:01Z,2026-04-18T14:32:59Z,2026-04-18T14:30:00Z,2026-04-18T15:00:00Z,live,ok,live_endpoint,,TTC-PULSE/alerts/raw_snapshots/alerts_20260418T143259Z.pb,TTC-PULSE/alerts/raw_snapshots/alerts_20260418T143259Z.pb,6311,1c6e5de9d637e9787a5cb7afa847265df2221dbda1d579d38d5c4bf945da426f,
alerts_sidecar_20260418T143259Z,2026-04-18T14:33:01Z,2026-04-18T14:32:59Z,2026-04-18T14:30:00Z,2026-04-18T15:00:00Z,live,ok,live_endpoint,,TTC-PULSE/alerts/raw_snapshots/alerts_20260418T143259Z.pb,TTC-PULSE/alerts/raw_snapshots/alerts_20260418T143259Z.pb,8034,180b4e1ca708b5bc8822feb8efa7aa7a1235eecac69007b12e5390609a0f68ed,
alerts_sidecar_20260418T143329Z,2026-04-18T14:33:29Z,2026-04-18T14:33:29Z,2026-04-18T14:30:00Z,2026-04-18T15:00:00Z,live,ok,live_endpoint,,TTC-PULSE/alerts/raw_snapshots/alerts_20260418T143329Z.pb,TTC-PULSE/alerts/raw_snapshots/alerts_20260418T143329Z.pb,1433,7b8f29cec17d97b44e53636bb061b19077834ea3fcdbb7f7a795465fd3359507,
alerts_sidecar_20260418T143329Z,2026-04-18T14:33:30Z,2026-04-18T14:33:29Z,2026-04-18T14:30:00Z,2026-04-18T15:00:00Z,live,ok,live_endpoint,,TTC-PULSE/alerts/raw_snapshots/alerts_20260418T143329Z.pb,TTC-PULSE/alerts/raw_snapshots/alerts_20260418T143329Z.pb,6311,47d67098b1d0aa854ad68accbb27042b875cfe697a25c847b88c8d239168e867,
alerts_sidecar_20260418T143329Z,2026-04-18T14:33:30Z,2026-04-18T14:33:29Z,2026-04-18T14:30:00Z,2026-04-18T15:00:00Z,live,ok,live_endpoint,,TTC-PULSE/alerts/raw_snapshots/alerts_20260418T143329Z.pb,TTC-PULSE/alerts/raw_snapshots/alerts_20260418T143329Z.pb,8034,44e804efc9cbc9b8c0143d080e6ec4cac41c96b7d001b89095ba293716803bae,
alerts_sidecar_20260418T143359Z,2026-04-18T14:34:00Z,2026-04-18T14:33:59Z,2026-04-18T14:30:00Z,2026-04-18T15:00:00Z,live,ok,live_endpoint,,TTC-PULSE/alerts/raw_snapshots/alerts_20260418T143359Z.pb,TTC-PULSE/alerts/raw_snapshots/alerts_20260418T143359Z.pb,1433,68d20f4a6031c0a64f5aa13059ecc29f8d9bccbcac8112f1c2e450859f12a54f,
alerts_sidecar_20260418T143359Z,2026-04-18T14:34:01Z,2026-04-18T14:33:59Z,2026-04-18T14:30:00Z,2026-04-18T15:00:00Z,live,ok,live_endpoint,,TTC-PULSE/alerts/raw_snapshots/alerts_20260418T143359Z.pb,TTC-PULSE/alerts/raw_snapshots/alerts_20260418T143359Z.pb,6311,63fbd0cee712a0e30e194e03900f9cf3a06d2aee963f29a96564111b977b9d68,
alerts_sidecar_20260418T143359Z,2026-04-18T14:34:01Z,2026-04-18T14:33:59Z,2026-04-18T14:30:00Z,2026-04-18T15:00:00Z,live,ok,live_endpoint,,TTC-PULSE/alerts/raw_snapshots/alerts_20260418T143359Z.pb,TTC-PULSE/alerts/raw_snapshots/alerts_20260418T143359Z.pb,8034,120b53eacebeaf1918a3822fd088b8da6da44ddfa0c610342998a1c2342deb78,
alerts_sidecar_20260418T143429Z,2026-04-18T14:34:30Z,2026-04-18T14:34:29Z,2026-04-18T14:30:00Z,2026-04-18T15:00:00Z,live,ok,live_endpoint,,TTC-PULSE/alerts/raw_snapshots/alerts_20260418T143429Z.pb,TTC-PULSE/alerts/raw_snapshots/alerts_20260418T143429Z.pb,1433,df9408ea807b9be1d35e7c64750005d3a471b5d91de3ac040a136e79b63d4b33,
alerts_sidecar_20260418T143429Z,2026-04-18T14:34:31Z,2026-04-18T14:34:29Z,2026-04-18T14:30:00Z,2026-04-18T15:00:00Z,live,ok,live_endpoint,,TTC-PULSE/alerts/raw_snapshots/alerts_20260418T143429Z.pb,TTC-PULSE/alerts/raw_snapshots/alerts_20260418T143429Z.pb,6311,33195c4ca3284c8fd5d1add66a6f3d8ac1ff6f9f9f80625f7084b7219d732ff4,
alerts_sidecar_20260418T143429Z,2026-04-18T14:34:31Z,2026-04-18T14:34:29Z,2026-04-18T14:30:00Z,2026-04-18T15:00:00Z,live,ok,live_endpoint,,TTC-PULSE/alerts/raw_snapshots/alerts_20260418T143429Z.pb,TTC-PULSE/alerts/raw_snapshots/alerts_20260418T143429Z.pb,8034,b58b9ff2ae545d17a7f3e31c4a0b588c6e2ac840901ac97552aa9cdc97093443,
alerts_sidecar_20260418T143459Z,2026-04-18T14:35:00Z,2026-04-18T14:34:59Z,2026-04-18T14:30:00Z,2026-04-18T15:00:00Z,live,ok,live_endpoint,,TTC-PULSE/alerts/raw_snapshots/alerts_20260418T143459Z.pb,TTC-PULSE/alerts/raw_snapshots/alerts_20260418T143459Z.pb,1433,fdd1b76391432159cbd92d6a04a392abfe02a73f799c4e766d8ba9617323436d,
alerts_sidecar_20260418T143459Z,2026-04-18T14:35:01Z,2026-04-18T14:34:59Z,2026-04-18T14:30:00Z,2026-04-18T15:00:00Z,live,ok,live_endpoint,,TTC-PULSE/alerts/raw_snapshots/alerts_20260418T143459Z.pb,TTC-PULSE/alerts/raw_snapshots/alerts_20260418T143459Z.pb,6311,316059f3840d1bd578e2f56a1e853c83fd8f826c5eef49ef85d73f7dd877728e,
alerts_sidecar_20260418T143459Z,2026-04-18T14:35:01Z,2026-04-18T14:34:59Z,2026-04-18T14:30:00Z,2026-04-18T15:00:00Z,live,ok,live_endpoint,,TTC-PULSE/alerts/raw_snapshots/alerts_20260418T143459Z.pb,TTC-PULSE/alerts/raw_snapshots/alerts_20260418T143459Z.pb,8034,8640a506d341e48fc43be33cb7128d8f42f72b8e3d4485131c597e654a811f28,
alerts_sidecar_20260418T143529Z,2026-04-18T14:35:30Z,2026-04-18T14:35:29Z,2026-04-18T14:30:00Z,2026-04-18T15:00:00Z,live,ok,live_endpoint,,TTC-PULSE/alerts/raw_snapshots/alerts_20260418T143529Z.pb,TTC-PULSE/alerts/raw_snapshots/alerts_20260418T143529Z.pb,1433,807d098b81639e68decaf60381d8509f29a9347a02df3a3ed52bea5bf740d5a5,
alerts_sidecar_20260418T143529Z,2026-04-18T14:35:31Z,2026-04-18T14:35:29Z,2026-04-18T14:30:00Z,2026-04-18T15:00:00Z,live,ok,live_endpoint,,TTC-PULSE/alerts/raw_snapshots/alerts_20260418T143529Z.pb,TTC-PULSE/alerts/raw_snapshots/alerts_20260418T143529Z.pb,6311,a0313984a4a52fc0bf078c1189a71c190457609d270ffdab4f51eda3fc00aa87,
alerts_sidecar_20260418T143529Z,2026-04-18T14:35:31Z,2026-04-18T14:35:29Z,2026-04-18T14:30:00Z,2026-04-18T15:00:00Z,live,ok,live_endpoint,,TTC-PULSE/alerts/raw_snapshots/alerts_20260418T143529Z.pb,TTC-PULSE/alerts/raw_snapshots/alerts_20260418T143529Z.pb,8034,2be522a9943fae62cdd170ffa9b5d4dc6c4abb82d64369e7f7e90d29c24c303a,
alerts_sidecar_20260418T143559Z,2026-04-18T14:36:00Z,2026-04-18T14:35:59Z,2026-04-18T14:30:00Z,2026-04-18T15:00:00Z,live,ok,live_endpoint,,TTC-PULSE/alerts/raw_snapshots/alerts_20260418T143559Z.pb,TTC-PULSE/alerts/raw_snapshots/alerts_20260418T143559Z.pb,1433,cd00c03dfdaa1b8f6046ce33b078084789ee2b8a7e5f992aa135fb6b9f1c388a,
alerts_sidecar_20260418T143559Z,2026-04-18T14:36:01Z,2026-04-18T14:35:59Z,2026-04-18T14:30:00Z,2026-04-18T15:00:00Z,live,ok,live_endpoint,,TTC-PULSE/alerts/raw_snapshots/alerts_20260418T143559Z.pb,TTC-PULSE/alerts/raw_snapshots/alerts_20260418T143559Z.pb,6311,a5f5edef5fc0ab99dd6901da523e7f9862c1639f3b60e87fb9d5a3cde390ff4f,
alerts_sidecar_20260418T143559Z,2026-04-18T14:36:01Z,2026-04-18T14:35:59Z,2026-04-18T14:30:00Z,2026-04-18T15:00:00Z,live,ok,live_endpoint,,TTC-PULSE/alerts/raw_snapshots/alerts_20260418T143559Z.pb,TTC-PULSE/alerts/raw_snapshots/alerts_20260418T143559Z.pb,8034,81e7c42015fc4b2fea1c3747b15fb97a7dded9f03d8a6fc7c2eb5725a24daaaf,
alerts_sidecar_20260418T143629Z,2026-04-18T14:36:30Z,2026-04-18T14:36:29Z,2026-04-18T14:30:00Z,2026-04-18T15:00:00Z,live,ok,live_endpoint,,TTC-PULSE/alerts/raw_snapshots/alerts_20260418T143629Z.pb,TTC-PULSE/alerts/raw_snapshots/alerts_20260418T143629Z.pb,1433,a9484817efe9676040c51589c61f5703a1bfd86e9f8163d9ce9b37a4fb94bd26,
alerts_sidecar_20260418T143629Z,2026-04-18T14:36:31Z,2026-04-18T14:36:29Z,2026-04-18T14:30:00Z,2026-04-18T15:00:00Z,live,ok,live_endpoint,,TTC-PULSE/alerts/raw_snapshots/alerts_20260418T143629Z.pb,TTC-PULSE/alerts/raw_snapshots/alerts_20260418T143629Z.pb,6311,d46d86ccf4512c044df889d73a4098104f4ecd74d32e57507b4fa7414211c009,
alerts_sidecar_20260418T143629Z,2026-04-18T14:36:31Z,2026-04-18T14:36:29Z,2026-04-18T14:30:00Z,2026-04-18T15:00:00Z,live,ok,live_endpoint,,TTC-PULSE/alerts/raw_snapshots/alerts_20260418T143629Z.pb,TTC-PULSE/alerts/raw_snapshots/alerts_20260418T143629Z.pb,8034,771eca730c7de25bcab2aabe628eb4098254b422f8ecb43f26e0635abd307c39,
alerts_sidecar_20260418T143659Z,2026-04-18T14:37:00Z,2026-04-18T14:36:59Z,2026-04-18T14:30:00Z,2026-04-18T15:00:00Z,live,ok,live_endpoint,,TTC-PULSE/alerts/raw_snapshots/alerts_20260418T143659Z.pb,TTC-PULSE/alerts/raw_snapshots/alerts_20260418T143659Z.pb,1433,bb1444a33cf4b2209d673f06b65ee3b43af5536b386a74cd7f76885a45ea24ee,
alerts_sidecar_20260418T143659Z,2026-04-18T14:37:01Z,2026-04-18T14:36:59Z,2026-04-18T14:30:00Z,2026-04-18T15:00:00Z,live,ok,live_endpoint,,TTC-PULSE/alerts/raw_snapshots/alerts_20260418T143659Z.pb,TTC-PULSE/alerts/raw_snapshots/alerts_20260418T143659Z.pb,6311,38658a82714ec8fc6871239c517c494dcc910d43bd71a040fd4e88eafb190fc5,
alerts_sidecar_20260418T143659Z,2026-04-18T14:37:01Z,2026-04-18T14:36:59Z,2026-04-18T14:30:00Z,2026-04-18T15:00:00Z,live,ok,live_endpoint,,TTC-PULSE/alerts/raw_snapshots/alerts_20260418T143659Z.pb,TTC-PULSE/alerts/raw_snapshots/alerts_20260418T143659Z.pb,8034,b0859c1ccc0b58fccf1da7c940ecb79696504cfff85bcd87827b89aced0a3ff6,
alerts_sidecar_20260418T143729Z,2026-04-18T14:37:30Z,2026-04-18T14:37:29Z,2026-04-18T14:30:00Z,2026-04-18T15:00:00Z,live,ok,live_endpoint,,TTC-PULSE/alerts/raw_snapshots/alerts_20260418T143729Z.pb,TTC-PULSE/alerts/raw_snapshots/alerts_20260418T143729Z.pb,1433,536f5c445314b4e1dc03d530ad7f2cbffd485df556d32303f27059a8e181bf9b,
alerts_sidecar_20260418T143729Z,2026-04-18T14:37:31Z,2026-04-18T14:37:29Z,2026-04-18T14:30:00Z,2026-04-18T15:00:00Z,live,ok,live_endpoint,,TTC-PULSE/alerts/raw_snapshots/alerts_20260418T143729Z.pb,TTC-PULSE/alerts/raw_snapshots/alerts_20260418T143729Z.pb,6311,1464c1957f2a12330d91fa7b92a3c101becbbce36880806423fc59ad94bac149,
alerts_sidecar_20260418T143729Z,2026-04-18T14:37:31Z,2026-04-18T14:37:29Z,2026-04-18T14:30:00Z,2026-04-18T15:00:00Z,live,ok,live_endpoint,,TTC-PULSE/alerts/raw_snapshots/alerts_20260418T143729Z.pb,TTC-PULSE/alerts/raw_snapshots/alerts_20260418T143729Z.pb,8034,dc5a1796e287def57d809d1b481d86f0c993c326420e3540888ca565454b7947,
alerts_sidecar_20260418T143759Z,2026-04-18T14:38:00Z,2026-04-18T14:37:59Z,2026-04-18T14:30:00Z,2026-04-18T15:00:00Z,live,ok,live_endpoint,,TTC-PULSE/alerts/raw_snapshots/alerts_20260418T143759Z.pb,TTC-PULSE/alerts/raw_snapshots/alerts_20260418T143759Z.pb,1433,49989809c89403a42207257004e9b1f300c0028efff9491014c946eb35c7cf12,
alerts_sidecar_20260418T143759Z,2026-04-18T14:38:01Z,2026-04-18T14:37:59Z,2026-04-18T14:30:00Z,2026-04-18T15:00:00Z,live,ok,live_endpoint,,TTC-PULSE/alerts/raw_snapshots/alerts_20260418T143759Z.pb,TTC-PULSE/alerts/raw_snapshots/alerts_20260418T143759Z.pb,6311,f99b922ae52c3a0cabbfb3df501dbd6ba126d74ea4f77b156e4327dcc11f8e0b,
alerts_sidecar_20260418T143759Z,2026-04-18T14:38:01Z,2026-04-18T14:37:59Z,2026-04-18T14:30:00Z,2026-04-18T15:00:00Z,live,ok,live_endpoint,,TTC-PULSE/alerts/raw_snapshots/alerts_20260418T143759Z.pb,TTC-PULSE/alerts/raw_snapshots/alerts_20260418T143759Z.pb,8034,b277894cb2bdc614eaddd695619283e7e5f95476db9b9e9ab583f14bcf33ae45,
alerts_sidecar_20260418T143829Z,2026-04-18T14:38:30Z,2026-04-18T14:38:29Z,2026-04-18T14:30:00Z,2026-04-18T15:00:00Z,live,ok,live_endpoint,,TTC-PULSE/alerts/raw_snapshots/alerts_20260418T143829Z.pb,TTC-PULSE/alerts/raw_snapshots/alerts_20260418T143829Z.pb,1433,e884c46419e3f1ce36268d156d9a77453ab5e8c69ddd7a0df0831120ed5b24cc,
alerts_sidecar_20260418T143829Z,2026-04-18T14:38:31Z,2026-04-18T14:38:29Z,2026-04-18T14:30:00Z,2026-04-18T15:00:00Z,live,ok,live_endpoint,,TTC-PULSE/alerts/raw_snapshots/alerts_20260418T143829Z.pb,TTC-PULSE/alerts/raw_snapshots/alerts_20260418T143829Z.pb,6311,357d83a9f95136d066da9abe0711c8466fde27265e106201839c2bfb0f527128,
alerts_sidecar_20260418T143829Z,2026-04-18T14:38:31Z,2026-04-18T14:38:29Z,2026-04-18T14:30:00Z,2026-04-18T15:00:00Z,live,ok,live_endpoint,,TTC-PULSE/alerts/raw_snapshots/alerts_20260418T143829Z.pb,TTC-PULSE/alerts/raw_snapshots/alerts_20260418T143829Z.pb,8034,455b319f9e8fcae48b90ff7a820c44205958bbe9abb21b19dcbbae75bd3b9690,
alerts_sidecar_20260418T143859Z,2026-04-18T14:39:00Z,2026-04-18T14:38:59Z,2026-04-18T14:30:00Z,2026-04-18T15:00:00Z,live,ok,live_endpoint,,TTC-PULSE/alerts/raw_snapshots/alerts_20260418T143859Z.pb,TTC-PULSE/alerts/raw_snapshots/alerts_20260418T143859Z.pb,1433,81ed54e53622c6b63e99bae39cc1c9276cec3197604f0813096e25993a6b83a4,
alerts_sidecar_20260418T143859Z,2026-04-18T14:39:01Z,2026-04-18T14:38:59Z,2026-04-18T14:30:00Z,2026-04-18T15:00:00Z,live,ok,live_endpoint,,TTC-PULSE/alerts/raw_snapshots/alerts_20260418T143859Z.pb,TTC-PULSE/alerts/raw_snapshots/alerts_20260418T143859Z.pb,6311,24048558b839f3dfec278680239e8ca16a37d19c1b942f04237f862c8dc26523,
alerts_sidecar_20260418T143859Z,2026-04-18T14:39:01Z,2026-04-18T14:38:59Z,2026-04-18T14:30:00Z,2026-04-18T15:00:00Z,live,ok,live_endpoint,,TTC-PULSE/alerts/raw_snapshots/alerts_20260418T143859Z.pb,TTC-PULSE/alerts/raw_snapshots/alerts_20260418T143859Z.pb,8034,d8f1ec8abb286889d885614e5b68a7a4a242f3500ed47a744a31ed16fd304dbb,
alerts_sidecar_20260418T143929Z,2026-04-18T14:39:30Z,2026-04-18T14:39:29Z,2026-04-18T14:30:00Z,2026-04-18T15:00:00Z,live,ok,live_endpoint,,TTC-PULSE/alerts/raw_snapshots/alerts_20260418T143929Z.pb,TTC-PULSE/alerts/raw_snapshots/alerts_20260418T143929Z.pb,1433,b06d7e285213add9a9dfe638ae710e48d416f74e05300b3474edad7af89771c9,
alerts_sidecar_20260418T143929Z,2026-04-18T14:39:31Z,2026-04-18T14:39:29Z,2026-04-18T14:30:00Z,2026-04-18T15:00:00Z,live,ok,live_endpoint,,TTC-PULSE/alerts/raw_snapshots/alerts_20260418T143929Z.pb,TTC-PULSE/alerts/raw_snapshots/alerts_20260418T143929Z.pb,6311,9f8f36f91d130e56d58e48e6d9c5a1b5ae2fddc3401b902936038094c281af3c,
alerts_sidecar_20260418T143929Z,2026-04-18T14:39:31Z,2026-04-18T14:39:29Z,2026-04-18T14:30:00Z,2026-04-18T15:00:00Z,live,ok,live_endpoint,,TTC-PULSE/alerts/raw_snapshots/alerts_20260418T143929Z.pb,TTC-PULSE/alerts/raw_snapshots/alerts_20260418T143929Z.pb,8034,b234a12ef2d145192dc7d64b45b09f5d98cd38312caa905244c1bc424c9f9b59,
alerts_sidecar_20260418T143959Z,2026-04-18T14:40:00Z,2026-04-18T14:39:59Z,2026-04-18T14:30:00Z,2026-04-18T15:00:00Z,live,ok,live_endpoint,,TTC-PULSE/alerts/raw_snapshots/alerts_20260418T143959Z.pb,TTC-PULSE/alerts/raw_snapshots/alerts_20260418T143959Z.pb,1433,9329f13f465bb6d0d391383edff389db4d88dfffd7801199161345f6636578cf,
alerts_sidecar_20260418T143959Z,2026-04-18T14:40:01Z,2026-04-18T14:39:59Z,2026-04-18T14:30:00Z,2026-04-18T15:00:00Z,live,ok,live_endpoint,,TTC-PULSE/alerts/raw_snapshots/alerts_20260418T143959Z.pb,TTC-PULSE/alerts/raw_snapshots/alerts_20260418T143959Z.pb,6311,d40d50645cfe63782287b2a0ab3a7c1ab25b52896c4d42512f0d13764ae460f2,
alerts_sidecar_20260418T143959Z,2026-04-18T14:40:01Z,2026-04-18T14:39:59Z,2026-04-18T14:30:00Z,2026-04-18T15:00:00Z,live,ok,live_endpoint,,TTC-PULSE/alerts/raw_snapshots/alerts_20260418T143959Z.pb,TTC-PULSE/alerts/raw_snapshots/alerts_20260418T143959Z.pb,8034,e8d527d5985a4984a8701c62258d56c54757dee58ba002edd317cff1dd04ea18,
alerts_sidecar_20260418T144029Z,2026-04-18T14:40:30Z,2026-04-18T14:40:29Z,2026-04-18T14:30:00Z,2026-04-18T15:00:00Z,live,ok,live_endpoint,,TTC-PULSE/alerts/raw_snapshots/alerts_20260418T144029Z.pb,TTC-PULSE/alerts/raw_snapshots/alerts_20260418T144029Z.pb,1433,fb14381dfce545ed7b3bf508fbb98ebd00ba88dacbbb757fe901686f0dd7e5ba,
alerts_sidecar_20260418T144029Z,2026-04-18T14:40:31Z,2026-04-18T14:40:29Z,2026-04-18T14:30:00Z,2026-04-18T15:00:00Z,live,ok,live_endpoint,,TTC-PULSE/alerts/raw_snapshots/alerts_20260418T144029Z.pb,TTC-PULSE/alerts/raw_snapshots/alerts_20260418T144029Z.pb,6311,d597b3652870950a859f364be4cbf3470aa2bf736cd439a4beca66f551d569ae,
alerts_sidecar_20260418T144029Z,2026-04-18T14:40:31Z,2026-04-18T14:40:29Z,2026-04-18T14:30:00Z,2026-04-18T15:00:00Z,live,ok,live_endpoint,,TTC-PULSE/alerts/raw_snapshots/alerts_20260418T144029Z.pb,TTC-PULSE/alerts/raw_snapshots/alerts_20260418T144029Z.pb,8034,213a4cd6dbcc88f4879014f1133b38d61c430faf6a9fdb536655bf4c094b4c1d,
alerts_sidecar_20260418T144059Z,2026-04-18T14:41:00Z,2026-04-18T14:40:59Z,2026-04-18T14:30:00Z,2026-04-18T15:00:00Z,live,ok,live_endpoint,,TTC-PULSE/alerts/raw_snapshots/alerts_20260418T144059Z.pb,TTC-PULSE/alerts/raw_snapshots/alerts_20260418T144059Z.pb,1433,45e99de2ff4d3864b3582a0f7d2c2787f38359f68d0394eddc1da073d8a7e924,
alerts_sidecar_20260418T144059Z,2026-04-18T14:41:01Z,2026-04-18T14:40:59Z,2026-04-18T14:30:00Z,2026-04-18T15:00:00Z,live,ok,live_endpoint,,TTC-PULSE/alerts/raw_snapshots/alerts_20260418T144059Z.pb,TTC-PULSE/alerts/raw_snapshots/alerts_20260418T144059Z.pb,6311,8d27acb102fc3a8b537b0b9a6576c539dd0784adb56a1156fef002992d93a7e2,
alerts_sidecar_20260418T144059Z,2026-04-18T14:41:01Z,2026-04-18T14:40:59Z,2026-04-18T14:30:00Z,2026-04-18T15:00:00Z,live,ok,live_endpoint,,TTC-PULSE/alerts/raw_snapshots/alerts_20260418T144059Z.pb,TTC-PULSE/alerts/raw_snapshots/alerts_20260418T144059Z.pb,8034,91a9834df4102bdee4ffce348a92cb1b1db0cb67a8ada717218472295b6688c8,
alerts_sidecar_20260418T144129Z,2026-04-18T14:41:30Z,2026-04-18T14:41:29Z,2026-04-18T14:30:00Z,2026-04-18T15:00:00Z,live,ok,live_endpoint,,TTC-PULSE/alerts/raw_snapshots/alerts_20260418T144129Z.pb,TTC-PULSE/alerts/raw_snapshots/alerts_20260418T144129Z.pb,1433,541cf4e10a17c97b667e350c9016c2d40a901918395e4c11f3ad46e0359aaa9a,
alerts_sidecar_20260418T144129Z,2026-04-18T14:41:31Z,2026-04-18T14:41:29Z,2026-04-18T14:30:00Z,2026-04-18T15:00:00Z,live,ok,live_endpoint,,TTC-PULSE/alerts/raw_snapshots/alerts_20260418T144129Z.pb,TTC-PULSE/alerts/raw_snapshots/alerts_20260418T144129Z.pb,6311,2c09b0adf06a4e400dc1740f354a266d2914b4843162647f14fb78400edf3582,
alerts_sidecar_20260418T144129Z,2026-04-18T14:41:31Z,2026-04-18T14:41:29Z,2026-04-18T14:30:00Z,2026-04-18T15:00:00Z,live,ok,live_endpoint,,TTC-PULSE/alerts/raw_snapshots/alerts_20260418T144129Z.pb,TTC-PULSE/alerts/raw_snapshots/alerts_20260418T144129Z.pb,8034,6ccbac9bccad21e3be57a0863aad2398cc18b2d6ee3b5691edc31eadad1aa9eb,
alerts_sidecar_20260418T144159Z,2026-04-18T14:42:00Z,2026-04-18T14:41:59Z,2026-04-18T14:30:00Z,2026-04-18T15:00:00Z,live,ok,live_endpoint,,TTC-PULSE/alerts/raw_snapshots/alerts_20260418T144159Z.pb,TTC-PULSE/alerts/raw_snapshots/alerts_20260418T144159Z.pb,1433,8742a6bd74bb47fe62e0ea24c307fe902a9a6cc79de26ec15e4edb2dc4d9cc45,
alerts_sidecar_20260418T144159Z,2026-04-18T14:42:01Z,2026-04-18T14:41:59Z,2026-04-18T14:30:00Z,2026-04-18T15:00:00Z,live,ok,live_endpoint,,TTC-PULSE/alerts/raw_snapshots/alerts_20260418T144159Z.pb,TTC-PULSE/alerts/raw_snapshots/alerts_20260418T144159Z.pb,6311,9ce31b5ec043adbb4c3cc9d18ce7eecc2479ce9a45b4225645fe758219583587,
alerts_sidecar_20260418T144159Z,2026-04-18T14:42:01Z,2026-04-18T14:41:59Z,2026-04-18T14:30:00Z,2026-04-18T15:00:00Z,live,ok,live_endpoint,,TTC-PULSE/alerts/raw_snapshots/alerts_20260418T144159Z.pb,TTC-PULSE/alerts/raw_snapshots/alerts_20260418T144159Z.pb,8034,8f3837b8b3f0581832de880e433d3a101bf2ac71dc0cbeb7bd774d64e270e6fc,
alerts_sidecar_20260418T144229Z,2026-04-18T14:42:30Z,2026-04-18T14:42:29Z,2026-04-18T14:30:00Z,2026-04-18T15:00:00Z,live,ok,live_endpoint,,TTC-PULSE/alerts/raw_snapshots/alerts_20260418T144229Z.pb,TTC-PULSE/alerts/raw_snapshots/alerts_20260418T144229Z.pb,1433,d828f2cb0f832999d9e9d7aeb1583e96e1c12e153ea82617939ad8c4202fbba2,
alerts_sidecar_20260418T144229Z,2026-04-18T14:42:31Z,2026-04-18T14:42:29Z,2026-04-18T14:30:00Z,2026-04-18T15:00:00Z,live,ok,live_endpoint,,TTC-PULSE/alerts/raw_snapshots/alerts_20260418T144229Z.pb,TTC-PULSE/alerts/raw_snapshots/alerts_20260418T144229Z.pb,6311,09b1eb19fdf2cde6b449ea7731fad28dedae193b871404966dd90a6182a2fc89,
alerts_sidecar_20260418T144229Z,2026-04-18T14:42:31Z,2026-04-18T14:42:29Z,2026-04-18T14:30:00Z,2026-04-18T15:00:00Z,live,ok,live_endpoint,,TTC-PULSE/alerts/raw_snapshots/alerts_20260418T144229Z.pb,TTC-PULSE/alerts/raw_snapshots/alerts_20260418T144229Z.pb,8034,18a5cdab138735683cc34b0964f089deb6f18aa7d4b1d240a242ab5cbad198e5,
alerts_sidecar_20260418T144259Z,2026-04-18T14:42:59Z,2026-04-18T14:42:59Z,2026-04-18T14:30:00Z,2026-04-18T15:00:00Z,live,ok,live_endpoint,,TTC-PULSE/alerts/raw_snapshots/alerts_20260418T144259Z.pb,TTC-PULSE/alerts/raw_snapshots/alerts_20260418T144259Z.pb,1433,f6c45118c97d669149a8929ef253378a4db70378410009c8dbb347e4a5862084,
alerts_sidecar_20260418T144259Z,2026-04-18T14:43:00Z,2026-04-18T14:42:59Z,2026-04-18T14:30:00Z,2026-04-18T15:00:00Z,live,ok,live_endpoint,,TTC-PULSE/alerts/raw_snapshots/alerts_20260418T144259Z.pb,TTC-PULSE/alerts/raw_snapshots/alerts_20260418T144259Z.pb,6311,c83c938c6be0ff45c771db2937cff036dede2541009637d446bf5feef3d3c1ff,
alerts_sidecar_20260418T144259Z,2026-04-18T14:43:00Z,2026-04-18T14:42:59Z,2026-04-18T14:30:00Z,2026-04-18T15:00:00Z,live,ok,live_endpoint,,TTC-PULSE/alerts/raw_snapshots/alerts_20260418T144259Z.pb,TTC-PULSE/alerts/raw_snapshots/alerts_20260418T144259Z.pb,8034,a9386e3c33061666d8cda4bac3edbe4a34bb163d7c45430cb86dcd52cf22d053,
alerts_sidecar_20260418T144329Z,2026-04-18T14:43:30Z,2026-04-18T14:43:29Z,2026-04-18T14:30:00Z,2026-04-18T15:00:00Z,live,ok,live_endpoint,,TTC-PULSE/alerts/raw_snapshots/alerts_20260418T144329Z.pb,TTC-PULSE/alerts/raw_snapshots/alerts_20260418T144329Z.pb,1433,41d4345a47413d86a0eed41b75417f4ea524f45d615026aa5a88ba58248e091e,
alerts_sidecar_20260418T144329Z,2026-04-18T14:43:30Z,2026-04-18T14:43:29Z,2026-04-18T14:30:00Z,2026-04-18T15:00:00Z,live,ok,live_endpoint,,TTC-PULSE/alerts/raw_snapshots/alerts_20260418T144329Z.pb,TTC-PULSE/alerts/raw_snapshots/alerts_20260418T144329Z.pb,6311,6aae8b433237b07748b2a5cf0b7c7908928999485472700113ccaf84939bb1d5,
alerts_sidecar_20260418T144329Z,2026-04-18T14:43:30Z,2026-04-18T14:43:29Z,2026-04-18T14:30:00Z,2026-04-18T15:00:00Z,live,ok,live_endpoint,,TTC-PULSE/alerts/raw_snapshots/alerts_20260418T144329Z.pb,TTC-PULSE/alerts/raw_snapshots/alerts_20260418T144329Z.pb,8034,6b370a3d06b9e691216ffc57ef29e50a213eb0dbf420fed9c17f2c94bc21abdd,
alerts_sidecar_20260418T144359Z,2026-04-18T14:44:00Z,2026-04-18T14:43:59Z,2026-04-18T14:30:00Z,2026-04-18T15:00:00Z,live,ok,live_endpoint,,TTC-PULSE/alerts/raw_snapshots/alerts_20260418T144359Z.pb,TTC-PULSE/alerts/raw_snapshots/alerts_20260418T144359Z.pb,1433,848e997a8abdfc44e86ba85b71bd2e7a6d41581f68e5846e7037500dbe23461d,
alerts_sidecar_20260418T144359Z,2026-04-18T14:44:01Z,2026-04-18T14:43:59Z,2026-04-18T14:30:00Z,2026-04-18T15:00:00Z,live,ok,live_endpoint,,TTC-PULSE/alerts/raw_snapshots/alerts_20260418T144359Z.pb,TTC-PULSE/alerts/raw_snapshots/alerts_20260418T144359Z.pb,6311,f230e230cec2a7571ab9b18c760e6557c04c8f8dc3ea3288ccea330e1c8c5b18,
alerts_sidecar_20260418T144359Z,2026-04-18T14:44:01Z,2026-04-18T14:43:59Z,2026-04-18T14:30:00Z,2026-04-18T15:00:00Z,live,ok,live_endpoint,,TTC-PULSE/alerts/raw_snapshots/alerts_20260418T144359Z.pb,TTC-PULSE/alerts/raw_snapshots/alerts_20260418T144359Z.pb,8034,c2aa8777419d5736799979e6b27eb41a2e024f9ddbab8fa7775aad35f2b9a062,
alerts_sidecar_20260418T144429Z,2026-04-18T14:44:29Z,2026-04-18T14:44:29Z,2026-04-18T14:30:00Z,2026-04-18T15:00:00Z,live,ok,live_endpoint,,TTC-PULSE/alerts/raw_snapshots/alerts_20260418T144429Z.pb,TTC-PULSE/alerts/raw_snapshots/alerts_20260418T144429Z.pb,1433,015d62eca70faf467dec735b8e935e275a03d7703673b4cb8245b4cda984864b,
alerts_sidecar_20260418T144429Z,2026-04-18T14:44:30Z,2026-04-18T14:44:29Z,2026-04-18T14:30:00Z,2026-04-18T15:00:00Z,live,ok,live_endpoint,,TTC-PULSE/alerts/raw_snapshots/alerts_20260418T144429Z.pb,TTC-PULSE/alerts/raw_snapshots/alerts_20260418T144429Z.pb,6311,8304f942490e3a40c518f3f89839493a599f7a7e8b3125956d4acaee59e0fab5,
alerts_sidecar_20260418T144429Z,2026-04-18T14:44:30Z,2026-04-18T14:44:29Z,2026-04-18T14:30:00Z,2026-04-18T15:00:00Z,live,ok,live_endpoint,,TTC-PULSE/alerts/raw_snapshots/alerts_20260418T144429Z.pb,TTC-PULSE/alerts/raw_snapshots/alerts_20260418T144429Z.pb,8034,76253d826e5bb1b481f4ab8004d3cf33fd594a3acc296b49e44075706bff35d4,
alerts_sidecar_20260418T144459Z,2026-04-18T14:45:00Z,2026-04-18T14:44:59Z,2026-04-18T14:30:00Z,2026-04-18T15:00:00Z,live,ok,live_endpoint,,TTC-PULSE/alerts/raw_snapshots/alerts_20260418T144459Z.pb,TTC-PULSE/alerts/raw_snapshots/alerts_20260418T144459Z.pb,1433,cd9749a2671bcd822e21a976b4ee0320d9ce09ce08f621138a017be2401a6bb9,
alerts_sidecar_20260418T144459Z,2026-04-18T14:45:01Z,2026-04-18T14:44:59Z,2026-04-18T14:30:00Z,2026-04-18T15:00:00Z,live,ok,live_endpoint,,TTC-PULSE/alerts/raw_snapshots/alerts_20260418T144459Z.pb,TTC-PULSE/alerts/raw_snapshots/alerts_20260418T144459Z.pb,6311,3e0a846697f6b6976a21fb0ab3ccd0998c7d9f30a970592217c93ae2ea87e764,
alerts_sidecar_20260418T144459Z,2026-04-18T14:45:01Z,2026-04-18T14:44:59Z,2026-04-18T14:30:00Z,2026-04-18T15:00:00Z,live,ok,live_endpoint,,TTC-PULSE/alerts/raw_snapshots/alerts_20260418T144459Z.pb,TTC-PULSE/alerts/raw_snapshots/alerts_20260418T144459Z.pb,8034,795b1c631d8e26b44302118ff3e853a6a84cc91d65877234dac398d0b6775292,
alerts_sidecar_20260418T144529Z,2026-04-18T14:45:30Z,2026-04-18T14:45:29Z,2026-04-18T14:30:00Z,2026-04-18T15:00:00Z,live,ok,live_endpoint,,TTC-PULSE/alerts/raw_snapshots/alerts_20260418T144529Z.pb,TTC-PULSE/alerts/raw_snapshots/alerts_20260418T144529Z.pb,1433,41ca5c01fdcfc45747a3a042fb1efd3cf3254e819ae06bd0dbaa8d6b0aa28961,
alerts_sidecar_20260418T144529Z,2026-04-18T14:45:31Z,2026-04-18T14:45:29Z,2026-04-18T14:30:00Z,2026-04-18T15:00:00Z,live,ok,live_endpoint,,TTC-PULSE/alerts/raw_snapshots/alerts_20260418T144529Z.pb,TTC-PULSE/alerts/raw_snapshots/alerts_20260418T144529Z.pb,6311,d7f9d400d4ca0299d22ffdfe240028219e75d1d5f8188b8f4b4bd5fb12606f8c,
alerts_sidecar_20260418T144529Z,2026-04-18T14:45:31Z,2026-04-18T14:45:29Z,2026-04-18T14:30:00Z,2026-04-18T15:00:00Z,live,ok,live_endpoint,,TTC-PULSE/alerts/raw_snapshots/alerts_20260418T144529Z.pb,TTC-PULSE/alerts/raw_snapshots/alerts_20260418T144529Z.pb,8034,df77e187721f619e9dec9984056d601e3efdfe3cee232888c8388f43f36b0e31,
alerts_sidecar_20260418T144559Z,2026-04-18T14:46:00Z,2026-04-18T14:45:59Z,2026-04-18T14:30:00Z,2026-04-18T15:00:00Z,live,ok,live_endpoint,,TTC-PULSE/alerts/raw_snapshots/alerts_20260418T144559Z.pb,TTC-PULSE/alerts/raw_snapshots/alerts_20260418T144559Z.pb,1433,8fff7592ac218e0f8a711a25f65a1e4231b839e0bafbeaba6b53769bb1d545a0,
alerts_sidecar_20260418T144559Z,2026-04-18T14:46:01Z,2026-04-18T14:45:59Z,2026-04-18T14:30:00Z,2026-04-18T15:00:00Z,live,ok,live_endpoint,,TTC-PULSE/alerts/raw_snapshots/alerts_20260418T144559Z.pb,TTC-PULSE/alerts/raw_snapshots/alerts_20260418T144559Z.pb,6311,cc0f91250c92fc24e489eddc0ae0b406b232732150484d03f317767ec7b7d7c6,
alerts_sidecar_20260418T144559Z,2026-04-18T14:46:01Z,2026-04-18T14:45:59Z,2026-04-18T14:30:00Z,2026-04-18T15:00:00Z,live,ok,live_endpoint,,TTC-PULSE/alerts/raw_snapshots/alerts_20260418T144559Z.pb,TTC-PULSE/alerts/raw_snapshots/alerts_20260418T144559Z.pb,8034,b6fb1994f5d8f41c524bec49e9b7318d93f270e8bf187d325b94b6fc3840bae0,
alerts_sidecar_20260418T144629Z,2026-04-18T14:46:30Z,2026-04-18T14:46:29Z,2026-04-18T14:30:00Z,2026-04-18T15:00:00Z,live,ok,live_endpoint,,TTC-PULSE/alerts/raw_snapshots/alerts_20260418T144629Z.pb,TTC-PULSE/alerts/raw_snapshots/alerts_20260418T144629Z.pb,1433,470954e50b6ac74fc57da3e36d6c138436393e55321807900381e3d85d21bead,
alerts_sidecar_20260418T144629Z,2026-04-18T14:46:31Z,2026-04-18T14:46:29Z,2026-04-18T14:30:00Z,2026-04-18T15:00:00Z,live,ok,live_endpoint,,TTC-PULSE/alerts/raw_snapshots/alerts_20260418T144629Z.pb,TTC-PULSE/alerts/raw_snapshots/alerts_20260418T144629Z.pb,6311,9b5f0897babaf01464814f9e31f1f25a7b7f3dd7014ff3393748689b09cbf807,
alerts_sidecar_20260418T144629Z,2026-04-18T14:46:31Z,2026-04-18T14:46:29Z,2026-04-18T14:30:00Z,2026-04-18T15:00:00Z,live,ok,live_endpoint,,TTC-PULSE/alerts/raw_snapshots/alerts_20260418T144629Z.pb,TTC-PULSE/alerts/raw_snapshots/alerts_20260418T144629Z.pb,8034,096e1661d14a77e3c70d0a03f70be6f30e6c4257acbfb91af5685b44064241a3,
alerts_sidecar_20260418T144659Z,2026-04-18T14:47:00Z,2026-04-18T14:46:59Z,2026-04-18T14:30:00Z,2026-04-18T15:00:00Z,live,ok,live_endpoint,,TTC-PULSE/alerts/raw_snapshots/alerts_20260418T144659Z.pb,TTC-PULSE/alerts/raw_snapshots/alerts_20260418T144659Z.pb,1433,8cf79076dc670d539536f239ecd764af6bd9713f9b9a0315c7779d74e17bf9aa,
alerts_sidecar_20260418T144659Z,2026-04-18T14:47:01Z,2026-04-18T14:46:59Z,2026-04-18T14:30:00Z,2026-04-18T15:00:00Z,live,ok,live_endpoint,,TTC-PULSE/alerts/raw_snapshots/alerts_20260418T144659Z.pb,TTC-PULSE/alerts/raw_snapshots/alerts_20260418T144659Z.pb,6311,874fadfc02d81c3e3b38a3421cfbbb5e61a2771ad80a90d7e6b6afd63123337c,
alerts_sidecar_20260418T144659Z,2026-04-18T14:47:01Z,2026-04-18T14:46:59Z,2026-04-18T14:30:00Z,2026-04-18T15:00:00Z,live,ok,live_endpoint,,TTC-PULSE/alerts/raw_snapshots/alerts_20260418T144659Z.pb,TTC-PULSE/alerts/raw_snapshots/alerts_20260418T144659Z.pb,8034,3d01aa76173ac07e340a89bc41d0c0ee758d955bdb7f5d33a1f340ca1a1ea590,
alerts_sidecar_20260418T144729Z,2026-04-18T14:47:29Z,2026-04-18T14:47:29Z,2026-04-18T14:30:00Z,2026-04-18T15:00:00Z,live,ok,live_endpoint,,TTC-PULSE/alerts/raw_snapshots/alerts_20260418T144729Z.pb,TTC-PULSE/alerts/raw_snapshots/alerts_20260418T144729Z.pb,1433,4834b2c95d6d3cc896313374af81e831d46d4e5154417b08c648fbea778882ef,
alerts_sidecar_20260418T144729Z,2026-04-18T14:47:30Z,2026-04-18T14:47:29Z,2026-04-18T14:30:00Z,2026-04-18T15:00:00Z,live,ok,live_endpoint,,TTC-PULSE/alerts/raw_snapshots/alerts_20260418T144729Z.pb,TTC-PULSE/alerts/raw_snapshots/alerts_20260418T144729Z.pb,6311,c9a619a24e99565bfc42ae989ded8b7148f9edad0c4941c6f53084945d56398f,
alerts_sidecar_20260418T144729Z,2026-04-18T14:47:30Z,2026-04-18T14:47:29Z,2026-04-18T14:30:00Z,2026-04-18T15:00:00Z,live,ok,live_endpoint,,TTC-PULSE/alerts/raw_snapshots/alerts_20260418T144729Z.pb,TTC-PULSE/alerts/raw_snapshots/alerts_20260418T144729Z.pb,8034,d109f3be5e1c4f840ca95ccf08e5b9f5e335ad18d517bd9024214aac2bcd3e4a,
alerts_sidecar_20260418T144759Z,2026-04-18T14:47:59Z,2026-04-18T14:47:59Z,2026-04-18T14:30:00Z,2026-04-18T15:00:00Z,live,ok,live_endpoint,,TTC-PULSE/alerts/raw_snapshots/alerts_20260418T144759Z.pb,TTC-PULSE/alerts/raw_snapshots/alerts_20260418T144759Z.pb,1433,931e4b5edf3abe63fd19e3856751df023942002f529a50ef61c7c9ab78ab600a,
alerts_sidecar_20260418T144759Z,2026-04-18T14:48:00Z,2026-04-18T14:47:59Z,2026-04-18T14:30:00Z,2026-04-18T15:00:00Z,live,ok,live_endpoint,,TTC-PULSE/alerts/raw_snapshots/alerts_20260418T144759Z.pb,TTC-PULSE/alerts/raw_snapshots/alerts_20260418T144759Z.pb,6311,1d9f1e48e002dc152c6b1b0ec2ab35659d45ac4ab471bb5abc3e053ae47bcf43,
alerts_sidecar_20260418T144759Z,2026-04-18T14:48:01Z,2026-04-18T14:47:59Z,2026-04-18T14:30:00Z,2026-04-18T15:00:00Z,live,ok,live_endpoint,,TTC-PULSE/alerts/raw_snapshots/alerts_20260418T144759Z.pb,TTC-PULSE/alerts/raw_snapshots/alerts_20260418T144759Z.pb,8034,1c12bfd13285f1ab1cb5d55efd2f1817ba2354f5cc029d7a0e1fc03e58ed6c30,
alerts_sidecar_20260418T144829Z,2026-04-18T14:48:31Z,2026-04-18T14:48:29Z,2026-04-18T14:30:00Z,2026-04-18T15:00:00Z,live,ok,live_endpoint,,TTC-PULSE/alerts/raw_snapshots/alerts_20260418T144829Z.pb,TTC-PULSE/alerts/raw_snapshots/alerts_20260418T144829Z.pb,1433,13f1e1a671d69404cecc44f910b2d41a0512c9eaf3f23610c8ae76c8f48f61f1,
alerts_sidecar_20260418T144829Z,2026-04-18T14:48:31Z,2026-04-18T14:48:29Z,2026-04-18T14:30:00Z,2026-04-18T15:00:00Z,live,ok,live_endpoint,,TTC-PULSE/alerts/raw_snapshots/alerts_20260418T144829Z.pb,TTC-PULSE/alerts/raw_snapshots/alerts_20260418T144829Z.pb,6311,7cb5896627b47afe80002d809709a3b4d94bd4d78283036fa8f988f90d793654,
alerts_sidecar_20260418T144829Z,2026-04-18T14:48:31Z,2026-04-18T14:48:29Z,2026-04-18T14:30:00Z,2026-04-18T15:00:00Z,live,ok,live_endpoint,,TTC-PULSE/alerts/raw_snapshots/alerts_20260418T144829Z.pb,TTC-PULSE/alerts/raw_snapshots/alerts_20260418T144829Z.pb,8034,93db0f0b40c60f86314c527dd96dad4f46bb9a5fe388dff425412270dd852a94,
alerts_sidecar_20260418T144859Z,2026-04-18T14:49:00Z,2026-04-18T14:48:59Z,2026-04-18T14:30:00Z,2026-04-18T15:00:00Z,live,ok,live_endpoint,,TTC-PULSE/alerts/raw_snapshots/alerts_20260418T144859Z.pb,TTC-PULSE/alerts/raw_snapshots/alerts_20260418T144859Z.pb,1433,aa373d0f978f797d1a422743bd912774c7a789600f7f68ca713af6e673e87138,
alerts_sidecar_20260418T144859Z,2026-04-18T14:49:01Z,2026-04-18T14:48:59Z,2026-04-18T14:30:00Z,2026-04-18T15:00:00Z,live,ok,live_endpoint,,TTC-PULSE/alerts/raw_snapshots/alerts_20260418T144859Z.pb,TTC-PULSE/alerts/raw_snapshots/alerts_20260418T144859Z.pb,6311,25966f525129ed689360be0ac4a688e782bf85af36806fe37e5e350c7513b659,
alerts_sidecar_20260418T144859Z,2026-04-18T14:49:01Z,2026-04-18T14:48:59Z,2026-04-18T14:30:00Z,2026-04-18T15:00:00Z,live,ok,live_endpoint,,TTC-PULSE/alerts/raw_snapshots/alerts_20260418T144859Z.pb,TTC-PULSE/alerts/raw_snapshots/alerts_20260418T144859Z.pb,8034,c35ba718fb5dff8d897dfb3bca98a9fb9602b66fb880d2091dc23d5c10308553,
alerts_sidecar_20260418T144929Z,2026-04-18T14:49:29Z,2026-04-18T14:49:29Z,2026-04-18T14:30:00Z,2026-04-18T15:00:00Z,live,ok,live_endpoint,,TTC-PULSE/alerts/raw_snapshots/alerts_20260418T144929Z.pb,TTC-PULSE/alerts/raw_snapshots/alerts_20260418T144929Z.pb,1433,a913a52afca8af1300848f9ccc835d190b98ec85889668fcb8709573fdd7f405,
alerts_sidecar_20260418T144929Z,2026-04-18T14:49:30Z,2026-04-18T14:49:29Z,2026-04-18T14:30:00Z,2026-04-18T15:00:00Z,live,ok,live_endpoint,,TTC-PULSE/alerts/raw_snapshots/alerts_20260418T144929Z.pb,TTC-PULSE/alerts/raw_snapshots/alerts_20260418T144929Z.pb,6311,e856a49f256e94775c98d123392e4e604d11298492ce1fceb594f37f20d66f79,
alerts_sidecar_20260418T144929Z,2026-04-18T14:49:30Z,2026-04-18T14:49:29Z,2026-04-18T14:30:00Z,2026-04-18T15:00:00Z,live,ok,live_endpoint,,TTC-PULSE/alerts/raw_snapshots/alerts_20260418T144929Z.pb,TTC-PULSE/alerts/raw_snapshots/alerts_20260418T144929Z.pb,8034,dcd2bdb65adc5366e7e3f7ca37645ea7c13f4a8c777aa4815973f14ee3d636ae,
alerts_sidecar_20260418T144959Z,2026-04-18T14:50:00Z,2026-04-18T14:49:59Z,2026-04-18T14:30:00Z,2026-04-18T15:00:00Z,live,ok,live_endpoint,,TTC-PULSE/alerts/raw_snapshots/alerts_20260418T144959Z.pb,TTC-PULSE/alerts/raw_snapshots/alerts_20260418T144959Z.pb,1433,09e57250a0e79b10ebbeaad9d57f95e9e6f099f15f740f083818eab215065a3a,
alerts_sidecar_20260418T144959Z,2026-04-18T14:50:01Z,2026-04-18T14:49:59Z,2026-04-18T14:30:00Z,2026-04-18T15:00:00Z,live,ok,live_endpoint,,TTC-PULSE/alerts/raw_snapshots/alerts_20260418T144959Z.pb,TTC-PULSE/alerts/raw_snapshots/alerts_20260418T144959Z.pb,6311,fe48ecf3b3ebb807e23624d8ba3f95ec647fbbd9e111920aa494d59ee23e6fc0,
alerts_sidecar_20260418T144959Z,2026-04-18T14:50:01Z,2026-04-18T14:49:59Z,2026-04-18T14:30:00Z,2026-04-18T15:00:00Z,live,ok,live_endpoint,,TTC-PULSE/alerts/raw_snapshots/alerts_20260418T144959Z.pb,TTC-PULSE/alerts/raw_snapshots/alerts_20260418T144959Z.pb,8034,0d5bd37f7d051fe2c3cc793299bb294f8ab223ce364ccdd0dbc49a07245e8ad0,
alerts_sidecar_20260418T145029Z,2026-04-18T14:50:30Z,2026-04-18T14:50:29Z,2026-04-18T14:30:00Z,2026-04-18T15:00:00Z,live,ok,live_endpoint,,TTC-PULSE/alerts/raw_snapshots/alerts_20260418T145029Z.pb,TTC-PULSE/alerts/raw_snapshots/alerts_20260418T145029Z.pb,1433,12bb29028e22a308e2183ef0a58ca9c2f84ed6e5e88332844d2e811a07492120,
alerts_sidecar_20260418T145029Z,2026-04-18T14:50:31Z,2026-04-18T14:50:29Z,2026-04-18T14:30:00Z,2026-04-18T15:00:00Z,live,ok,live_endpoint,,TTC-PULSE/alerts/raw_snapshots/alerts_20260418T145029Z.pb,TTC-PULSE/alerts/raw_snapshots/alerts_20260418T145029Z.pb,6311,1b73cb10d8e1b1e3b7e3ef876846ad42c6147b964a198e4825a0836ef8eee2e5,
alerts_sidecar_20260418T145029Z,2026-04-18T14:50:31Z,2026-04-18T14:50:29Z,2026-04-18T14:30:00Z,2026-04-18T15:00:00Z,live,ok,live_endpoint,,TTC-PULSE/alerts/raw_snapshots/alerts_20260418T145029Z.pb,TTC-PULSE/alerts/raw_snapshots/alerts_20260418T145029Z.pb,8034,be35b1e3679f37b2c933dfbafab00a08428fd5f073633972dbf7b8c610a9a243,
alerts_sidecar_20260418T145059Z,2026-04-18T14:51:01Z,2026-04-18T14:50:59Z,2026-04-18T14:30:00Z,2026-04-18T15:00:00Z,live,ok,live_endpoint,,TTC-PULSE/alerts/raw_snapshots/alerts_20260418T145059Z.pb,TTC-PULSE/alerts/raw_snapshots/alerts_20260418T145059Z.pb,1433,33fe840bd06c5a1892fd9c4b24ec8bd4171b8633fcb687aea36f0fac06e4ce3f,
alerts_sidecar_20260418T145059Z,2026-04-18T14:51:01Z,2026-04-18T14:50:59Z,2026-04-18T14:30:00Z,2026-04-18T15:00:00Z,live,ok,live_endpoint,,TTC-PULSE/alerts/raw_snapshots/alerts_20260418T145059Z.pb,TTC-PULSE/alerts/raw_snapshots/alerts_20260418T145059Z.pb,6311,6f94e0f06d5ef4b7f0888a941f69d49ac530264102a32da2dacb8859cc00561c,
alerts_sidecar_20260418T145059Z,2026-04-18T14:51:01Z,2026-04-18T14:50:59Z,2026-04-18T14:30:00Z,2026-04-18T15:00:00Z,live,ok,live_endpoint,,TTC-PULSE/alerts/raw_snapshots/alerts_20260418T145059Z.pb,TTC-PULSE/alerts/raw_snapshots/alerts_20260418T145059Z.pb,8034,3593cfbfde526fd955b107a06e4ee23d6031cef0c81ffe0da6eb5d3ab48fc97c,
alerts_sidecar_20260418T145129Z,2026-04-18T14:51:30Z,2026-04-18T14:51:29Z,2026-04-18T14:30:00Z,2026-04-18T15:00:00Z,live,ok,live_endpoint,,TTC-PULSE/alerts/raw_snapshots/alerts_20260418T145129Z.pb,TTC-PULSE/alerts/raw_snapshots/alerts_20260418T145129Z.pb,1433,b3965e6d8e3048138cbb26a6c2e6eaae4a0e6ead299630a2cd5dceeaf3080961,
alerts_sidecar_20260418T145129Z,2026-04-18T14:51:31Z,2026-04-18T14:51:29Z,2026-04-18T14:30:00Z,2026-04-18T15:00:00Z,live,ok,live_endpoint,,TTC-PULSE/alerts/raw_snapshots/alerts_20260418T145129Z.pb,TTC-PULSE/alerts/raw_snapshots/alerts_20260418T145129Z.pb,6311,9f7be43a9072ebfb884bdd9209710dae937c729347bbbb773198433cf212e0bc,
alerts_sidecar_20260418T145129Z,2026-04-18T14:51:31Z,2026-04-18T14:51:29Z,2026-04-18T14:30:00Z,2026-04-18T15:00:00Z,live,ok,live_endpoint,,TTC-PULSE/alerts/raw_snapshots/alerts_20260418T145129Z.pb,TTC-PULSE/alerts/raw_snapshots/alerts_20260418T145129Z.pb,8034,36b6e4decf8930e6b93a70d646db7d494624cbbbcff7bed83734e18718730e34,
alerts_sidecar_20260418T145159Z,2026-04-18T14:52:00Z,2026-04-18T14:51:59Z,2026-04-18T14:30:00Z,2026-04-18T15:00:00Z,live,ok,live_endpoint,,TTC-PULSE/alerts/raw_snapshots/alerts_20260418T145159Z.pb,TTC-PULSE/alerts/raw_snapshots/alerts_20260418T145159Z.pb,1433,d3d82010b90c3e36f2cb5f5fd27905b8d972325a2c8c98254a0717a771c666dc,
alerts_sidecar_20260418T145159Z,2026-04-18T14:52:01Z,2026-04-18T14:51:59Z,2026-04-18T14:30:00Z,2026-04-18T15:00:00Z,live,ok,live_endpoint,,TTC-PULSE/alerts/raw_snapshots/alerts_20260418T145159Z.pb,TTC-PULSE/alerts/raw_snapshots/alerts_20260418T145159Z.pb,6311,75141b538f3ff9c3712a320e2f5d71576c7a02279e3efd2066b880d6aa850c6c,
alerts_sidecar_20260418T145159Z,2026-04-18T14:52:01Z,2026-04-18T14:51:59Z,2026-04-18T14:30:00Z,2026-04-18T15:00:00Z,live,ok,live_endpoint,,TTC-PULSE/alerts/raw_snapshots/alerts_20260418T145159Z.pb,TTC-PULSE/alerts/raw_snapshots/alerts_20260418T145159Z.pb,8034,6be80f2753097636a1529b1875ec8a5f390a4b701bbfbb2a459a3f3f9b80802a,
alerts_sidecar_20260418T145229Z,2026-04-18T14:52:29Z,2026-04-18T14:52:29Z,2026-04-18T14:30:00Z,2026-04-18T15:00:00Z,live,ok,live_endpoint,,TTC-PULSE/alerts/raw_snapshots/alerts_20260418T145229Z.pb,TTC-PULSE/alerts/raw_snapshots/alerts_20260418T145229Z.pb,1433,24fc81dc0ffc6aecd00672103831fcc9bb092a73cc585c412e8677b50fb36c07,
alerts_sidecar_20260418T145229Z,2026-04-18T14:52:30Z,2026-04-18T14:52:29Z,2026-04-18T14:30:00Z,2026-04-18T15:00:00Z,live,ok,live_endpoint,,TTC-PULSE/alerts/raw_snapshots/alerts_20260418T145229Z.pb,TTC-PULSE/alerts/raw_snapshots/alerts_20260418T145229Z.pb,6311,22d7920bc2e7150cd57ed803a0c51342a85236f27ee71393de73a38e0c51cb86,
alerts_sidecar_20260418T145229Z,2026-04-18T14:52:30Z,2026-04-18T14:52:29Z,2026-04-18T14:30:00Z,2026-04-18T15:00:00Z,live,ok,live_endpoint,,TTC-PULSE/alerts/raw_snapshots/alerts_20260418T145229Z.pb,TTC-PULSE/alerts/raw_snapshots/alerts_20260418T145229Z.pb,8034,ed30465c1a2177d02016269d9043139e2d35c9ad0ccb99fd77b69018ef84fc84,
alerts_sidecar_20260418T145259Z,2026-04-18T14:53:00Z,2026-04-18T14:52:59Z,2026-04-18T14:30:00Z,2026-04-18T15:00:00Z,live,ok,live_endpoint,,TTC-PULSE/alerts/raw_snapshots/alerts_20260418T145259Z.pb,TTC-PULSE/alerts/raw_snapshots/alerts_20260418T145259Z.pb,1433,e13addcb0f86dcecba58a45e9988a6cf7762221a5ffca2a96fc0e2b25cb5476c,
alerts_sidecar_20260418T145259Z,2026-04-18T14:53:01Z,2026-04-18T14:52:59Z,2026-04-18T14:30:00Z,2026-04-18T15:00:00Z,live,ok,live_endpoint,,TTC-PULSE/alerts/raw_snapshots/alerts_20260418T145259Z.pb,TTC-PULSE/alerts/raw_snapshots/alerts_20260418T145259Z.pb,6311,2c1d6a83c1b8c32df1668d713492a90add3e52f17a797e7526f6b7f89e71c679,
alerts_sidecar_20260418T145259Z,2026-04-18T14:53:01Z,2026-04-18T14:52:59Z,2026-04-18T14:30:00Z,2026-04-18T15:00:00Z,live,ok,live_endpoint,,TTC-PULSE/alerts/raw_snapshots/alerts_20260418T145259Z.pb,TTC-PULSE/alerts/raw_snapshots/alerts_20260418T145259Z.pb,8034,81f7a04966b78afb4e5b9d38fdd1dbd8c1aec08c2b7b4bfecef325688d0d59ba,
alerts_sidecar_20260418T145329Z,2026-04-18T14:53:29Z,2026-04-18T14:53:29Z,2026-04-18T14:30:00Z,2026-04-18T15:00:00Z,live,ok,live_endpoint,,TTC-PULSE/alerts/raw_snapshots/alerts_20260418T145329Z.pb,TTC-PULSE/alerts/raw_snapshots/alerts_20260418T145329Z.pb,1433,085f880fcc27f12dabdf2b793fb37da9180736a211f485bdd0b75a8af3ede446,
alerts_sidecar_20260418T145329Z,2026-04-18T14:53:30Z,2026-04-18T14:53:29Z,2026-04-18T14:30:00Z,2026-04-18T15:00:00Z,live,ok,live_endpoint,,TTC-PULSE/alerts/raw_snapshots/alerts_20260418T145329Z.pb,TTC-PULSE/alerts/raw_snapshots/alerts_20260418T145329Z.pb,6311,06492380c25a5c9711f426e7837cb4903bec702123777d6920d2e40d59edcf2c,
alerts_sidecar_20260418T145329Z,2026-04-18T14:53:30Z,2026-04-18T14:53:29Z,2026-04-18T14:30:00Z,2026-04-18T15:00:00Z,live,ok,live_endpoint,,TTC-PULSE/alerts/raw_snapshots/alerts_20260418T145329Z.pb,TTC-PULSE/alerts/raw_snapshots/alerts_20260418T145329Z.pb,8034,2035bc565b1b003ff427e4b1078780a3de5b5cc684617ca7aba8835f2bc6b3f5,
